Name,Address,Phone,Reviews,Rating,Hours of operations,Link
"Nivitha Fashions","Dollars Colony-Rmv 2nd Stage","07715059892","5.0","1 Ratings","Open until 9:00 pm1 Year in Business","https://www.justdial.com/Bangalore/Nivitha-Fashions-Near-3m-Car-Care-Dollars-Colony-Rmv-2nd-Stage/080PXX80-XX80-220929193033-T1F9_BZDET?ncatid=12091971&area=Amco%20Colony&search=%20Women%20Boutiques%20in%20Amco-Colony,%20Bangalore%20&mncatname=Ladies%20Boutiques",
"Rent N Wear","New RMV Extension 2nd Stage","09327106161","4.8","124 Ratings","Open until 9:30 pm1 Year in Business","https://www.justdial.com/Bangalore/Rent-N-Wear-Chroma-Showroom-RMV-Extension-2nd-Stage/080PXX80-XX80-220720132545-S3E4_BZDET?ncatid=12091971&area=Amco%20Colony&search=%20Women%20Boutiques%20in%20Amco-Colony,%20Bangalore%20&mncatname=Ladies%20Boutiques",
"Gene Bridal Boutiques","RT Nagar Post Rt Nagar","09980773490","4.0","258 Ratings","Open until 7:00 pm13 Years in Business","https://www.justdial.com/Bangalore/Gene-Bridal-Boutiques-Near-Camellia-Clothing-Store-Rt-Nagar/080PXX80-XX80-130417113317-K4J3_BZDET?ncatid=12091971&area=Amco%20Colony&search=%20Women%20Boutiques%20in%20Amco-Colony,%20Bangalore%20&mncatname=Ladies%20Boutiques",
"Premila Cloth Shop","Sultanpalya Main Road Rt Nagar","07619203222","5.0","3 Ratings","Open 24 Hrs7 Years in Business","https://www.justdial.com/jdmart/Bangalore/Premila-Cloth-Shop-Near-Ehaa-Hospital-Rt-Nagar/080PXX80-XX80-201116192511-I5A1_BZDET/catalogue?nid=12091971",
"Aakarshan","Kempapura Hebbal","09036750760","3.8","5 Ratings","Open until 8:00 pm12 Years in Business","https://www.justdial.com/Bangalore/Aakarshan-Behind-Canara-Bank-Hebbal/080PXX80-XX80-120618225347-L1C6_BZDET?ncatid=12091971&area=Amco%20Colony&search=%20Women%20Boutiques%20in%20Amco-Colony,%20Bangalore%20&mncatname=Ladies%20Boutiques",
"Manyavar Vedant Fashions Pvt Ltd","60 Feet Road Sahakara Nagar","08048666003","4.6","946 Ratings","Open until 9:30 pm","https://www.justdial.com/Bangalore/Manyavar-Vedant-Fashions-Pvt-Ltd-Sahakara-Nagar/080PXX80-XX80-190213145739-C4J3_BZDET?ncatid=12091971&area=Amco%20Colony&search=%20Women%20Boutiques%20in%20Amco-Colony,%20Bangalore%20&mncatname=Ladies%20Boutiques",
"Soch","Kodigehalli Road Sahakara Nagar","08041716061","3.9","395 Ratings","Open until 9:30 pm9 Years in Business","https://www.justdial.com/Bangalore/Soch-Near-Canara-Bank-Sahakara-Nagar/080PXX80-XX80-150121105538-P5U6_BZDET?ncatid=12091971&area=Amco%20Colony&search=%20Women%20Boutiques%20in%20Amco-Colony,%20Bangalore%20&mncatname=Ladies%20Boutiques",
"Fashion Tracks Designer Boutique","11 Th Block Rachenahalli","09986297869","5.0","2 Ratings","Open until 8:00 pm2 Years in Business","https://www.justdial.com/Bangalore/Fashion-Tracks-Designer-Boutique-Pinnacle-HeightsPin-Code-560077-Rachenahalli/080PXX80-XX80-211020141910-N9A1_BZDET?ncatid=12091971&area=Amco%20Colony&search=%20Women%20Boutiques%20in%20Amco-Colony,%20Bangalore%20&mncatname=Ladies%20Boutiques",
"Shruthi Designer Boutique","Hotel Side Yelahanka New Town","09590885934","4.5","34 Ratings","Open until 7:00 pm25 Years in Business","https://www.justdial.com/Bangalore/Shruthi-Designer-Boutique-Kottakkal-Hospital-Yelahanka-New-Town/080PXX80-XX80-120709204851-N8U5_BZDET?ncatid=12091971&area=Amco%20Colony&search=%20Women%20Boutiques%20in%20Amco-Colony,%20Bangalore%20&mncatname=Ladies%20Boutiques",
"Chimmi Garments and Saree Palace","3rd Main Road Mathikere","08023601350","4.0","570 Ratings","Open until 9:00 pm35 Years in Business","https://www.justdial.com/Bangalore/Chimmi-Garments-and-Saree-Palace-Near-Mathikere-Bus-Stop-Mathikere/080P5153233_BZDET?ncatid=12091971&area=Amco%20Colony&search=%20Women%20Boutiques%20in%20Amco-Colony,%20Bangalore%20&mncatname=Ladies%20Boutiques",
"Kriya Closet","3rd Cross Rt Nagar","09538040045","4.5","4 Ratings","Open until 8:00 pm","https://www.justdial.com/Bangalore/Kriya-Closet-Near-Balaji-Sweets-Rt-Nagar/080PXX80-XX80-181025120736-Q9Y3_BZDET?ncatid=12091971&area=Amco%20Colony&search=%20Women%20Boutiques%20in%20Amco-Colony,%20Bangalore%20&mncatname=Ladies%20Boutiques",
"Shobha Boutique","Mother Dairy Circle Yelahanka","09805909898","4.7","135 Ratings","Open until 8:00 pm5 Years in Business","https://www.justdial.com/Bangalore/Shobha-Boutique-Kottakkal-Arya-Vaidya-Shala-Yelahanka/080PXX80-XX80-181204135502-V6D3_BZDET?ncatid=12091971&area=Amco%20Colony&search=%20Women%20Boutiques%20in%20Amco-Colony,%20Bangalore%20&mncatname=Ladies%20Boutiques",
"J H Consultancy Services","Church Street Lingarajapuram","09731747471","4.1","68 Ratings","Open until 6:00 pm10 Years in Business","https://www.justdial.com/Bangalore/J-H-Consultancy-Services-Below-Fly-Over-Lingarajapuram/080PXX80-XX80-130613153328-C9T8_BZDET?ncatid=12091971&area=Amco%20Colony&search=%20Women%20Boutiques%20in%20Amco-Colony,%20Bangalore%20&mncatname=Ladies%20Boutiques",
"Shimmer A Fashion Boutique","Road Mahalakshmipuram Layout","09535455816","4.4","15 Ratings","Open until 9:00 pm5 Years in Business","https://www.justdial.com/Bangalore/Shimmer-A-Fashion-Boutique-Near-By-Mahalakshmi-Metro-Station-Mahalakshmipuram-Layout/080PXX80-XX80-180807125941-N7Y2_BZDET?ncatid=12091971&area=Amco%20Colony&search=%20Women%20Boutiques%20in%20Amco-Colony,%20Bangalore%20&mncatname=Ladies%20Boutiques",
"Creative Fabz","Nagar Bus Stop Thanisandra","09900242211","4.5","59 Ratings","Open until 9:30 pm33 Years in Business","https://www.justdial.com/Bangalore/Creative-Fabz-Opposite-Bata-Showroom-Thanisandra/080PXX80-XX80-150309114139-D5S6_BZDET?ncatid=12091971&area=Amco%20Colony&search=%20Women%20Boutiques%20in%20Amco-Colony,%20Bangalore%20&mncatname=Ladies%20Boutiques",
"Amyra The Fashion Studio","1st Stage HBR Layout","07259211563","4.2","81 Ratings","Open until 7:30 pm6 Years in Business","https://www.justdial.com/Bangalore/Amyra-The-Fashion-Studio-Near-BDA-Complex-HBR-Layout/080PXX80-XX80-170818120521-N4M7_BZDET?ncatid=12091971&area=Amco%20Colony&search=%20Women%20Boutiques%20in%20Amco-Colony,%20Bangalore%20&mncatname=Ladies%20Boutiques",
"Nisa Family Shop","Main Road Arabic College","08025487777","4.0","80 Ratings","Open until 10:00 pm9 Years in Business","https://www.justdial.com/Bangalore/Nisa-Family-Shop-Next-to-Khadims-PT-Bus-Stop-Arabic-College/080PXX80-XX80-140611153316-X2H7_BZDET?ncatid=12091971&area=Amco%20Colony&search=%20Women%20Boutiques%20in%20Amco-Colony,%20Bangalore%20&mncatname=Ladies%20Boutiques",
"Shruthi's The Boutique","Sampige Road Malleswaram","09845615841","4.3","30 Ratings","Open until 8:00 pm8 Years in Business","https://www.justdial.com/Bangalore/Shruthis-The-Boutique-Near-The-Higher-Taste-Next-to-Bosch-Showroom-Malleswaram/080PXX80-XX80-130313163404-T9Q2_BZDET?ncatid=12091971&area=Amco%20Colony&search=%20Women%20Boutiques%20in%20Amco-Colony,%20Bangalore%20&mncatname=Ladies%20Boutiques",
"Blouse Well Ladies Tailor","8th Cross Malleswaram","08867563943","4.4","35 Ratings","Open until 9:30 pm15 Years in Business","https://www.justdial.com/Bangalore/Blouse-Well-Ladies-Tailor-Opposite-State-Bank-Of-India-Malleswaram/080PXX80-XX80-120927165602-V2Y3_BZDET?ncatid=12091971&area=Amco%20Colony&search=%20Women%20Boutiques%20in%20Amco-Colony,%20Bangalore%20&mncatname=Ladies%20Boutiques",
"Star Boutique","Plaza 8th Cross Malleswaram","09845587315","4.1","28 Ratings","Open until 8:00 pm12 Years in Business","https://www.justdial.com/Bangalore/Star-Boutique-Basement-Of-Varamahalakshmi-Silks-Malleswaram/080PXX80-XX80-120912234359-I9P4_BZDET?ncatid=12091971&area=Amco%20Colony&search=%20Women%20Boutiques%20in%20Amco-Colony,%20Bangalore%20&mncatname=Ladies%20Boutiques",
"Stylo Boutique","Manthri Square Mall Srirampuram","09036057661","3.9","69 Ratings","Open until 9:00 pm28 Years in Business","https://www.justdial.com/Bangalore/Stylo-Boutique-Behind-Hanuman-Temple-Srirampuram/080PXX80-XX80-191106115839-K8R2_BZDET?ncatid=12091971&area=Amco%20Colony&search=%20Women%20Boutiques%20in%20Amco-Colony,%20Bangalore%20&mncatname=Ladies%20Boutiques",
"Ronak International","28th Cross Kilari Road","08022343646","4.0","193 Ratings","Open until 8:00 pm10 Years in Business","https://www.justdial.com/jdmart/Bangalore/Ronak-International-Near-SBM-Kilari-Road/080PXX80-XX80-140618111429-Y7M2_BZDET/catalogue?nid=12091971",
"Aasvas Designer Studio","24b Basaveshwara Nagar","09900086800","3.9","10 Ratings","Open until 9:00 pm2 Years in Business","https://www.justdial.com/Bangalore/Aasvas-Designer-Studio-Bridge-Basaveshwara-Nagar/080PXX80-XX80-210818140552-U1D7_BZDET?ncatid=12091971&area=Amco%20Colony&search=%20Women%20Boutiques%20in%20Amco-Colony,%20Bangalore%20&mncatname=Ladies%20Boutiques",
"Seema Nanda Antara","Ali Asker Road Cunningham Road","08041721222","4.3","17 Ratings","Open until 7:00 pm18 Years in Business","https://www.justdial.com/Bangalore/Seema-Nanda-Antara-Opposite-Sigma-Mall-Cunningham-Road/080PXX80-XX80-140618133143-T1Y8_BZDET?ncatid=12091971&area=Amco%20Colony&search=%20Women%20Boutiques%20in%20Amco-Colony,%20Bangalore%20&mncatname=Ladies%20Boutiques",
"Silsila Clothing","Quadrant Road Shivaji Nagar","08025326565","3.8","463 Ratings","Open until 10:00 pm33 Years in Business","https://www.justdial.com/Bangalore/Silsila-Clothing-Near-Taj-Hotel-Shivaji-Nagar/080PXX80-XX80-131129145840-E5A9_BZDET?ncatid=12091971&area=Amco%20Colony&search=%20Women%20Boutiques%20in%20Amco-Colony,%20Bangalore%20&mncatname=Ladies%20Boutiques",
"Charmine Chaya Designer Studio Makeup Studio and Salon","T Dasarahalli","08310734322","4.5","72 Ratings","Open until 8:00 pm15 Years in Business","https://www.justdial.com/Bangalore/Charmine-Chaya-Designer-Studio-Makeup-Studio-and-Salon-Near-Poorvika-Showroom-T-Dasarahalli/080PXX80-XX80-200314105006-F2H5_BZDET?ncatid=12091971&area=Amco%20Colony&search=%20Women%20Boutiques%20in%20Amco-Colony,%20Bangalore%20&mncatname=Ladies%20Boutiques",
"Akira Fashion Studio & Boutique","Neharu Main Road Kammanahalli","07888988488","4.9","398 Ratings","Open until 8:30 pm5 Years in Business","https://www.justdial.com/Bangalore/Akira-Fashion-Studio-Boutique-Near-Empire-Hotel-Kammanahalli/080PXX80-XX80-180623211136-F1A7_BZDET?ncatid=12091971&area=Amco%20Colony&search=%20Women%20Boutiques%20in%20Amco-Colony,%20Bangalore%20&mncatname=Ladies%20Boutiques",
"Pusp Kala","No 12 Basaveshwara Nagar","09620181895","4.1","31 Ratings","Open until 8:30 pm10 Years in Business","https://www.justdial.com/Bangalore/Pusp-Kala-Near-Bank-Of-India-Basaveshwara-Nagar/080PXX80-XX80-180224145405-Z7W4_BZDET?ncatid=12091971&area=Amco%20Colony&search=%20Women%20Boutiques%20in%20Amco-Colony,%20Bangalore%20&mncatname=Ladies%20Boutiques",
