Name,Address,Phone,Reviews,Rating,Hours of operations,Link
"Aasvas Designer Studio","24b Basaveshwara Nagar","09900086800","3.9","10 Ratings","Open until 9:00 pm2 Years in Business","https://www.justdial.com/Bangalore/Aasvas-Designer-Studio-Bridge-Basaveshwara-Nagar/080PXX80-XX80-210818140552-U1D7_BZDET?ncatid=12091971&area=Adi%20Narayanappa%20Temple%20Street&search=%20Women%20Boutiques%20in%20Adi-Narayanappa-Temple-Street,%20Bangalore%20&mncatname=Ladies%20Boutiques",
"Blouse Well Ladies Tailor","8th Cross Malleswaram","08867563943","4.4","35 Ratings","Open until 9:30 pm15 Years in Business","https://www.justdial.com/Bangalore/Blouse-Well-Ladies-Tailor-Opposite-State-Bank-Of-India-Malleswaram/080PXX80-XX80-120927165602-V2Y3_BZDET?ncatid=12091971&area=Adi%20Narayanappa%20Temple%20Street&search=%20Women%20Boutiques%20in%20Adi-Narayanappa-Temple-Street,%20Bangalore%20&mncatname=Ladies%20Boutiques",
"Star Boutique","Plaza 8th Cross Malleswaram","09845587315","4.1","28 Ratings","Open until 8:00 pm12 Years in Business","https://www.justdial.com/Bangalore/Star-Boutique-Basement-Of-Varamahalakshmi-Silks-Malleswaram/080PXX80-XX80-120912234359-I9P4_BZDET?ncatid=12091971&area=Adi%20Narayanappa%20Temple%20Street&search=%20Women%20Boutiques%20in%20Adi-Narayanappa-Temple-Street,%20Bangalore%20&mncatname=Ladies%20Boutiques",
"Silsila Clothing","Quadrant Road Shivaji Nagar","08025326565","3.8","463 Ratings","Open until 10:00 pm33 Years in Business","https://www.justdial.com/Bangalore/Silsila-Clothing-Near-Taj-Hotel-Shivaji-Nagar/080PXX80-XX80-131129145840-E5A9_BZDET?ncatid=12091971&area=Adi%20Narayanappa%20Temple%20Street&search=%20Women%20Boutiques%20in%20Adi-Narayanappa-Temple-Street,%20Bangalore%20&mncatname=Ladies%20Boutiques",
"Ronak International","28th Cross Kilari Road","08022343646","4.0","193 Ratings","Open until 8:00 pm10 Years in Business","https://www.justdial.com/jdmart/Bangalore/Ronak-International-Near-SBM-Kilari-Road/080PXX80-XX80-140618111429-Y7M2_BZDET/catalogue?nid=12091971",
"Shruthi's The Boutique","Sampige Road Malleswaram","09845615841","4.3","30 Ratings","Open until 8:00 pm8 Years in Business","https://www.justdial.com/Bangalore/Shruthis-The-Boutique-Near-The-Higher-Taste-Next-to-Bosch-Showroom-Malleswaram/080PXX80-XX80-130313163404-T9Q2_BZDET?ncatid=12091971&area=Adi%20Narayanappa%20Temple%20Street&search=%20Women%20Boutiques%20in%20Adi-Narayanappa-Temple-Street,%20Bangalore%20&mncatname=Ladies%20Boutiques",
"Pobbathi Silks","Bazaar Main Road Basavanagudi","09886636599","4.0","165 Ratings","Open until 8:30 pm44 Years in Business","https://www.justdial.com/Bangalore/Pobbathi-Silks-Opp-to-Rotighar-Restaurant-Basavanagudi/080PNE01524_BZDET?ncatid=12091971&area=Adi%20Narayanappa%20Temple%20Street&search=%20Women%20Boutiques%20in%20Adi-Narayanappa-Temple-Street,%20Bangalore%20&mncatname=Ladies%20Boutiques",
"Pusp Kala","No 12 Basaveshwara Nagar","09620181895","4.1","31 Ratings","Open until 8:30 pm10 Years in Business","https://www.justdial.com/Bangalore/Pusp-Kala-Near-Bank-Of-India-Basaveshwara-Nagar/080PXX80-XX80-180224145405-Z7W4_BZDET?ncatid=12091971&area=Adi%20Narayanappa%20Temple%20Street&search=%20Women%20Boutiques%20in%20Adi-Narayanappa-Temple-Street,%20Bangalore%20&mncatname=Ladies%20Boutiques",
"Spoorthy Fashions","Subbaiah Circle Mission Road","06363696965","4.6","8 Ratings","Open until 6:30 pm23 Years in Business","https://www.justdial.com/Bangalore/Spoorthy-Fashions-Behind-Canara-Bank-Next-to-Phinics-Hospital-Mission-Road/080PXX80-XX80-180407143518-N4R3_BZDET?ncatid=12091971&area=Adi%20Narayanappa%20Temple%20Street&search=%20Women%20Boutiques%20in%20Adi-Narayanappa-Temple-Street,%20Bangalore%20&mncatname=Ladies%20Boutiques",
"SPS Creations & Boutique","31st A Cross Jayanagar 7th Block","09900127477","5.0","2 Ratings","Open until 10:00 pm16 Years in Business","https://www.justdial.com/Bangalore/SPS-Creations-Boutique-Opposite-Rajathadri-Hotel-Jayanagar-7th-Block/080PXX80-XX80-151230114305-Z2Q6_BZDET?ncatid=12091971&area=Adi%20Narayanappa%20Temple%20Street&search=%20Women%20Boutiques%20in%20Adi-Narayanappa-Temple-Street,%20Bangalore%20&mncatname=Ladies%20Boutiques",
"Seema Nanda Antara","Ali Asker Road Cunningham Road","08041721222","4.3","17 Ratings","Open until 7:00 pm18 Years in Business","https://www.justdial.com/Bangalore/Seema-Nanda-Antara-Opposite-Sigma-Mall-Cunningham-Road/080PXX80-XX80-140618133143-T1Y8_BZDET?ncatid=12091971&area=Adi%20Narayanappa%20Temple%20Street&search=%20Women%20Boutiques%20in%20Adi-Narayanappa-Temple-Street,%20Bangalore%20&mncatname=Ladies%20Boutiques",
"Sai Collections","Southend Road Basavanagudi","09886799679","4.3","9 Ratings","Open until 7:00 pm9 Years in Business","https://www.justdial.com/Bangalore/Sai-Collections-Above-Udupi-Grand-Hotel-Basavanagudi/080PXX80-XX80-121103112925-N1H2_BZDET?ncatid=12091971&area=Adi%20Narayanappa%20Temple%20Street&search=%20Women%20Boutiques%20in%20Adi-Narayanappa-Temple-Street,%20Bangalore%20&mncatname=Ladies%20Boutiques",
"Stylo Boutique","Manthri Square Mall Srirampuram","09036057661","3.9","69 Ratings","Open until 9:00 pm28 Years in Business","https://www.justdial.com/Bangalore/Stylo-Boutique-Behind-Hanuman-Temple-Srirampuram/080PXX80-XX80-191106115839-K8R2_BZDET?ncatid=12091971&area=Adi%20Narayanappa%20Temple%20Street&search=%20Women%20Boutiques%20in%20Adi-Narayanappa-Temple-Street,%20Bangalore%20&mncatname=Ladies%20Boutiques",
"Moh Mith","No 321 Commercial Street","09108466668","4.8","6,915 Ratings","Open until 9:00 pm6 Years in Business","https://www.justdial.com/Bangalore/Moh-Mith-Near-Shiv-Sager-Commercial-Street/080PXX80-XX80-170606012106-D5Y4_BZDET?ncatid=12091971&area=Adi%20Narayanappa%20Temple%20Street&search=%20Women%20Boutiques%20in%20Adi-Narayanappa-Temple-Street,%20Bangalore%20&mncatname=Ladies%20Boutiques",
"Vibbhinna","Main Road Jayanagar 3rd Block","09663311799","4.3","226 Ratings","Open until 8:00 pm9 Years in Business","https://www.justdial.com/Bangalore/Vibbhinna-Opposite-Bhavani-Kangan-Store-Jayanagar-3rd-Block/080PXX80-XX80-180220154443-M5V8_BZDET?ncatid=12091971&area=Adi%20Narayanappa%20Temple%20Street&search=%20Women%20Boutiques%20in%20Adi-Narayanappa-Temple-Street,%20Bangalore%20&mncatname=Ladies%20Boutiques",
"Premila Cloth Shop","Sultanpalya Main Road Rt Nagar","07619203222","5.0","3 Ratings","Open 24 Hrs7 Years in Business","https://www.justdial.com/jdmart/Bangalore/Premila-Cloth-Shop-Near-Ehaa-Hospital-Rt-Nagar/080PXX80-XX80-201116192511-I5A1_BZDET/catalogue?nid=12091971",
"J H Consultancy Services","Church Street Lingarajapuram","08431499087","4.1","68 Ratings","Open until 6:00 pm10 Years in Business","https://www.justdial.com/Bangalore/J-H-Consultancy-Services-Below-Fly-Over-Lingarajapuram/080PXX80-XX80-130613153328-C9T8_BZDET?ncatid=12091971&area=Adi%20Narayanappa%20Temple%20Street&search=%20Women%20Boutiques%20in%20Adi-Narayanappa-Temple-Street,%20Bangalore%20&mncatname=Ladies%20Boutiques",
"Shimmer A Fashion Boutique","Road Mahalakshmipuram Layout","09535455816","4.4","15 Ratings","Open until 9:00 pm5 Years in Business","https://www.justdial.com/Bangalore/Shimmer-A-Fashion-Boutique-Near-By-Mahalakshmi-Metro-Station-Mahalakshmipuram-Layout/080PXX80-XX80-180807125941-N7Y2_BZDET?ncatid=12091971&area=Adi%20Narayanappa%20Temple%20Street&search=%20Women%20Boutiques%20in%20Adi-Narayanappa-Temple-Street,%20Bangalore%20&mncatname=Ladies%20Boutiques",
"Atelier Aphrodite By Nags","2nd Stage Indiranagar","09845224666","4.9","5 Ratings","Open until 7:30 pm14 Years in Business","https://www.justdial.com/Bangalore/Atelier-Aphrodite-By-Nags-Near-Esi-Hospital-Indiranagar/080PXX80-XX80-221209140835-Z7J3_BZDET?ncatid=12091971&area=Adi%20Narayanappa%20Temple%20Street&search=%20Women%20Boutiques%20in%20Adi-Narayanappa-Temple-Street,%20Bangalore%20&mncatname=Ladies%20Boutiques",
"Style Diva","3rd Cross Jp Nagar 2nd Phase","09742782429","3.9","43 Ratings","Open until 7:30 pm15 Years in Business","https://www.justdial.com/Bangalore/Style-Diva-Behind-Shanti-Sagar-Hotel-Jp-Nagar-2nd-Phase/080PXX80-XX80-121217184305-Q7C2_BZDET?ncatid=12091971&area=Adi%20Narayanappa%20Temple%20Street&search=%20Women%20Boutiques%20in%20Adi-Narayanappa-Temple-Street,%20Bangalore%20&mncatname=Ladies%20Boutiques",
"Rent N Wear","New RMV Extension 2nd Stage","09327106161","4.8","124 Ratings","Open until 9:30 pm1 Year in Business","https://www.justdial.com/Bangalore/Rent-N-Wear-Chroma-Showroom-RMV-Extension-2nd-Stage/080PXX80-XX80-220720132545-S3E4_BZDET?ncatid=12091971&area=Adi%20Narayanappa%20Temple%20Street&search=%20Women%20Boutiques%20in%20Adi-Narayanappa-Temple-Street,%20Bangalore%20&mncatname=Ladies%20Boutiques",
"Chimmi Garments and Saree Palace","3rd Main Road Mathikere","08023601350","4.0","570 Ratings","Open until 9:00 pm35 Years in Business","https://www.justdial.com/Bangalore/Chimmi-Garments-and-Saree-Palace-Near-Mathikere-Bus-Stop-Mathikere/080P5153233_BZDET?ncatid=12091971&area=Adi%20Narayanappa%20Temple%20Street&search=%20Women%20Boutiques%20in%20Adi-Narayanappa-Temple-Street,%20Bangalore%20&mncatname=Ladies%20Boutiques",
"New Fashion Ladies Tailors","3rd Main Padmanabhanagar","08618608099","3.7","5 Ratings","Open until 9:00 pm17 Years in Business","https://www.justdial.com/Bangalore/New-Fashion-Ladies-Tailors-Near-Devegowda-House-Padmanabhanagar/080PXX80-XX80-110120132613-J7T8_BZDET?ncatid=12091971&area=Adi%20Narayanappa%20Temple%20Street&search=%20Women%20Boutiques%20in%20Adi-Narayanappa-Temple-Street,%20Bangalore%20&mncatname=Ladies%20Boutiques",
"Nisa Family Shop","Main Road Arabic College","08025487777","4.0","80 Ratings","Open until 10:00 pm9 Years in Business","https://www.justdial.com/Bangalore/Nisa-Family-Shop-Next-to-Khadims-PT-Bus-Stop-Arabic-College/080PXX80-XX80-140611153316-X2H7_BZDET?ncatid=12091971&area=Adi%20Narayanappa%20Temple%20Street&search=%20Women%20Boutiques%20in%20Adi-Narayanappa-Temple-Street,%20Bangalore%20&mncatname=Ladies%20Boutiques",
"Nidhi Fashions","Chandra Layout Nagarbhavi","09663724626","4.4","63 Ratings","Open until 8:30 pm20 Years in Business","https://www.justdial.com/Bangalore/Nidhi-Fashions-Near-Indian-Oil-Petrol-Bunk-Nagarbhavi/080P1228198033N9Y1L8_BZDET?ncatid=12091971&area=Adi%20Narayanappa%20Temple%20Street&search=%20Women%20Boutiques%20in%20Adi-Narayanappa-Temple-Street,%20Bangalore%20&mncatname=Ladies%20Boutiques",
"Nivitha Fashions","Dollars Colony-Rmv 2nd Stage","07715059892","5.0","1 Ratings","Open until 9:00 pm1 Year in Business","https://www.justdial.com/Bangalore/Nivitha-Fashions-Near-3m-Car-Care-Dollars-Colony-Rmv-2nd-Stage/080PXX80-XX80-220929193033-T1F9_BZDET?ncatid=12091971&area=Adi%20Narayanappa%20Temple%20Street&search=%20Women%20Boutiques%20in%20Adi-Narayanappa-Temple-Street,%20Bangalore%20&mncatname=Ladies%20Boutiques",
"SHA FASHIONS","1st E Main Koramangala 8th Block","09535043471","4.7","51 Ratings","Open until 8:00 pm8 Years in Business","https://www.justdial.com/Bangalore/SHA-FASHIONS-Near-DRBRAmbedkar-Park-Koramangala-8th-Block/080PXX80-XX80-190430131119-G7N7_BZDET?ncatid=12091971&area=Adi%20Narayanappa%20Temple%20Street&search=%20Women%20Boutiques%20in%20Adi-Narayanappa-Temple-Street,%20Bangalore%20&mncatname=Ladies%20Boutiques",
"Mayeeka","Main Road Jayanagar 5th Block","08041933882","4.2","455 Ratings","Open until 9:00 pm6 Years in Business","https://www.justdial.com/Bangalore/Mayeeka-Next-to-A2B-Restaurant-Jayanagar-5th-Block/080PXX80-XX80-180204023503-T1B8_BZDET?ncatid=12091971&area=Adi%20Narayanappa%20Temple%20Street&search=%20Women%20Boutiques%20in%20Adi-Narayanappa-Temple-Street,%20Bangalore%20&mncatname=Ladies%20Boutiques",
"RSG By Rupa","KHB Colony Koramangala 8th Block","08065702971","4.7","62 Ratings","Open until 8:30 pm12 Years in Business","https://www.justdial.com/Bangalore/RSG-By-Rupa-Near-Dyu-Art-Cafe-Koramangala-8th-Block/080PXX80-XX80-110307121436-M5E8_BZDET?ncatid=12091971&area=Adi%20Narayanappa%20Temple%20Street&search=%20Women%20Boutiques%20in%20Adi-Narayanappa-Temple-Street,%20Bangalore%20&mncatname=Ladies%20Boutiques",
"Kriya Closet","3rd Cross Rt Nagar","09538040045","4.5","4 Ratings","Open until 8:00 pm","https://www.justdial.com/Bangalore/Kriya-Closet-Near-Balaji-Sweets-Rt-Nagar/080PXX80-XX80-181025120736-Q9Y3_BZDET?ncatid=12091971&area=Adi%20Narayanappa%20Temple%20Street&search=%20Women%20Boutiques%20in%20Adi-Narayanappa-Temple-Street,%20Bangalore%20&mncatname=Ladies%20Boutiques",
"Nakoda Designer Boutique","4th Cross Madiwala","09886115721","4.3","20 Ratings","Open until 8:00 pm9 Years in Business","https://www.justdial.com/Bangalore/Nakoda-Designer-Boutique-Next-to-Shanti-Sagar-Madiwala/080PXX80-XX80-150929121440-J6A1_BZDET?ncatid=12091971&area=Adi%20Narayanappa%20Temple%20Street&search=%20Women%20Boutiques%20in%20Adi-Narayanappa-Temple-Street,%20Bangalore%20&mncatname=Ladies%20Boutiques",
"Siri Designer Boutique","2nd Cross BTM Layout 2nd Stage","09980438140","3.4","8 Ratings","Open until 8:00 pm8 Years in Business","https://www.justdial.com/Bangalore/Siri-Designer-Boutique-Jaydeva-Signal-BTM-Layout-2nd-Stage/080PXX80-XX80-170623131146-Z2B1_BZDET?ncatid=12091971&area=Adi%20Narayanappa%20Temple%20Street&search=%20Women%20Boutiques%20in%20Adi-Narayanappa-Temple-Street,%20Bangalore%20&mncatname=Ladies%20Boutiques",
"The Label Redefining Womens Wear","27th Main Hsr Layout Sector 1","07829311369","4.0","99 Ratings","Open until 8:00 pm14 Years in Business","https://www.justdial.com/Bangalore/The-Label-Redefining-Womens-Wear-Near-Titan-Eye-Hsr-Layout-Sector-1/080PXX80-XX80-120417181648-M2T1_BZDET?ncatid=12091971&area=Adi%20Narayanappa%20Temple%20Street&search=%20Women%20Boutiques%20in%20Adi-Narayanappa-Temple-Street,%20Bangalore%20&mncatname=Ladies%20Boutiques",
"Gene Bridal Boutiques","RT Nagar Post Rt Nagar","09980773490","4.0","258 Ratings","Open until 7:00 pm13 Years in Business","https://www.justdial.com/Bangalore/Gene-Bridal-Boutiques-Near-Camellia-Clothing-Store-Rt-Nagar/080PXX80-XX80-130417113317-K4J3_BZDET?ncatid=12091971&area=Adi%20Narayanappa%20Temple%20Street&search=%20Women%20Boutiques%20in%20Adi-Narayanappa-Temple-Street,%20Bangalore%20&mncatname=Ladies%20Boutiques",
"Yukba Designer Studio","Main Road Bannerghatta Road","08040976391","4.2","86 Ratings","Open until 9:00 pm5 Years in Business","https://www.justdial.com/Bangalore/Yukba-Designer-Studio-Opp-to-Vijaya-Bank-Arekere-Bannerghatta-Road/080PXX80-XX80-180404112023-D1C7_BZDET?ncatid=12091971&area=Adi%20Narayanappa%20Temple%20Street&search=%20Women%20Boutiques%20in%20Adi-Narayanappa-Temple-Street,%20Bangalore%20&mncatname=Ladies%20Boutiques",
"Amyra The Fashion Studio","1st Stage HBR Layout","07259211563","4.2","81 Ratings","Open until 7:30 pm6 Years in Business","https://www.justdial.com/Bangalore/Amyra-The-Fashion-Studio-Near-BDA-Complex-HBR-Layout/080PXX80-XX80-170818120521-N4M7_BZDET?ncatid=12091971&area=Adi%20Narayanappa%20Temple%20Street&search=%20Women%20Boutiques%20in%20Adi-Narayanappa-Temple-Street,%20Bangalore%20&mncatname=Ladies%20Boutiques",
"Aadiquipo Designer Studio","Rajarajeshwari Nagar","07892629425","4.7","112 Ratings","Open until 8:30 pm7 Years in Business","https://www.justdial.com/Bangalore/Aadiquipo-Designer-Studio-Near-Mantri-Alpyne-Appartment-Rajarajeshwari-Nagar/080PXX80-XX80-190604132013-S2M9_BZDET?ncatid=12091971&area=Adi%20Narayanappa%20Temple%20Street&search=%20Women%20Boutiques%20in%20Adi-Narayanappa-Temple-Street,%20Bangalore%20&mncatname=Ladies%20Boutiques",
"Sampradaya Womens Couture","CMH Road Indira Nagar 1st Stage","09019574477","4.7","264 Ratings","Open until 8:30 pm8 Years in Business","https://www.justdial.com/Bangalore/Sampradaya-Womens-Couture-Above-Fabric-Spa-Indira-Nagar-1st-Stage/080PXX80-XX80-190314185704-J2H6_BZDET?ncatid=12091971&area=Adi%20Narayanappa%20Temple%20Street&search=%20Women%20Boutiques%20in%20Adi-Narayanappa-Temple-Street,%20Bangalore%20&mncatname=Ladies%20Boutiques",
"My Designer","4th Stage Rajarajeshwari Nagar","09611634966","4.5","16 Ratings","Open until 8:00 pm11 Years in Business","https://www.justdial.com/Bangalore/My-Designer-Behind-HDFC-Bank-and-Near-Double-Road-Rajarajeshwari-Nagar/080PXX80-XX80-130519112730-F6N3_BZDET?ncatid=12091971&area=Adi%20Narayanappa%20Temple%20Street&search=%20Women%20Boutiques%20in%20Adi-Narayanappa-Temple-Street,%20Bangalore%20&mncatname=Ladies%20Boutiques",
"Aakarshan","Kempapura Hebbal","09036750760","3.8","5 Ratings","Open until 8:00 pm12 Years in Business","https://www.justdial.com/Bangalore/Aakarshan-Behind-Canara-Bank-Hebbal/080PXX80-XX80-120618225347-L1C6_BZDET?ncatid=12091971&area=Adi%20Narayanappa%20Temple%20Street&search=%20Women%20Boutiques%20in%20Adi-Narayanappa-Temple-Street,%20Bangalore%20&mncatname=Ladies%20Boutiques",
"Fascilo Designer Boutique","Isro Layout Kumaraswamy Layout","09880442122","3.5","2 Ratings","Open until 7:30 pm10 Years in Business","https://www.justdial.com/Bangalore/Fascilo-Designer-Boutique-Near-Isro-Layout-Bus-Stop-Kumaraswamy-Layout/080PXX80-XX80-140716100122-T3Z2_BZDET?ncatid=12091971&area=Adi%20Narayanappa%20Temple%20Street&search=%20Women%20Boutiques%20in%20Adi-Narayanappa-Temple-Street,%20Bangalore%20&mncatname=Ladies%20Boutiques",
"Shreem Creates Studio","Main Road Uttarahalli","09164643127","5.0","3 Ratings","Open until 8:30 pm29 Years in Business","https://www.justdial.com/Bangalore/Shreem-Creates-Studio-Near-NICE-Road-Uttarahalli/080PXX80-XX80-101118153606-V6D1_BZDET?ncatid=12091971&area=Adi%20Narayanappa%20Temple%20Street&search=%20Women%20Boutiques%20in%20Adi-Narayanappa-Temple-Street,%20Bangalore%20&mncatname=Ladies%20Boutiques",
"Shrusti Creation","Dinne Jp Nagar 7th Phase","09620009438","3.7","50 Ratings","Open until 9:00 pm24 Years in Business","https://www.justdial.com/Bangalore/Shrusti-Creation-Opp-to-Podar-Jumbo-Kids-and-Next-to-Big-Bazaar-Jp-Nagar-7th-Phase/080PXX80-XX80-140430120546-K1Y8_BZDET?ncatid=12091971&area=Adi%20Narayanappa%20Temple%20Street&search=%20Women%20Boutiques%20in%20Adi-Narayanappa-Temple-Street,%20Bangalore%20&mncatname=Ladies%20Boutiques",
"Jayashree Boutique","Layout Rajarajeshwari Nagar","09535043325","4.7","5 Ratings","Open until 9:30 pm9 Years in Business","https://www.justdial.com/Bangalore/Jayashree-Boutique-Jnakshi-School-Near-Rajarajeshwari-Nagar/080PXX80-XX80-160317183534-B4R8_BZDET?ncatid=12091971&area=Adi%20Narayanappa%20Temple%20Street&search=%20Women%20Boutiques%20in%20Adi-Narayanappa-Temple-Street,%20Bangalore%20&mncatname=Ladies%20Boutiques",
"Sri Sharda Design Studio","Doddakallasandra","08553140101","4.8","96 Ratings","Open until 9:00 pm5 Years in Business","https://www.justdial.com/Bangalore/Sri-Sharda-Design-Studio-Gokulam-Apartment-Doddakallasandra/080PXX80-XX80-180728143007-M1V8_BZDET?ncatid=12091971&area=Adi%20Narayanappa%20Temple%20Street&search=%20Women%20Boutiques%20in%20Adi-Narayanappa-Temple-Street,%20Bangalore%20&mncatname=Ladies%20Boutiques",
"Akira Fashion Studio & Boutique","Neharu Main Road Kammanahalli","07888988488","4.9","398 Ratings","Open until 8:30 pm5 Years in Business","https://www.justdial.com/Bangalore/Akira-Fashion-Studio-Boutique-Near-Empire-Hotel-Kammanahalli/080PXX80-XX80-180623211136-F1A7_BZDET?ncatid=12091971&area=Adi%20Narayanappa%20Temple%20Street&search=%20Women%20Boutiques%20in%20Adi-Narayanappa-Temple-Street,%20Bangalore%20&mncatname=Ladies%20Boutiques",
"Fashion Tracks Designer Boutique","11 Th Block Rachenahalli","09986297869","5.0","2 Ratings","Open until 8:00 pm2 Years in Business","https://www.justdial.com/Bangalore/Fashion-Tracks-Designer-Boutique-Pinnacle-HeightsPin-Code-560077-Rachenahalli/080PXX80-XX80-211020141910-N9A1_BZDET?ncatid=12091971&area=Adi%20Narayanappa%20Temple%20Street&search=%20Women%20Boutiques%20in%20Adi-Narayanappa-Temple-Street,%20Bangalore%20&mncatname=Ladies%20Boutiques",
"Creative Fabz","Nagar Bus Stop Thanisandra","09900242211","4.5","59 Ratings","Open until 9:30 pm33 Years in Business","https://www.justdial.com/Bangalore/Creative-Fabz-Opposite-Bata-Showroom-Thanisandra/080PXX80-XX80-150309114139-D5S6_BZDET?ncatid=12091971&area=Adi%20Narayanappa%20Temple%20Street&search=%20Women%20Boutiques%20in%20Adi-Narayanappa-Temple-Street,%20Bangalore%20&mncatname=Ladies%20Boutiques",
"Khushbu Fancy Tailoring","# 33 5th Cross Yemlur","07619561995","3.5","2 Ratings","Open 24 Hrs7 Years in Business","https://www.justdial.com/Bangalore/Khushbu-Fancy-Tailoring-Maduramma-Temple-Yemlur/080PXX80-XX80-230106185635-W2P1_BZDET?ncatid=12091971&area=Adi%20Narayanappa%20Temple%20Street&search=%20Women%20Boutiques%20in%20Adi-Narayanappa-Temple-Street,%20Bangalore%20&mncatname=Ladies%20Boutiques",
"Megha Boutique","22nd Main HSR Layout","08904700145","4.3","2 Ratings","Open until 9:30 pm10 Years in Business","https://www.justdial.com/Bangalore/Megha-Boutique-Near-Medical-Shop-HSR-Layout/080PXX80-XX80-151229121008-K3Y9_BZDET?ncatid=12091971&area=Adi%20Narayanappa%20Temple%20Street&search=%20Women%20Boutiques%20in%20Adi-Narayanappa-Temple-Street,%20Bangalore%20&mncatname=Ladies%20Boutiques",
"Charu Creation Designers Boutique","C V Raman Nagar","09008095984","4.4","390 Ratings","Open until 8:30 pm14 Years in Business","https://www.justdial.com/Bangalore/Charu-Creation-Designers-Boutique-Near-Sct-Engineering-College-C-V-Raman-Nagar/080P1237870319J4C7G6_BZDET?ncatid=12091971&area=Adi%20Narayanappa%20Temple%20Street&search=%20Women%20Boutiques%20in%20Adi-Narayanappa-Temple-Street,%20Bangalore%20&mncatname=Ladies%20Boutiques",
"Buzzzest","Novel Tech Park Kudulu Gate","09900007879","5.0","3 Ratings","Open until 7:00 pm1 Year in Business","https://www.justdial.com/Bangalore/Buzzzest-Kudulu-Gate/080PXX80-XX80-230120132516-Y1J9_BZDET?ncatid=12091971&area=Adi%20Narayanappa%20Temple%20Street&search=%20Women%20Boutiques%20in%20Adi-Narayanappa-Temple-Street,%20Bangalore%20&mncatname=Ladies%20Boutiques",
"Bridgit Fashion Tailors","Shop No 6 Vignana Nagar","09880431310","4.9","35 Ratings","Open until 7:30 pm4 Years in Business","https://www.justdial.com/Bangalore/Bridgit-Fashion-Tailors-Opp-Federal-Bank-Vignana-Nagar/080PXX80-XX80-190328152559-G7N5_BZDET?ncatid=12091971&area=Adi%20Narayanappa%20Temple%20Street&search=%20Women%20Boutiques%20in%20Adi-Narayanappa-Temple-Street,%20Bangalore%20&mncatname=Ladies%20Boutiques",
"Charmine Chaya Designer Studio Makeup Studio and Salon","T Dasarahalli","08310734322","4.5","72 Ratings","Open until 8:00 pm15 Years in Business","https://www.justdial.com/Bangalore/Charmine-Chaya-Designer-Studio-Makeup-Studio-and-Salon-Near-Poorvika-Showroom-T-Dasarahalli/080PXX80-XX80-200314105006-F2H5_BZDET?ncatid=12091971&area=Adi%20Narayanappa%20Temple%20Street&search=%20Women%20Boutiques%20in%20Adi-Narayanappa-Temple-Street,%20Bangalore%20&mncatname=Ladies%20Boutiques",
"Safura Embroidery Designers","Palya Main Road Ramamurthy Nagar","07338224657","4.2","22 Ratings","Open until 8:30 pm11 Years in Business","https://www.justdial.com/Bangalore/Safura-Embroidery-Designers-Near-R-K-ApartmentOpp-The-Family-Doctor-Hospital-Ramamurthy-Nagar/080PXX80-XX80-131121150415-R3P6_BZDET?ncatid=12091971&area=Adi%20Narayanappa%20Temple%20Street&search=%20Women%20Boutiques%20in%20Adi-Narayanappa-Temple-Street,%20Bangalore%20&mncatname=Ladies%20Boutiques",
"Bombay Textile and Tailors Raymondsuiting Shirtings and Silk Sarees","Main Road Krishnarajapuram","09986561696","4.0","109 Ratings","Open until 10:00 pm31 Years in Business","https://www.justdial.com/Bangalore/Bombay-Textile-and-Tailors-Raymondsuiting-Shirtings-and-Silk-Sarees-Bombay-Tailors-Ramurthi-Nagar-Krishnarajapuram/080PXX80-XX80-110522131606-Q1S8_BZDET?ncatid=12091971&area=Adi%20Narayanappa%20Temple%20Street&search=%20Women%20Boutiques%20in%20Adi-Narayanappa-Temple-Street,%20Bangalore%20&mncatname=Ladies%20Boutiques",
"Kasturi The Designer Boutique","1st Main Kasturi Nagar","06366066712","4.2","91 Ratings","Open until 8:30 pm11 Years in Business","https://www.justdial.com/Bangalore/Kasturi-The-Designer-Boutique-Next-to-Limra-Car-Zone-Kasturi-Nagar/080PXX80-XX80-130927162828-Y2G6_BZDET?ncatid=12091971&area=Adi%20Narayanappa%20Temple%20Street&search=%20Women%20Boutiques%20in%20Adi-Narayanappa-Temple-Street,%20Bangalore%20&mncatname=Ladies%20Boutiques",
"Savys Boutique","25th Cross Kaggadasapura Road","07795766790","4.4","712 Ratings","Open until 9:00 pm9 Years in Business","https://www.justdial.com/Bangalore/Savys-Boutique-Near-Hemagiri-Apartments-Kaggadasapura-Road/080PXX80-XX80-140801125416-J1C4_BZDET?ncatid=12091971&area=Adi%20Narayanappa%20Temple%20Street&search=%20Women%20Boutiques%20in%20Adi-Narayanappa-Temple-Street,%20Bangalore%20&mncatname=Ladies%20Boutiques",
"Bespoke Designer","Marathahalli","09449349667","4.2","32 Ratings","Open until 8:00 pm13 Years in Business","https://www.justdial.com/Bangalore/Bespoke-Designer-Near-Kalamandir-Marathahalli/080PXX80-XX80-190205121250-P1T7_BZDET?ncatid=12091971&area=Adi%20Narayanappa%20Temple%20Street&search=%20Women%20Boutiques%20in%20Adi-Narayanappa-Temple-Street,%20Bangalore%20&mncatname=Ladies%20Boutiques",
"Shruthi Designer Boutique","Hotel Side Yelahanka New Town","09590885934","4.5","34 Ratings","Open until 7:00 pm25 Years in Business","https://www.justdial.com/Bangalore/Shruthi-Designer-Boutique-Kottakkal-Hospital-Yelahanka-New-Town/080PXX80-XX80-120709204851-N8U5_BZDET?ncatid=12091971&area=Adi%20Narayanappa%20Temple%20Street&search=%20Women%20Boutiques%20in%20Adi-Narayanappa-Temple-Street,%20Bangalore%20&mncatname=Ladies%20Boutiques",
"Manju Fashions","C T Street Marathahalli","09845123951","3.9","75 Ratings","Open until 9:30 pm31 Years in Business","https://www.justdial.com/Bangalore/Manju-Fashions-Next-to-Chowdeswari-Temple-Marathahalli/080PXX80-XX80-121003135833-Z3Y8_BZDET?ncatid=12091971&area=Adi%20Narayanappa%20Temple%20Street&search=%20Women%20Boutiques%20in%20Adi-Narayanappa-Temple-Street,%20Bangalore%20&mncatname=Ladies%20Boutiques",
"Shobha Boutique","Mother Dairy Circle Yelahanka","09805909898","4.7","135 Ratings","Open until 8:00 pm5 Years in Business","https://www.justdial.com/Bangalore/Shobha-Boutique-Kottakkal-Arya-Vaidya-Shala-Yelahanka/080PXX80-XX80-181204135502-V6D3_BZDET?ncatid=12091971&area=Adi%20Narayanappa%20Temple%20Street&search=%20Women%20Boutiques%20in%20Adi-Narayanappa-Temple-Street,%20Bangalore%20&mncatname=Ladies%20Boutiques",
"Blossom Boutique","Road Electronic City Phase 1","08971145432","3.5","11 Ratings","Open until 9:00 pm","https://www.justdial.com/Bangalore/Blossom-Boutique-Near-Fire-Station-Electronic-City-Phase-1/080PXX80-XX80-180831135655-W7G9_BZDET?ncatid=12091971&area=Adi%20Narayanappa%20Temple%20Street&search=%20Women%20Boutiques%20in%20Adi-Narayanappa-Temple-Street,%20Bangalore%20&mncatname=Ladies%20Boutiques",
"Senon Boutique","Belthur Main Road Kadugodi","07349186444","4.0","151 Ratings","Open until 7:30 pm6 Years in Business","https://www.justdial.com/Bangalore/Senon-Boutique-Near-LJ-Iyengar-Bakery-Kadugodi/080PXX80-XX80-170619115952-C8N2_BZDET?ncatid=12091971&area=Adi%20Narayanappa%20Temple%20Street&search=%20Women%20Boutiques%20in%20Adi-Narayanappa-Temple-Street,%20Bangalore%20&mncatname=Ladies%20Boutiques",
"Rose Petals Boutique","Immadihalli Main Road Whitefield","08970340460","4.5","490 Ratings","Open until 8:00 pm9 Years in Business","https://www.justdial.com/Bangalore/Rose-Petals-Boutique-Near-Chikkanjeneya-Temple-Canara-Bank-ATM-Udupi-Veg-Hotel-Cauvery-Bakery-Whitefield/080PXX80-XX80-151012121435-S2Y4_BZDET?ncatid=12091971&area=Adi%20Narayanappa%20Temple%20Street&search=%20Women%20Boutiques%20in%20Adi-Narayanappa-Temple-Street,%20Bangalore%20&mncatname=Ladies%20Boutiques",
"Sumedha Fashion Studio","Police Layout Bommasandra","09731590547","4.9","5 Ratings","Open until 8:00 pm7 Years in Business","https://www.justdial.com/Bangalore/Sumedha-Fashion-Studio-Near-State-Bank-Of-India-Bommasandra/080PXX80-XX80-180412193357-A4R6_BZDET?ncatid=12091971&area=Adi%20Narayanappa%20Temple%20Street&search=%20Women%20Boutiques%20in%20Adi-Narayanappa-Temple-Street,%20Bangalore%20&mncatname=Ladies%20Boutiques",
"Dress Code Clothing Pvt Ltd","Kota-rajasthan","08406044444","4.5","99 Ratings","Open until 7:30 pm","https://www.justdial.com/Kota-rajasthan/Dress-Code-Clothing-Pvt-Ltd/9999PX744-X744-190925182757-L4B1_BZDET?ncatid=12091971&area=Adi%20Narayanappa%20Temple%20Street&search=%20Women%20Boutiques%20in%20Adi-Narayanappa-Temple-Street,%20Bangalore%20&mncatname=Ladies%20Boutiques",
"Kurthi House","Otipet Chickpete","08022343024","4.5","1 Ratings","Open until 8:30 pm6 Years in Business","https://www.justdial.com/Bangalore/Kurthi-House-Its-Near-Lal-Building-Chickpete/080PXX80-XX80-180511161647-K7W2_BZDET?ncatid=12091971&area=Adi%20Narayanappa%20Temple%20Street&search=%20Women%20Boutiques%20in%20Adi-Narayanappa-Temple-Street,%20Bangalore%20&mncatname=Ladies%20Boutiques",
"Lucky Hi Fashions","Chickpaat Cross Bvk Iyengar Road","09964310495","4.3","279 Ratings","Open until 9:00 pm14 Years in Business","https://www.justdial.com/Bangalore/Lucky-Hi-Fashions-Near-Krishna-Market-Bvk-Iyengar-Road/080PXX80-XX80-160303204527-X6K6_BZDET?ncatid=12091971&area=Adi%20Narayanappa%20Temple%20Street&search=%20Women%20Boutiques%20in%20Adi-Narayanappa-Temple-Street,%20Bangalore%20&mncatname=Ladies%20Boutiques",
"Bandhan Boutique","Huriopet-chickpete","08050102929","4.0","41 Ratings","Open until 9:00 pm6 Years in Business","https://www.justdial.com/Bangalore/Bandhan-Boutique-Near-Airavat-Creation-Huriopet-chickpete/080PXX80-XX80-181203161156-D7A8_BZDET?ncatid=12091971&area=Adi%20Narayanappa%20Temple%20Street&search=%20Women%20Boutiques%20in%20Adi-Narayanappa-Temple-Street,%20Bangalore%20&mncatname=Ladies%20Boutiques",
"Kumkuma Matching Centre","","07411695228","4.3","3 Ratings","Open until 8:30 pm","https://www.justdial.com/Bangalore/Kumkuma-Matching-Centre/080PXX80-XX80-170518140435-Q7H1_BZDET?ncatid=12091971&area=Adi%20Narayanappa%20Temple%20Street&search=%20Women%20Boutiques%20in%20Adi-Narayanappa-Temple-Street,%20Bangalore%20&mncatname=Ladies%20Boutiques",
"Pragati Fashions","Chickpete","08022343632","5.0","1 Ratings","Open 24 Hrs","https://www.justdial.com/Bangalore/Pragati-Fashions-OPP-TO-SUDSHARSHAN-JEWWERLY-Chickpete/080PXX80-XX80-180201195423-G9A8_BZDET?ncatid=12091971&area=Adi%20Narayanappa%20Temple%20Street&search=%20Women%20Boutiques%20in%20Adi-Narayanappa-Temple-Street,%20Bangalore%20&mncatname=Ladies%20Boutiques",
"Variety Textile","#328 Chickpete","09916973298","5.0","1 Ratings","Open until 8:30 pm18 Years in Business","https://www.justdial.com/Bangalore/Variety-Textile-Near-Vijayalakshmi-Talkies-Chickpete/080PXX80-XX80-160825154153-J1M5_BZDET?ncatid=12091971&area=Adi%20Narayanappa%20Temple%20Street&search=%20Women%20Boutiques%20in%20Adi-Narayanappa-Temple-Street,%20Bangalore%20&mncatname=Ladies%20Boutiques",
"Life Fashion Specialist Ladies Wear","Obbaiah Lane Cottonpet","09964002528","5.0","1 Ratings","Open until 9:30 pm22 Years in Business","https://www.justdial.com/Bangalore/Life-Fashion-Specialist-Ladies-Wear-Near-Jain-Temple-Cottonpet/080PXX80-XX80-140524104410-I1F2_BZDET?ncatid=12091971&area=Adi%20Narayanappa%20Temple%20Street&search=%20Women%20Boutiques%20in%20Adi-Narayanappa-Temple-Street,%20Bangalore%20&mncatname=Ladies%20Boutiques",
"Saran Tailors","Bellimutt Road Cottonpet","09880317901","3.0","1 Ratings","Open until 9:00 pm43 Years in Business","https://www.justdial.com/Bangalore/Saran-Tailors-Opposite-Rama-Temple-Cottonpet/080PXX80-XX80-131210191209-H7X2_BZDET?ncatid=12091971&area=Adi%20Narayanappa%20Temple%20Street&search=%20Women%20Boutiques%20in%20Adi-Narayanappa-Temple-Street,%20Bangalore%20&mncatname=Ladies%20Boutiques",
"Lifestyle Store (Mantri Square Mall)","Sampige Road","18001231555","4.1","6,503 Ratings","Open until 9:30 pm13 Years in Business","https://www.justdial.com/Bangalore/Lifestyle-Store-Mantri-Square-Mall-Sampige-Road/080PXX80-XX80-100311104026-Y2Z2_BZDET?ncatid=12091971&area=Adi%20Narayanappa%20Temple%20Street&search=%20Women%20Boutiques%20in%20Adi-Narayanappa-Temple-Street,%20Bangalore%20&mncatname=Ladies%20Boutiques",
"Koskii","A M Street Shivaji Nagar","08040996889","4.8","1,070 Ratings","Open until 9:30 pm","https://www.justdial.com/Bangalore/Koskii-Near-Baitul-Mal-Shivaji-Nagar/080PXX80-XX80-161118153410-I6G9_BZDET?ncatid=12091971&area=Adi%20Narayanappa%20Temple%20Street&search=%20Women%20Boutiques%20in%20Adi-Narayanappa-Temple-Street,%20Bangalore%20&mncatname=Ladies%20Boutiques",
"Biba Store (Mantri Square Mall)","Sampige Road Malleswaram","08022667029","3.9","182 Ratings","Open until 9:30 pm13 Years in Business","https://www.justdial.com/Bangalore/Biba-Store-Mantri-Square-Mall-Malleswaram/080PXX80-XX80-100506163938-K5E2_BZDET?ncatid=12091971&area=Adi%20Narayanappa%20Temple%20Street&search=%20Women%20Boutiques%20in%20Adi-Narayanappa-Temple-Street,%20Bangalore%20&mncatname=Ladies%20Boutiques",
"Lifestyle Store","West Gate Mall Rajajinagar","18001231555","4.0","34 Ratings","Open until 9:30 pm","https://www.justdial.com/Bangalore/Lifestyle-Store-Rajajinagar/080PXX80-XX80-161201101650-T6V2_BZDET?ncatid=12091971&area=Adi%20Narayanappa%20Temple%20Street&search=%20Women%20Boutiques%20in%20Adi-Narayanappa-Temple-Street,%20Bangalore%20&mncatname=Ladies%20Boutiques",
"Patel Matching Center","7th Cross Agara","09516572711","4.8","40 Ratings","Open until 9:00 pm7 Years in Business","https://www.justdial.com/Bangalore/Patel-Matching-Center-Agara/080PXX80-XX80-210724101516-C1P3_BZDET?ncatid=12091971&area=Adi%20Narayanappa%20Temple%20Street&search=%20Women%20Boutiques%20in%20Adi-Narayanappa-Temple-Street,%20Bangalore%20&mncatname=Ladies%20Boutiques",
"R World The Fashion Boutique","1st Main Road Seshadripuram","08867864340","4.7","38 Ratings","Open until 8:00 pm4 Years in Business","https://www.justdial.com/Bangalore/R-World-The-Fashion-Boutique-Near-to-S-N-Thindi-Mane-Seshadripuram/080PXX80-XX80-190712164122-K4Q7_BZDET?ncatid=12091971&area=Adi%20Narayanappa%20Temple%20Street&search=%20Women%20Boutiques%20in%20Adi-Narayanappa-Temple-Street,%20Bangalore%20&mncatname=Ladies%20Boutiques",
"Fashion Threads","Bhavan Road V V Puram","09886133412","3.7","37 Ratings","Open until 9:00 pm5 Years in Business","https://www.justdial.com/Bangalore/Fashion-Threads-Near-Ganesh-Chats-V-V-Puram/080PXX80-XX80-180206184031-T4R4_BZDET?ncatid=12091971&area=Adi%20Narayanappa%20Temple%20Street&search=%20Women%20Boutiques%20in%20Adi-Narayanappa-Temple-Street,%20Bangalore%20&mncatname=Ladies%20Boutiques",
"Darkline Apparels Pvt Ltd","R V Road Basavanagudi","09092275202","4.1","15 Ratings","Open until 6:00 pm13 Years in Business","https://www.justdial.com/Bangalore/Darkline-Apparels-Pvt-Ltd-Opposite-Tilles-Print-Basavanagudi/080PXX80-XX80-170801171743-S4B5_BZDET?ncatid=12091971&area=Adi%20Narayanappa%20Temple%20Street&search=%20Women%20Boutiques%20in%20Adi-Narayanappa-Temple-Street,%20Bangalore%20&mncatname=Ladies%20Boutiques",
"Mansri Boutique","Surveyors Street Basavanagudi","09902588883","4.6","13 Ratings","Open until 8:00 pm9 Years in Business","https://www.justdial.com/Bangalore/Mansri-Boutique-Behind-Cool-Corner-Hotel-Basavanagudi/080PXX80-XX80-190109211540-A1T6_BZDET?ncatid=12091971&area=Adi%20Narayanappa%20Temple%20Street&search=%20Women%20Boutiques%20in%20Adi-Narayanappa-Temple-Street,%20Bangalore%20&mncatname=Ladies%20Boutiques",
"Sparsha","5th Main Road Chamarajpet","09483016201","4.8","9 Ratings","Open until 6:30 pm6 Years in Business","https://www.justdial.com/Bangalore/Sparsha-Opposite-to-VRL-Travels-Chamarajpet/080PXX80-XX80-170316125655-Y2V7_BZDET?ncatid=12091971&area=Adi%20Narayanappa%20Temple%20Street&search=%20Women%20Boutiques%20in%20Adi-Narayanappa-Temple-Street,%20Bangalore%20&mncatname=Ladies%20Boutiques",
"Rohith Ladies Tailors","Magadi Main Road Magadi Road","09243025160","4.7","4 Ratings","Open until 8:30 pm12 Years in Business","https://www.justdial.com/Bangalore/Rohith-Ladies-Tailors-Near-Anjan-Theatre-Magadi-Road/080PXX80-XX80-130812145621-J3S8_BZDET?ncatid=12091971&area=Adi%20Narayanappa%20Temple%20Street&search=%20Women%20Boutiques%20in%20Adi-Narayanappa-Temple-Street,%20Bangalore%20&mncatname=Ladies%20Boutiques",
"Deepika Dress Makers","4th Main Road Chamarajpet","08026632418","4.7","7 Ratings","Open until 9:00 pm23 Years in Business","https://www.justdial.com/Bangalore/Deepika-Dress-Makers-Near-Ganesha-Temple-Chamarajpet/080PXX80-XX80-120601002412-F6C5_BZDET?ncatid=12091971&area=Adi%20Narayanappa%20Temple%20Street&search=%20Women%20Boutiques%20in%20Adi-Narayanappa-Temple-Street,%20Bangalore%20&mncatname=Ladies%20Boutiques",
"Isha Designer Boutique","2nd Cross Chamarajpet","09886703325","5.0","2 Ratings","Open until 8:00 pm7 Years in Business","https://www.justdial.com/Bangalore/Isha-Designer-Boutique-Next-to-Futura-Digital-Prints-Chamarajpet/080PXX80-XX80-170817122505-L9F4_BZDET?ncatid=12091971&area=Adi%20Narayanappa%20Temple%20Street&search=%20Women%20Boutiques%20in%20Adi-Narayanappa-Temple-Street,%20Bangalore%20&mncatname=Ladies%20Boutiques",
"Jaya Ambhe Fabrics","2nd Main Road Ramachandra Puram","09108790343","4.9","121 Ratings","Open until 8:30 pm7 Years in Business","https://www.justdial.com/Bangalore/Jaya-Ambhe-Fabrics-Next-Roop-Medicals-Ramachandra-Puram/080PXX80-XX80-180529134933-W7R4_BZDET?ncatid=12091971&area=Adi%20Narayanappa%20Temple%20Street&search=%20Women%20Boutiques%20in%20Adi-Narayanappa-Temple-Street,%20Bangalore%20&mncatname=Ladies%20Boutiques",
"Geetha Fashion Park","Theater Signal Magadi Road","09916495887","4.6","112 Ratings","Open until 8:30 pm13 Years in Business","https://www.justdial.com/Bangalore/Geetha-Fashion-Park-Opposite-Karumariyamma-Temple-and-Akshaya-Clooege-Magadi-Road/080PXX80-XX80-130412105219-R6U9_BZDET?ncatid=12091971&area=Adi%20Narayanappa%20Temple%20Street&search=%20Women%20Boutiques%20in%20Adi-Narayanappa-Temple-Street,%20Bangalore%20&mncatname=Ladies%20Boutiques",
"Aurelia","Road 6th Block Rajajinagar","08790700988","3.8","100 Ratings","Open until 6:00 pm9 Years in Business","https://www.justdial.com/Bangalore/Aurelia-Opposite-Mahaveer-Wines-Rajajinagar/080PXX80-XX80-110801154414-W6V1_BZDET?ncatid=12091971&area=Adi%20Narayanappa%20Temple%20Street&search=%20Women%20Boutiques%20in%20Adi-Narayanappa-Temple-Street,%20Bangalore%20&mncatname=Ladies%20Boutiques",
"Apes Club Store","3rd Main Road Gandhi Nagar","08040991899","4.5","81 Ratings","Open until 10:30 pm","https://www.justdial.com/Bangalore/Apes-Club-Store-Gandhi-Nagar/080PXX80-XX80-180528222857-U9U3_BZDET?ncatid=12091971&area=Adi%20Narayanappa%20Temple%20Street&search=%20Women%20Boutiques%20in%20Adi-Narayanappa-Temple-Street,%20Bangalore%20&mncatname=Ladies%20Boutiques",
"Anju New Fashion","Dr DVG ROAD Gandhi Bazar","08884232917","3.6","48 Ratings","Open until 9:30 pm11 Years in Business","https://www.justdial.com/Bangalore/Anju-New-Fashion-Near-Dr-DVG-Road-Gandhi-Bazar/080PXX80-XX80-120508174550-P1S4_BZDET?ncatid=12091971&area=Adi%20Narayanappa%20Temple%20Street&search=%20Women%20Boutiques%20in%20Adi-Narayanappa-Temple-Street,%20Bangalore%20&mncatname=Ladies%20Boutiques",
"Cocopelee (Mantri Square Mall)","Malleswaram","08030160000","3.7","45 Ratings","Open until 9:30 pm12 Years in Business","https://www.justdial.com/Bangalore/Cocopelee-Mantri-Square-Mall-Malleswaram/080PXX80-XX80-150514145835-T6Q7_BZDET?ncatid=12091971&area=Adi%20Narayanappa%20Temple%20Street&search=%20Women%20Boutiques%20in%20Adi-Narayanappa-Temple-Street,%20Bangalore%20&mncatname=Ladies%20Boutiques",
"Anokhi Designer Saree Studio","Masjid Road Jumma Masjid Road","08022354397","3.2","38 Ratings","Open until 9:00 pm","https://www.justdial.com/Bangalore/Anokhi-Designer-Saree-Studio-Jumma-Masjid-Road/080PXX80-XX80-161021205833-W6K7_BZDET?ncatid=12091971&area=Adi%20Narayanappa%20Temple%20Street&search=%20Women%20Boutiques%20in%20Adi-Narayanappa-Temple-Street,%20Bangalore%20&mncatname=Ladies%20Boutiques",
"Pratibha The Design Studio","Old Market Road V V Puram","09886562888","3.5","27 Ratings","Open until 8:00 pm8 Years in Business","https://www.justdial.com/Bangalore/Pratibha-The-Design-Studio-Opposite-Hema-Book-World-V-V-Puram/080PXX80-XX80-151207112714-M6C3_BZDET?ncatid=12091971&area=Adi%20Narayanappa%20Temple%20Street&search=%20Women%20Boutiques%20in%20Adi-Narayanappa-Temple-Street,%20Bangalore%20&mncatname=Ladies%20Boutiques",
"Nandi Fabs","Jm Road Cross Nagarathpet","08042047182","3.9","19 Ratings","Open until 8:00 pm15 Years in Business","https://www.justdial.com/Bangalore/Nandi-Fabs-Near-Suraj-Packing-Nagarathpet/080P1228417747W4D8H6_BZDET?ncatid=12091971&area=Adi%20Narayanappa%20Temple%20Street&search=%20Women%20Boutiques%20in%20Adi-Narayanappa-Temple-Street,%20Bangalore%20&mncatname=Ladies%20Boutiques",
"Hello Sunshine Designer Studio","Dr. Rajkumar Road Rajajinagar","08618707680","4.8","16 Ratings","Open until 7:30 pm1 Year in Business","https://www.justdial.com/Bangalore/Hello-Sunshine-Designer-Studio-Opp-to-Venkat-International-High-School-Opp-to-Siddhi-Vinayaka-Pg-For-Men-Rajajinagar/080PXX80-XX80-220905113351-Q3X7_BZDET?ncatid=12091971&area=Adi%20Narayanappa%20Temple%20Street&search=%20Women%20Boutiques%20in%20Adi-Narayanappa-Temple-Street,%20Bangalore%20&mncatname=Ladies%20Boutiques",
"Roopa Ladies Wear","NS Ayengar Street Seshadripuram","08023566699","3.6","13 Ratings","Open until 9:00 pm22 Years in Business","https://www.justdial.com/Bangalore/Roopa-Ladies-Wear-Near-Seshadripuram-Composite-CollegeNear-Subramanya-Temple-Seshadripuram/080P5607128_BZDET?ncatid=12091971&area=Adi%20Narayanappa%20Temple%20Street&search=%20Women%20Boutiques%20in%20Adi-Narayanappa-Temple-Street,%20Bangalore%20&mncatname=Ladies%20Boutiques",
"M K Ladies Tailors","Armstrong Road","09880657726","4.4","12 Ratings","Open until 8:00 pm17 Years in Business","https://www.justdial.com/Bangalore/M-K-Ladies-Tailors-Near-Commercial-StreetShivajinagar-Armstrong-Road/080PXX80-XX80-160326122332-F3Y5_BZDET?ncatid=12091971&area=Adi%20Narayanappa%20Temple%20Street&search=%20Women%20Boutiques%20in%20Adi-Narayanappa-Temple-Street,%20Bangalore%20&mncatname=Ladies%20Boutiques",
"C R Rao Tailor","3rd Cross Srirampuram","09845294903","4.1","11 Ratings","Open until 9:00 pm27 Years in Business","https://www.justdial.com/Bangalore/C-R-Rao-Tailor-Near-Sai-Baba-Choultry-Srirampuram/080PXX80-XX80-220803072018-V1A2_BZDET?ncatid=12091971&area=Adi%20Narayanappa%20Temple%20Street&search=%20Women%20Boutiques%20in%20Adi-Narayanappa-Temple-Street,%20Bangalore%20&mncatname=Ladies%20Boutiques",
"Karishma Beauty Parlour And Bouquite","Mysore Road Chamarajpet","09341975144","3.7","9 Ratings","Open until 8:00 pm18 Years in Business","https://www.justdial.com/Bangalore/Karishma-Beauty-Parlour-And-Bouquite-Opposite-to-Mutturaya-Swamy-Temple-Chamarajpet/080P1229662404J6Y6C8_BZDET?ncatid=12091971&area=Adi%20Narayanappa%20Temple%20Street&search=%20Women%20Boutiques%20in%20Adi-Narayanappa-Temple-Street,%20Bangalore%20&mncatname=Ladies%20Boutiques",
"Ritu Kumar (Mantri Mall)","Sampige Road","08022667590","4.4","8 Ratings","Open until 10:00 pm","https://www.justdial.com/Bangalore/Ritu-Kumar-Mantri-Mall-Malleshwaram-Sampige-Road/080PXX80-XX80-200316190853-E7G6_BZDET?ncatid=12091971&area=Adi%20Narayanappa%20Temple%20Street&search=%20Women%20Boutiques%20in%20Adi-Narayanappa-Temple-Street,%20Bangalore%20&mncatname=Ladies%20Boutiques",
"Arihant Designer Uniq","Jm Road Avenue Road","08042094114","4.2","8 Ratings","Open until 8:00 pm13 Years in Business","https://www.justdial.com/Bangalore/Arihant-Designer-Uniq-Near-TO-GANESHA-TEMPLE-Avenue-Road/080PXX80-XX80-171223124016-V7V7_BZDET?ncatid=12091971&area=Adi%20Narayanappa%20Temple%20Street&search=%20Women%20Boutiques%20in%20Adi-Narayanappa-Temple-Street,%20Bangalore%20&mncatname=Ladies%20Boutiques",
"Decent Boutique","Main 5th Block Rajajinagar","08880888886","4.3","7 Ratings","Open until 9:00 pm","https://www.justdial.com/Bangalore/Decent-Boutique-Rajajinagar/080PXX80-XX80-190820194124-T8U1_BZDET?ncatid=12091971&area=Adi%20Narayanappa%20Temple%20Street&search=%20Women%20Boutiques%20in%20Adi-Narayanappa-Temple-Street,%20Bangalore%20&mncatname=Ladies%20Boutiques",
"Kajol Goldline Sarees","Bettappa Lane Jamia Masjid Road","08041325162","3.6","7 Ratings","Open until 8:00 pm","https://www.justdial.com/Bangalore/Kajol-Goldline-Sarees-Near-Madhumillan-Silk-Nagarthpet-Cross-Jamia-Masjid-Road/080PXX80-XX80-180831130846-W6I5_BZDET?ncatid=12091971&area=Adi%20Narayanappa%20Temple%20Street&search=%20Women%20Boutiques%20in%20Adi-Narayanappa-Temple-Street,%20Bangalore%20&mncatname=Ladies%20Boutiques",
"Designer Boutique N Ladies Tailor Wala","Commercial Street Police Station-Shivaji Naga","09886443039","4.2","6 Ratings","Open until 8:30 pm21 Years in Business","https://www.justdial.com/Bangalore/Designer-Boutique-N-Ladies-Tailor-Wala-Near-Commercial-Commercial-Street-Police-Station-Shivaji-Naga/080PXX80-XX80-140806103626-U2F2_BZDET?ncatid=12091971&area=Adi%20Narayanappa%20Temple%20Street&search=%20Women%20Boutiques%20in%20Adi-Narayanappa-Temple-Street,%20Bangalore%20&mncatname=Ladies%20Boutiques",
"Mahera Boutique","Bangalore Airport Bangalore City","07892285110","4.1","6 Ratings","Open until 9:30 pm9 Years in Business","https://www.justdial.com/Bangalore/Mahera-Boutique-Bangalore-City/080PXX80-XX80-170302120302-G5B2_BZDET?ncatid=12091971&area=Adi%20Narayanappa%20Temple%20Street&search=%20Women%20Boutiques%20in%20Adi-Narayanappa-Temple-Street,%20Bangalore%20&mncatname=Ladies%20Boutiques",
"Just 4 U Designers","Saraswathi Puram V V Puram","09448251753","4.8","5 Ratings","Open until 9:15 pm10 Years in Business","https://www.justdial.com/Bangalore/Just-4-U-Designers-Near-J-P-Nursing-Home-V-V-Puram/080PXX80-XX80-140901174745-L4Z5_BZDET?ncatid=12091971&area=Adi%20Narayanappa%20Temple%20Street&search=%20Women%20Boutiques%20in%20Adi-Narayanappa-Temple-Street,%20Bangalore%20&mncatname=Ladies%20Boutiques",
"M M sona sale","S.c Road Gandhi Nagar","08884448916","4.6","5 Ratings","Open until 11:00 pm15 Years in Business","https://www.justdial.com/Bangalore/M-M-sona-sale-Next-to-Gobhi-Veeranna-Kalamandira-Gandhi-Nagar/080PXX80-XX80-131221133114-Q2X2_BZDET?ncatid=12091971&area=Adi%20Narayanappa%20Temple%20Street&search=%20Women%20Boutiques%20in%20Adi-Narayanappa-Temple-Street,%20Bangalore%20&mncatname=Ladies%20Boutiques",
"Shankar Komathi Tailoring Materials","C Main Rajajinagar 6th Block","08722703331","4.2","5 Ratings","Open until 10:00 pm6 Years in Business","https://www.justdial.com/Bangalore/Shankar-Komathi-Tailoring-Materials-Near-Karumariammana-Temple-Rajajinagar-6th-Block/080PXX80-XX80-170621181402-E7H6_BZDET?ncatid=12091971&area=Adi%20Narayanappa%20Temple%20Street&search=%20Women%20Boutiques%20in%20Adi-Narayanappa-Temple-Street,%20Bangalore%20&mncatname=Ladies%20Boutiques",
"Shyam Boutique","Swami Temple V V Puram","07829888294","4.1","5 Ratings","Open until 7:30 pm6 Years in Business","https://www.justdial.com/Bangalore/Shyam-Boutique-Near-VV-Puram-Circle-V-V-Puram/080PXX80-XX80-171123110825-E5R1_BZDET?ncatid=12091971&area=Adi%20Narayanappa%20Temple%20Street&search=%20Women%20Boutiques%20in%20Adi-Narayanappa-Temple-Street,%20Bangalore%20&mncatname=Ladies%20Boutiques",
"Sri Chamundeshwari Stores","Cross Road Muniswamappa Street","09900933398","4.0","5 Ratings","Open until 9:00 pm","https://www.justdial.com/Bangalore/Sri-Chamundeshwari-Stores-Muniswamappa-Street/080PXX80-XX80-180626135147-V9W5_BZDET?ncatid=12091971&area=Adi%20Narayanappa%20Temple%20Street&search=%20Women%20Boutiques%20in%20Adi-Narayanappa-Temple-Street,%20Bangalore%20&mncatname=Ladies%20Boutiques",
"Mrl Life Style","Temple Street Rajajinagar","09535754437","3.7","4 Ratings","Open until 8:30 pm41 Years in Business","https://www.justdial.com/Bangalore/Mrl-Life-Style-Near-Karmaariyamma-Temple-Rajajinagar/080PXX80-XX80-120509144715-H1E6_BZDET?ncatid=12091971&area=Adi%20Narayanappa%20Temple%20Street&search=%20Women%20Boutiques%20in%20Adi-Narayanappa-Temple-Street,%20Bangalore%20&mncatname=Ladies%20Boutiques",
"Geetha Boutique","Street DVG Road Basavanagudi","08904432242","4.3","3 Ratings","Open until 7:30 pm15 Years in Business","https://www.justdial.com/Bangalore/Geetha-Boutique-Opp-Bakers-Shop-Basavanagudi/080PXX80-XX80-161117122920-B8H3_BZDET?ncatid=12091971&area=Adi%20Narayanappa%20Temple%20Street&search=%20Women%20Boutiques%20in%20Adi-Narayanappa-Temple-Street,%20Bangalore%20&mncatname=Ladies%20Boutiques",
"Navkar Designer","Dvg Rd Basavanagudi","09035708506","3.3","3 Ratings","Open until 8:30 pm","https://www.justdial.com/Bangalore/Navkar-Designer-Nr-Upahar-Darshani-Basavanagudi/080PXX80-XX80-120814102345-H1E3_BZDET?ncatid=12091971&area=Adi%20Narayanappa%20Temple%20Street&search=%20Women%20Boutiques%20in%20Adi-Narayanappa-Temple-Street,%20Bangalore%20&mncatname=Ladies%20Boutiques",
"Mahalaxmi Dresses","T N Shetty Lane Avenue Road","09743000701","5.0","2 Ratings","Open until 8:30 pm10 Years in Business","https://www.justdial.com/Bangalore/Mahalaxmi-Dresses-Avenue-Road/080PXX80-XX80-130903154805-Z8T1_BZDET?ncatid=12091971&area=Adi%20Narayanappa%20Temple%20Street&search=%20Women%20Boutiques%20in%20Adi-Narayanappa-Temple-Street,%20Bangalore%20&mncatname=Ladies%20Boutiques",
"H 007 Ladies Wear","5th Main Road Chamarajpet","08026600007","5.0","2 Ratings","Open until 8:00 pm49 Years in Business","https://www.justdial.com/Bangalore/H-007-Ladies-Wear-Near-to-Makallakoota-Chamarajpet/080PXX80-XX80-170316172234-R5S5_BZDET?ncatid=12091971&area=Adi%20Narayanappa%20Temple%20Street&search=%20Women%20Boutiques%20in%20Adi-Narayanappa-Temple-Street,%20Bangalore%20&mncatname=Ladies%20Boutiques",
"My Atelier","5th Cross Chamarajpet","09845311902","5.0","2 Ratings","Open until 8:00 pm15 Years in Business","https://www.justdial.com/Bangalore/My-Atelier-Near-Corporation-Bank-Chamarajpet/080PXX80-XX80-180825170253-H9E6_BZDET?ncatid=12091971&area=Adi%20Narayanappa%20Temple%20Street&search=%20Women%20Boutiques%20in%20Adi-Narayanappa-Temple-Street,%20Bangalore%20&mncatname=Ladies%20Boutiques",
"Look Like Fashion","Mysore Road Bapuji Nagar","09620560409","5.0","2 Ratings","Open until 9:30 pm9 Years in Business","https://www.justdial.com/Bangalore/Look-Like-Fashion-Near-Global-School-Bapuji-Nagar/080PXX80-XX80-170115133022-A8N1_BZDET?ncatid=12091971&area=Adi%20Narayanappa%20Temple%20Street&search=%20Women%20Boutiques%20in%20Adi-Narayanappa-Temple-Street,%20Bangalore%20&mncatname=Ladies%20Boutiques",
"Pissay - The Red Carpet Boutique","1st Main Road Sampangiramnagar","09731200012","5.0","2 Ratings","Open until 10:00 pm22 Years in Business","https://www.justdial.com/Bangalore/Pissay-The-Red-Carpet-Boutique-Near-Ganapathi-Temple-Sampangiramnagar/080PXX80-XX80-190627155614-R3R5_BZDET?ncatid=12091971&area=Adi%20Narayanappa%20Temple%20Street&search=%20Women%20Boutiques%20in%20Adi-Narayanappa-Temple-Street,%20Bangalore%20&mncatname=Ladies%20Boutiques",
"Kuberan Ladies Designer","Gandhi Bazar Basavanagudi","09035460860","4.8","2 Ratings","Open until 9:00 pm","https://www.justdial.com/Bangalore/Kuberan-Ladies-Designer-Near-Dvg-Road-Jain-Temple-Basavanagudi/080PXX80-XX80-181013104941-D1Y4_BZDET?ncatid=12091971&area=Adi%20Narayanappa%20Temple%20Street&search=%20Women%20Boutiques%20in%20Adi-Narayanappa-Temple-Street,%20Bangalore%20&mncatname=Ladies%20Boutiques",
"Avm Tailors","1st Main Road Seshadripuram","07899337262","4.0","2 Ratings","Open until 8:30 pm8 Years in Business","https://www.justdial.com/Bangalore/Avm-Tailors-Near-Ganesha-Temple-Seshadripuram/080PXX80-XX80-181005220627-U9Z1_BZDET?ncatid=12091971&area=Adi%20Narayanappa%20Temple%20Street&search=%20Women%20Boutiques%20in%20Adi-Narayanappa-Temple-Street,%20Bangalore%20&mncatname=Ladies%20Boutiques",
"G G Fashions","75th D Rajajinagar 6th Block","08023500939","4.0","2 Ratings","Open until 9:00 pm5 Years in Business","https://www.justdial.com/Bangalore/G-G-Fashions-Behind-Sunrise-Gold-Palace-Rajajinagar-6th-Block/080PXX80-XX80-200314190718-U6Y1_BZDET?ncatid=12091971&area=Adi%20Narayanappa%20Temple%20Street&search=%20Women%20Boutiques%20in%20Adi-Narayanappa-Temple-Street,%20Bangalore%20&mncatname=Ladies%20Boutiques",
"Ethnic wardrobe","Vanivilas Road Basavanagudi","09902869328","4.0","2 Ratings","Open until 10:30 pm2 Years in Business","https://www.justdial.com/Bangalore/Ethnic-wardrobe-Next-to-KFC-Basavanagudi/080PXX80-XX80-210710154843-W1E5_BZDET?ncatid=12091971&area=Adi%20Narayanappa%20Temple%20Street&search=%20Women%20Boutiques%20in%20Adi-Narayanappa-Temple-Street,%20Bangalore%20&mncatname=Ladies%20Boutiques",
"Hira Textile","9th Cross Chamarajpet","09535455074","3.0","2 Ratings","Open until 9:00 pm33 Years in Business","https://www.justdial.com/Bangalore/Hira-Textile-Near-Sirsi-Circle-Chamarajpet/080PXX80-XX80-161024160546-S9S2_BZDET?ncatid=12091971&area=Adi%20Narayanappa%20Temple%20Street&search=%20Women%20Boutiques%20in%20Adi-Narayanappa-Temple-Street,%20Bangalore%20&mncatname=Ladies%20Boutiques",
"Asmarah Couture","Main Road Seshadripuram","09986070025","3.0","2 Ratings","Open until 7:00 pm6 Years in Business","https://www.justdial.com/Bangalore/Asmarah-Couture-Opp-to-Sanman-Canteen-Seshadripuram/080PXX80-XX80-180411211636-W9A4_BZDET?ncatid=12091971&area=Adi%20Narayanappa%20Temple%20Street&search=%20Women%20Boutiques%20in%20Adi-Narayanappa-Temple-Street,%20Bangalore%20&mncatname=Ladies%20Boutiques",
"Cindrellas Fashions","Temple road Rajajinagar","09845040461","2.5","2 Ratings","Open until 9:30 pm19 Years in Business","https://www.justdial.com/Bangalore/Cindrellas-Fashions-Near-Karumariyama-Temple-Rajajinagar/080PXX80-XX80-110205005803-Z8Q5_BZDET?ncatid=12091971&area=Adi%20Narayanappa%20Temple%20Street&search=%20Women%20Boutiques%20in%20Adi-Narayanappa-Temple-Street,%20Bangalore%20&mncatname=Ladies%20Boutiques",
"New Life Style","Imbrahim Street Shivaji Nagar","08022865511","5.0","1 Ratings","Open until 10:00 pm25 Years in Business","https://www.justdial.com/Bangalore/New-Life-Style-Near-Plaza-Mall-Bus-Stop-Shivaji-Nagar/080PXX80-XX80-200225130223-F1J6_BZDET?ncatid=12091971&area=Adi%20Narayanappa%20Temple%20Street&search=%20Women%20Boutiques%20in%20Adi-Narayanappa-Temple-Street,%20Bangalore%20&mncatname=Ladies%20Boutiques",
"Vishwa Ladies Tailors","11th Cross Magadi Road","09886690816","5.0","1 Ratings","Open until 9:30 pm14 Years in Business","https://www.justdial.com/Bangalore/Vishwa-Ladies-Tailors-Near-Metro-Station-Magadi-Road/080PXX80-XX80-170401123457-R2R5_BZDET?ncatid=12091971&area=Adi%20Narayanappa%20Temple%20Street&search=%20Women%20Boutiques%20in%20Adi-Narayanappa-Temple-Street,%20Bangalore%20&mncatname=Ladies%20Boutiques",
"Sri Sai Botiqe","7th Cross 2nd Main Malleswaram","08970235992","5.0","1 Ratings","Open until 8:00 pm23 Years in Business","https://www.justdial.com/Bangalore/Sri-Sai-Botiqe-Sampige-Road-Near-Yes-Bank-Malleswaram/080PXX80-XX80-140111111255-Q6M3_BZDET?ncatid=12091971&area=Adi%20Narayanappa%20Temple%20Street&search=%20Women%20Boutiques%20in%20Adi-Narayanappa-Temple-Street,%20Bangalore%20&mncatname=Ladies%20Boutiques",
"Lovely Fashions","MBT Street Nagarathpet","07204660715","4.5","1 Ratings","Open until 8:30 pm11 Years in Business","https://www.justdial.com/Bangalore/Lovely-Fashions-Near-Jain-Temple-Nagarathpet/080PXX80-XX80-160824102757-R1K3_BZDET?ncatid=12091971&area=Adi%20Narayanappa%20Temple%20Street&search=%20Women%20Boutiques%20in%20Adi-Narayanappa-Temple-Street,%20Bangalore%20&mncatname=Ladies%20Boutiques",
"Her Stitch","Gandhi Nagar","08022263487","4.5","1 Ratings","Open until 7:00 pm7 Years in Business","https://www.justdial.com/Bangalore/Her-Stitch-Oppsit-Indian-Oversis-Bank-Gandhi-Nagar/080PXX80-XX80-161020104541-Q5A9_BZDET?ncatid=12091971&area=Adi%20Narayanappa%20Temple%20Street&search=%20Women%20Boutiques%20in%20Adi-Narayanappa-Temple-Street,%20Bangalore%20&mncatname=Ladies%20Boutiques",
"Kurvz","Chamarajpet","09738036667","4.5","1 Ratings","Open until 6:30 pm9 Years in Business","https://www.justdial.com/jdmart/Bangalore/Kurvz--Chamarajpet/080PXX80-XX80-140127011822-F9W8_BZDET/catalogue?nid=12091971",
"Princess Boutique","Lalbagh Road Sudhama Nagar","09844559009","4.5","1 Ratings","Open until 6:00 pm9 Years in Business","https://www.justdial.com/Bangalore/Princess-Boutique-Sudhama-Nagar/080PXX80-XX80-150704125955-F5G9_BZDET?ncatid=12091971&area=Adi%20Narayanappa%20Temple%20Street&search=%20Women%20Boutiques%20in%20Adi-Narayanappa-Temple-Street,%20Bangalore%20&mncatname=Ladies%20Boutiques",
"Well Known Boutique","7th Main Seshadripuram","08867864340","3.5","1 Ratings","Open until 7:30 pm9 Years in Business","https://www.justdial.com/Bangalore/Well-Known-Boutique-Near-Seshadripuram/080PXX80-XX80-180609112423-J2W5_BZDET?ncatid=12091971&area=Adi%20Narayanappa%20Temple%20Street&search=%20Women%20Boutiques%20in%20Adi-Narayanappa-Temple-Street,%20Bangalore%20&mncatname=Ladies%20Boutiques",
"Saniya Boutique","Nagarspety Cross Sp Road","09341414518","3.0","1 Ratings","Open until 9:00 pm9 Years in Business","https://www.justdial.com/Bangalore/Saniya-Boutique-Darmaraya-Temple-Sp-Road/080PXX80-XX80-131225114904-M9I8_BZDET?ncatid=12091971&area=Adi%20Narayanappa%20Temple%20Street&search=%20Women%20Boutiques%20in%20Adi-Narayanappa-Temple-Street,%20Bangalore%20&mncatname=Ladies%20Boutiques",
"Fashion Dress Markers","7th Cross Chamarajpet","09886703325","3.0","1 Ratings","Open until 10:00 pm16 Years in Business","https://www.justdial.com/Bangalore/Fashion-Dress-Markers-Near-to-Mahadeshwara-Temple-Chamarajpet/080P1229680918A4Z4Y1_BZDET?ncatid=12091971&area=Adi%20Narayanappa%20Temple%20Street&search=%20Women%20Boutiques%20in%20Adi-Narayanappa-Temple-Street,%20Bangalore%20&mncatname=Ladies%20Boutiques",
"Monalisa Boutique","Govindhappa Road Basavanagudi","07483889930","3.0","1 Ratings","Open until 6:00 pm25 Years in Business","https://www.justdial.com/Bangalore/Monalisa-Boutique-Near-Lalbhag-West-Gate-Basavanagudi/080PXX80-XX80-131118110811-G5F9_BZDET?ncatid=12091971&area=Adi%20Narayanappa%20Temple%20Street&search=%20Women%20Boutiques%20in%20Adi-Narayanappa-Temple-Street,%20Bangalore%20&mncatname=Ladies%20Boutiques",
"Gulshan","Mudaliar Road Shivaji Nagar","09902201177","4.0","7,803 Ratings","Open until 9:30 pm32 Years in Business","https://www.justdial.com/Bangalore/Gulshan-Near-Baithul-Maal-Shadi-Mahal-Shivaji-Nagar/080PXX80-XX80-151019133343-B9L1_BZDET?ncatid=12091971&area=Adi%20Narayanappa%20Temple%20Street&search=%20Women%20Boutiques%20in%20Adi-Narayanappa-Temple-Street,%20Bangalore%20&mncatname=Ladies%20Boutiques",
"Trends Boutique","11th Cross Malleswaram","09035000951","4.0","1,980 Ratings","Open until 7:00 pm13 Years in Business","https://www.justdial.com/Bangalore/Trends-Boutique-Near-Apollo-Pharmacy-Malleswaram/080PXX80-XX80-130705135052-Z3C6_BZDET?ncatid=12091971&area=Adi%20Narayanappa%20Temple%20Street&search=%20Women%20Boutiques%20in%20Adi-Narayanappa-Temple-Street,%20Bangalore%20&mncatname=Ladies%20Boutiques",
"Textile House","Main Road Jayanagar 4th Block","02261527624","4.1","1,164 Ratings","Open until 9:30 pm8 Years in Business","https://www.justdial.com/Bangalore/Textile-House-Opposite-BDA-Complex-Next-to-Bata-Showroom-Jayanagar-4th-Block/080PXX80-XX80-170908164130-S5P6_BZDET?ncatid=12091971&area=Adi%20Narayanappa%20Temple%20Street&search=%20Women%20Boutiques%20in%20Adi-Narayanappa-Temple-Street,%20Bangalore%20&mncatname=Ladies%20Boutiques",
"Soch Store","4th Block Basaveshwara Nagar","08043750297","4.0","234 Ratings","Open until 10:00 pm15 Years in Business","https://www.justdial.com/Bangalore/Soch-Store-Opposite-Post-Office-Basaveshwara-Nagar/080PXX80-XX80-180727150327-Y5J3_BZDET?ncatid=12091971&area=Adi%20Narayanappa%20Temple%20Street&search=%20Women%20Boutiques%20in%20Adi-Narayanappa-Temple-Street,%20Bangalore%20&mncatname=Ladies%20Boutiques",
"Sunil's","Sampige Road Malleswaram","09606197202","4.1","170 Ratings","Open until 8:30 pm51 Years in Business","https://www.justdial.com/Bangalore/Sunils-Opposite-Karur-Vyasa-Bank-Malleswaram/080P44043_BZDET?ncatid=12091971&area=Adi%20Narayanappa%20Temple%20Street&search=%20Women%20Boutiques%20in%20Adi-Narayanappa-Temple-Street,%20Bangalore%20&mncatname=Ladies%20Boutiques",
"Kalpana Ladies Wear","4th Block Basaveshwara Nagar","08046465500","4.4","7 Ratings","Open until 9:00 pm29 Years in Business","https://www.justdial.com/Bangalore/Kalpana-Ladies-Wear-Opposite-to-TKS-Iyangars-Basaveshwara-Nagar/080PXX80-XX80-120614212006-D1N9_BZDET?ncatid=12091971&area=Adi%20Narayanappa%20Temple%20Street&search=%20Women%20Boutiques%20in%20Adi-Narayanappa-Temple-Street,%20Bangalore%20&mncatname=Ladies%20Boutiques",
"Dream Fashion","E Main Jayanagar 4th Block","09242857851","3.8","6 Ratings","Open until 9:30 pm19 Years in Business","https://www.justdial.com/Bangalore/Dream-Fashion-Opposite-Ploce-Quarters-Jayanagar-4th-Block/080PXX80-XX80-130529162832-U8M2_BZDET?ncatid=12091971&area=Adi%20Narayanappa%20Temple%20Street&search=%20Women%20Boutiques%20in%20Adi-Narayanappa-Temple-Street,%20Bangalore%20&mncatname=Ladies%20Boutiques",
"Manyavar Vedant Fashions Pvt Ltd","Shivaji Nagar Shivaji Nagar","08041473443","4.8","6,488 Ratings","Open until 9:00 pm","https://www.justdial.com/Bangalore/Manyavar-Vedant-Fashions-Pvt-Ltd-Shivaji-Nagar/080PXX80-XX80-190525002429-G6G3_BZDET?ncatid=12091971&area=Adi%20Narayanappa%20Temple%20Street&search=%20Women%20Boutiques%20in%20Adi-Narayanappa-Temple-Street,%20Bangalore%20&mncatname=Ladies%20Boutiques",
"Manyavar Vedant Fashions Pvt Ltd","M G Road","08041524154","4.6","4,599 Ratings","Open until 9:00 pm11 Years in Business","https://www.justdial.com/Bangalore/Manyavar-Vedant-Fashions-Pvt-Ltd-Near-Metro-Station-M-G-Road/080PXX80-XX80-120519164459-F3M8_BZDET?ncatid=12091971&area=Adi%20Narayanappa%20Temple%20Street&search=%20Women%20Boutiques%20in%20Adi-Narayanappa-Temple-Street,%20Bangalore%20&mncatname=Ladies%20Boutiques",
"Manyavar Vedant Fashions Pvt Ltd","Main Road Jayanagar 4th Block","08041501805","4.8","4,037 Ratings","Open until 10:00 pm","https://www.justdial.com/Bangalore/Manyavar-Vedant-Fashions-Pvt-Ltd-Jayanagar-4th-Block/080PXX80-XX80-200711081136-W1T9_BZDET?ncatid=12091971&area=Adi%20Narayanappa%20Temple%20Street&search=%20Women%20Boutiques%20in%20Adi-Narayanappa-Temple-Street,%20Bangalore%20&mncatname=Ladies%20Boutiques",
"Manyavar Vedant Fashions Pvt Ltd","11 Main Road Jayanagar 3rd Block","08042146262","4.8","4,037 Ratings","Open until 9:00 pm10 Years in Business","https://www.justdial.com/Bangalore/Manyavar-Vedant-Fashions-Pvt-Ltd-Opp-Max-Jayanagar-East-Jayanagar-3rd-Block/080PXX80-XX80-131104164105-S1G4_BZDET?ncatid=12091971&area=Adi%20Narayanappa%20Temple%20Street&search=%20Women%20Boutiques%20in%20Adi-Narayanappa-Temple-Street,%20Bangalore%20&mncatname=Ladies%20Boutiques",
"Manyavar Vedant Fashions Pvt Ltd","House No. 128 Commercial Street","08041473443","4.6","3,711 Ratings","Open until 9:00 pm41 Years in Business","https://www.justdial.com/Bangalore/Manyavar-Vedant-Fashions-Pvt-Ltd-Commercial-Street/080PXX80-XX80-110813175311-S1C9_BZDET?ncatid=12091971&area=Adi%20Narayanappa%20Temple%20Street&search=%20Women%20Boutiques%20in%20Adi-Narayanappa-Temple-Street,%20Bangalore%20&mncatname=Ladies%20Boutiques",
"Manyavar Vedant Fashions Pvt Ltd","Srinivasa Nagar","08042146262","4.6","3,711 Ratings","Open until 9:30 pm15 Years in Business","https://www.justdial.com/Bangalore/Manyavar-Vedant-Fashions-Pvt-Ltd-Srinivas-Industrial-Estate-Srinivasa-Nagar/080PXX80-XX80-131108091326-F1G7_BZDET?ncatid=12091971&area=Adi%20Narayanappa%20Temple%20Street&search=%20Women%20Boutiques%20in%20Adi-Narayanappa-Temple-Street,%20Bangalore%20&mncatname=Ladies%20Boutiques",
"Manyavar Vedant Fashions Pvt Ltd","10th Jayanagar 3rd Block East","08042146262","4.6","3,454 Ratings","Open until 10:00 pm16 Years in Business","https://www.justdial.com/Bangalore/Manyavar-Vedant-Fashions-Pvt-Ltd-Below-Reid-Taylor-Showroom-27th-Cross-Jayanagar-3rd-Block-East/080PXX80-XX80-100426160007-Z9V8_BZDET?ncatid=12091971&area=Adi%20Narayanappa%20Temple%20Street&search=%20Women%20Boutiques%20in%20Adi-Narayanappa-Temple-Street,%20Bangalore%20&mncatname=Ladies%20Boutiques",
"Manyavar Vedant Fashions Pvt Ltd","Commercial Street Kamaraj Road","08048540476","4.6","2,571 Ratings","Open until 9:00 pm12 Years in Business","https://www.justdial.com/Bangalore/Manyavar-Vedant-Fashions-Pvt-Ltd-Kamaraj-Road/080PXX80-XX80-121105131211-M3U3_BZDET?ncatid=12091971&area=Adi%20Narayanappa%20Temple%20Street&search=%20Women%20Boutiques%20in%20Adi-Narayanappa-Temple-Street,%20Bangalore%20&mncatname=Ladies%20Boutiques",
"Manyavar Vedant Fashions Pvt Ltd","Dr Dvg Road Basavanagudi","08042096777","4.5","2,206 Ratings","Open until 9:30 pm12 Years in Business","https://www.justdial.com/Bangalore/Manyavar-Vedant-Fashions-Pvt-Ltd-Basavanagudi/080PXX80-XX80-120921145403-U2C9_BZDET?ncatid=12091971&area=Adi%20Narayanappa%20Temple%20Street&search=%20Women%20Boutiques%20in%20Adi-Narayanappa-Temple-Street,%20Bangalore%20&mncatname=Ladies%20Boutiques",
"Manyavar Vedant Fashions Pvt Ltd","Sampige Road Malleswaram","08022667041","4.1","1,462 Ratings","Open until 9:30 pm","https://www.justdial.com/Bangalore/Manyavar-Vedant-Fashions-Pvt-Ltd-Malleswaram/080PXX80-XX80-141027122752-I6F8_BZDET?ncatid=12091971&area=Adi%20Narayanappa%20Temple%20Street&search=%20Women%20Boutiques%20in%20Adi-Narayanappa-Temple-Street,%20Bangalore%20&mncatname=Ladies%20Boutiques",
"Manyavar Vedant Fashions Pvt Ltd","Sampige Road Malleswaram","08022667041","4.1","1,462 Ratings","Open until 9:30 pm","https://www.justdial.com/Bangalore/Manyavar-Vedant-Fashions-Pvt-Ltd-Malleswaram/080PXX80-XX80-170112065156-T3T1_BZDET?ncatid=12091971&area=Adi%20Narayanappa%20Temple%20Street&search=%20Women%20Boutiques%20in%20Adi-Narayanappa-Temple-Street,%20Bangalore%20&mncatname=Ladies%20Boutiques",
"Van Heusen","Main Road Jayanagar 4th Block","08049702962","4.1","1,004 Ratings","Open until 10:00 pm","https://www.justdial.com/Bangalore/Van-Heusen-Near-Cool-Joint-Jayanagar-4th-Block/080P8002150_BZDET?ncatid=12091971&area=Adi%20Narayanappa%20Temple%20Street&search=%20Women%20Boutiques%20in%20Adi-Narayanappa-Temple-Street,%20Bangalore%20&mncatname=Ladies%20Boutiques",
"Soch","Jayanagar 4th Block","08041134203","4.0","885 Ratings","Open until 9:30 pm11 Years in Business","https://www.justdial.com/Bangalore/Soch-Next-to-Raymonds-Jayanagar-4th-Block/080PXX80-XX80-121226125747-X7T4_BZDET?ncatid=12091971&area=Adi%20Narayanappa%20Temple%20Street&search=%20Women%20Boutiques%20in%20Adi-Narayanappa-Temple-Street,%20Bangalore%20&mncatname=Ladies%20Boutiques",
"Angadi Heritage","Karnataka Jayanagar","08026571301","4.2","653 Ratings","Open until 8:00 pm4 Years in Business","https://www.justdial.com/Bangalore/Angadi-Heritage-Jayanagar/080PXX80-XX80-191022180528-I4W1_BZDET?ncatid=12091971&area=Adi%20Narayanappa%20Temple%20Street&search=%20Women%20Boutiques%20in%20Adi-Narayanappa-Temple-Street,%20Bangalore%20&mncatname=Ladies%20Boutiques",
"Manyavar Vedant Fashions Pvt Ltd","Main Road Basaveshwara Nagar","08041211180","4.0","566 Ratings","Open until 9:30 pm10 Years in Business","https://www.justdial.com/Bangalore/Manyavar-Vedant-Fashions-Pvt-Ltd-Next-to-Planet-Fashion-Basaveshwara-Nagar/080PXX80-XX80-130413145847-K6J9_BZDET?ncatid=12091971&area=Adi%20Narayanappa%20Temple%20Street&search=%20Women%20Boutiques%20in%20Adi-Narayanappa-Temple-Street,%20Bangalore%20&mncatname=Ladies%20Boutiques",
"Biba Store","Main Road Jayanagar 3rd Block","08722798237","3.8","418 Ratings","Open until 9:30 pm11 Years in Business","https://www.justdial.com/Bangalore/Biba-Store-Opposite-Cloud9-Jayanagar-3rd-Block/080PXX80-XX80-121018131849-D4X6_BZDET?ncatid=12091971&area=Adi%20Narayanappa%20Temple%20Street&search=%20Women%20Boutiques%20in%20Adi-Narayanappa-Temple-Street,%20Bangalore%20&mncatname=Ladies%20Boutiques",
"Asma","3rd Block Jayanagar","06364270973","3.8","381 Ratings","Open until 9:00 pm18 Years in Business","https://www.justdial.com/Bangalore/Asma-Near-Cosmopolitan-Club-Jayanagar/080PXX80-XX80-130620171610-P9D6_BZDET?ncatid=12091971&area=Adi%20Narayanappa%20Temple%20Street&search=%20Women%20Boutiques%20in%20Adi-Narayanappa-Temple-Street,%20Bangalore%20&mncatname=Ladies%20Boutiques",
"Van Heusen","No.191/193 Brigade Road","08049702962","4.0","303 Ratings","Open until 10:00 pm21 Years in Business","https://www.justdial.com/Bangalore/Van-Heusen-Opposite-Ruosh-Store-Brigade-Road/080PF042094_BZDET?ncatid=12091971&area=Adi%20Narayanappa%20Temple%20Street&search=%20Women%20Boutiques%20in%20Adi-Narayanappa-Temple-Street,%20Bangalore%20&mncatname=Ladies%20Boutiques",
"Soch","No.70 M G Road","08041239859","4.1","271 Ratings","Open until 9:30 pm13 Years in Business","https://www.justdial.com/Bangalore/Soch-Next-To-P-N-Rao-Company-M-G-Road/080P300829_BZDET?ncatid=12091971&area=Adi%20Narayanappa%20Temple%20Street&search=%20Women%20Boutiques%20in%20Adi-Narayanappa-Temple-Street,%20Bangalore%20&mncatname=Ladies%20Boutiques",
"Sona Bridal Wear","Pillai Street Commercial Street","08904822216","4.2","108 Ratings","Open until 9:00 pm73 Years in Business","https://www.justdial.com/Bangalore/Sona-Bridal-Wear-Near-Punjab-National-Bank-Commercial-Street/080P1232047946L4W1V3_BZDET?ncatid=12091971&area=Adi%20Narayanappa%20Temple%20Street&search=%20Women%20Boutiques%20in%20Adi-Narayanappa-Temple-Street,%20Bangalore%20&mncatname=Ladies%20Boutiques",
"Van Heusen","main road Chandra Layout","08049573825","3.8","83 Ratings","Open until 10:00 pm8 Years in Business","https://www.justdial.com/Bangalore/Van-Heusen-Near-just-bake-Chandra-Layout/080PXX80-XX80-150910162440-Y6L4_BZDET?ncatid=12091971&area=Adi%20Narayanappa%20Temple%20Street&search=%20Women%20Boutiques%20in%20Adi-Narayanappa-Temple-Street,%20Bangalore%20&mncatname=Ladies%20Boutiques",
"Lovely Tailors","Man Lane Ebrahim Sahib Street","09886042824","4.0","55 Ratings","Open until 8:30 pm","https://www.justdial.com/Bangalore/Lovely-Tailors-Opps-Silver-Plaza-Ebrahim-Sahib-Street/080P1227806244G6T2B8_BZDET?ncatid=12091971&area=Adi%20Narayanappa%20Temple%20Street&search=%20Women%20Boutiques%20in%20Adi-Narayanappa-Temple-Street,%20Bangalore%20&mncatname=Ladies%20Boutiques",
"The Girls Collections","Margosa Road Malleswaram","09902376828","4.5","37 Ratings","Open until 9:00 pm23 Years in Business","https://www.justdial.com/Bangalore/The-Girls-Collections-Opposite-Krishniah-Chetty-Jewellers-Malleswaram/080PXX80-XX80-120725094522-K3G3_BZDET?ncatid=12091971&area=Adi%20Narayanappa%20Temple%20Street&search=%20Women%20Boutiques%20in%20Adi-Narayanappa-Temple-Street,%20Bangalore%20&mncatname=Ladies%20Boutiques",
"Salman Design House","Shivaji Nagar","07204741637","4.7","30 Ratings","Open until 10:00 pm6 Years in Business","https://www.justdial.com/Bangalore/Salman-Design-House-Opposite-AKS-Convention-Centre-Shivaji-Nagar/080PXX80-XX80-191220024434-Y7E2_BZDET?ncatid=12091971&area=Adi%20Narayanappa%20Temple%20Street&search=%20Women%20Boutiques%20in%20Adi-Narayanappa-Temple-Street,%20Bangalore%20&mncatname=Ladies%20Boutiques",
"Masaba","Lavelle Road","08884404060","3.2","18 Ratings","Open until 8:00 pm","https://www.justdial.com/Bangalore/Masaba-Lavelle-Road/080PXX80-XX80-190405154812-F1B4_BZDET?ncatid=12091971&area=Adi%20Narayanappa%20Temple%20Street&search=%20Women%20Boutiques%20in%20Adi-Narayanappa-Temple-Street,%20Bangalore%20&mncatname=Ladies%20Boutiques",
"Apsara Tailors","Dr.Dvg Road Basavanagudi","09663767511","3.4","16 Ratings","Opens at 10:00 am on Mon47 Years in Business","https://www.justdial.com/Bangalore/Apsara-Tailors-Near-Upahara-Darshini-Basavanagudi/080PF006689_BZDET?ncatid=12091971&area=Adi%20Narayanappa%20Temple%20Street&search=%20Women%20Boutiques%20in%20Adi-Narayanappa-Temple-Street,%20Bangalore%20&mncatname=Ladies%20Boutiques",
"ZARA Fashions","Road Commercial Street","09886089643","4.2","14 Ratings","Open until 9:00 pm8 Years in Business","https://www.justdial.com/Bangalore/ZARA-Fashions-Parallel-to-Commercial-Street-Commercial-Street/080P5159515_BZDET?ncatid=12091971&area=Adi%20Narayanappa%20Temple%20Street&search=%20Women%20Boutiques%20in%20Adi-Narayanappa-Temple-Street,%20Bangalore%20&mncatname=Ladies%20Boutiques",
"Sunags Boutique","3rd Stage Basaveshwara Nagar","09686970033","4.9","7 Ratings","Open until 8:00 pm11 Years in Business","https://www.justdial.com/Bangalore/Sunags-Boutique-Near-Carmel-School-Basaveshwara-Nagar/080PXX80-XX80-131130165725-L6Y3_BZDET?ncatid=12091971&area=Adi%20Narayanappa%20Temple%20Street&search=%20Women%20Boutiques%20in%20Adi-Narayanappa-Temple-Street,%20Bangalore%20&mncatname=Ladies%20Boutiques",
