Name,Address,Phone,Reviews,Rating,Hours of operations,Link
"Shruthi's The Boutique","Sampige Road Malleswaram","09845615841","4.3","30 Ratings","Open until 8:00 pm8 Years in Business","https://www.justdial.com/Bangalore/Shruthis-The-Boutique-Near-The-Higher-Taste-Next-to-Bosch-Showroom-Malleswaram/080PXX80-XX80-130313163404-T9Q2_BZDET?ncatid=12091971&area=Alur%20Venkata%20Rao%20Road&search=%20Women%20Boutiques%20in%20Alur-Venkata-Rao-Road,%20Bangalore%20&mncatname=Ladies%20Boutiques",
"Star Boutique","Plaza 8th Cross Malleswaram","09845587315","4.1","28 Ratings","Open until 8:00 pm12 Years in Business","https://www.justdial.com/Bangalore/Star-Boutique-Basement-Of-Varamahalakshmi-Silks-Malleswaram/080PXX80-XX80-120912234359-I9P4_BZDET?ncatid=12091971&area=Alur%20Venkata%20Rao%20Road&search=%20Women%20Boutiques%20in%20Alur-Venkata-Rao-Road,%20Bangalore%20&mncatname=Ladies%20Boutiques",
"Blouse Well Ladies Tailor","8th Cross Malleswaram","08867563943","4.4","35 Ratings","Open until 9:30 pm15 Years in Business","https://www.justdial.com/Bangalore/Blouse-Well-Ladies-Tailor-Opposite-State-Bank-Of-India-Malleswaram/080PXX80-XX80-120927165602-V2Y3_BZDET?ncatid=12091971&area=Alur%20Venkata%20Rao%20Road&search=%20Women%20Boutiques%20in%20Alur-Venkata-Rao-Road,%20Bangalore%20&mncatname=Ladies%20Boutiques",
"Ronak International","28th Cross Kilari Road","08022343646","4.0","193 Ratings","Open until 8:00 pm10 Years in Business","https://www.justdial.com/jdmart/Bangalore/Ronak-International-Near-SBM-Kilari-Road/080PXX80-XX80-140618111429-Y7M2_BZDET/catalogue?nid=12091971",
"Silsila Clothing","Quadrant Road Shivaji Nagar","08025326565","3.8","463 Ratings","Opens in 13 mins33 Years in Business","https://www.justdial.com/Bangalore/Silsila-Clothing-Near-Taj-Hotel-Shivaji-Nagar/080PXX80-XX80-131129145840-E5A9_BZDET?ncatid=12091971&area=Alur%20Venkata%20Rao%20Road&search=%20Women%20Boutiques%20in%20Alur-Venkata-Rao-Road,%20Bangalore%20&mncatname=Ladies%20Boutiques",
"Pobbathi Silks","Bazaar Main Road Basavanagudi","09886636599","4.0","165 Ratings","Open until 8:30 pm44 Years in Business","https://www.justdial.com/Bangalore/Pobbathi-Silks-Opp-to-Rotighar-Restaurant-Basavanagudi/080PNE01524_BZDET?ncatid=12091971&area=Alur%20Venkata%20Rao%20Road&search=%20Women%20Boutiques%20in%20Alur-Venkata-Rao-Road,%20Bangalore%20&mncatname=Ladies%20Boutiques",
"Spoorthy Fashions","Subbaiah Circle Mission Road","06363696965","4.6","8 Ratings","Open until 6:30 pm23 Years in Business","https://www.justdial.com/Bangalore/Spoorthy-Fashions-Behind-Canara-Bank-Next-to-Phinics-Hospital-Mission-Road/080PXX80-XX80-180407143518-N4R3_BZDET?ncatid=12091971&area=Alur%20Venkata%20Rao%20Road&search=%20Women%20Boutiques%20in%20Alur-Venkata-Rao-Road,%20Bangalore%20&mncatname=Ladies%20Boutiques",
"SPS Creations & Boutique","31st A Cross Jayanagar 7th Block","09900127477","5.0","2 Ratings","Open until 10:00 pm16 Years in Business","https://www.justdial.com/Bangalore/SPS-Creations-Boutique-Opposite-Rajathadri-Hotel-Jayanagar-7th-Block/080PXX80-XX80-151230114305-Z2Q6_BZDET?ncatid=12091971&area=Alur%20Venkata%20Rao%20Road&search=%20Women%20Boutiques%20in%20Alur-Venkata-Rao-Road,%20Bangalore%20&mncatname=Ladies%20Boutiques",
"Seema Nanda Antara","Ali Asker Road Cunningham Road","08041721222","4.3","17 Ratings","Open until 7:00 pm18 Years in Business","https://www.justdial.com/Bangalore/Seema-Nanda-Antara-Opposite-Sigma-Mall-Cunningham-Road/080PXX80-XX80-140618133143-T1Y8_BZDET?ncatid=12091971&area=Alur%20Venkata%20Rao%20Road&search=%20Women%20Boutiques%20in%20Alur-Venkata-Rao-Road,%20Bangalore%20&mncatname=Ladies%20Boutiques",
"SHA FASHIONS","1st E Main Koramangala 8th Block","09535043471","4.7","51 Ratings","Open until 8:00 pm8 Years in Business","https://www.justdial.com/Bangalore/SHA-FASHIONS-Near-DRBRAmbedkar-Park-Koramangala-8th-Block/080PXX80-XX80-190430131119-G7N7_BZDET?ncatid=12091971&area=Alur%20Venkata%20Rao%20Road&search=%20Women%20Boutiques%20in%20Alur-Venkata-Rao-Road,%20Bangalore%20&mncatname=Ladies%20Boutiques",
"Mayeeka","Main Road Jayanagar 5th Block","08041933882","4.2","455 Ratings","Open until 9:00 pm6 Years in Business","https://www.justdial.com/Bangalore/Mayeeka-Next-to-A2B-Restaurant-Jayanagar-5th-Block/080PXX80-XX80-180204023503-T1B8_BZDET?ncatid=12091971&area=Alur%20Venkata%20Rao%20Road&search=%20Women%20Boutiques%20in%20Alur-Venkata-Rao-Road,%20Bangalore%20&mncatname=Ladies%20Boutiques",
"Vibbhinna","Main Road Jayanagar 3rd Block","09663311799","4.3","226 Ratings","Open until 8:00 pm9 Years in Business","https://www.justdial.com/Bangalore/Vibbhinna-Opposite-Bhavani-Kangan-Store-Jayanagar-3rd-Block/080PXX80-XX80-180220154443-M5V8_BZDET?ncatid=12091971&area=Alur%20Venkata%20Rao%20Road&search=%20Women%20Boutiques%20in%20Alur-Venkata-Rao-Road,%20Bangalore%20&mncatname=Ladies%20Boutiques",
"Stylo Boutique","Manthri Square Mall Srirampuram","09036057661","3.9","69 Ratings","Open until 9:00 pm28 Years in Business","https://www.justdial.com/Bangalore/Stylo-Boutique-Behind-Hanuman-Temple-Srirampuram/080PXX80-XX80-191106115839-K8R2_BZDET?ncatid=12091971&area=Alur%20Venkata%20Rao%20Road&search=%20Women%20Boutiques%20in%20Alur-Venkata-Rao-Road,%20Bangalore%20&mncatname=Ladies%20Boutiques",
"Sai Collections","Southend Road Basavanagudi","09886799679","4.3","9 Ratings","Open until 7:00 pm9 Years in Business","https://www.justdial.com/Bangalore/Sai-Collections-Above-Udupi-Grand-Hotel-Basavanagudi/080PXX80-XX80-121103112925-N1H2_BZDET?ncatid=12091971&area=Alur%20Venkata%20Rao%20Road&search=%20Women%20Boutiques%20in%20Alur-Venkata-Rao-Road,%20Bangalore%20&mncatname=Ladies%20Boutiques",
"Moh Mith","No 321 Commercial Street","09108466668","4.8","6,915 Ratings","Open until 9:00 pm6 Years in Business","https://www.justdial.com/Bangalore/Moh-Mith-Near-Shiv-Sager-Commercial-Street/080PXX80-XX80-170606012106-D5Y4_BZDET?ncatid=12091971&area=Alur%20Venkata%20Rao%20Road&search=%20Women%20Boutiques%20in%20Alur-Venkata-Rao-Road,%20Bangalore%20&mncatname=Ladies%20Boutiques",
"Stich and Shine Digital Embroidary Designers","Cross Indira Nagar 1st Stage","09008094165","4.7","3 Ratings","Open until 7:00 pm2 Years in Business","https://www.justdial.com/Bangalore/Stich-and-Shine-Digital-Embroidary-Designers-Near-Pristine-Public-School-Indira-Nagar-1st-Stage/080PXX80-XX80-151210125416-N7S9_BZDET?ncatid=12091971&area=Alur%20Venkata%20Rao%20Road&search=%20Women%20Boutiques%20in%20Alur-Venkata-Rao-Road,%20Bangalore%20&mncatname=Ladies%20Boutiques",
"Atelier Aphrodite By Nags","2nd Stage Indiranagar","09845224666","4.9","5 Ratings","Open until 7:30 pm14 Years in Business","https://www.justdial.com/Bangalore/Atelier-Aphrodite-By-Nags-Near-Esi-Hospital-Indiranagar/080PXX80-XX80-221209140835-Z7J3_BZDET?ncatid=12091971&area=Alur%20Venkata%20Rao%20Road&search=%20Women%20Boutiques%20in%20Alur-Venkata-Rao-Road,%20Bangalore%20&mncatname=Ladies%20Boutiques",
"J H Consultancy Services","Church Street Lingarajapuram","09731747471","4.1","68 Ratings","Open until 6:00 pm10 Years in Business","https://www.justdial.com/Bangalore/J-H-Consultancy-Services-Below-Fly-Over-Lingarajapuram/080PXX80-XX80-130613153328-C9T8_BZDET?ncatid=12091971&area=Alur%20Venkata%20Rao%20Road&search=%20Women%20Boutiques%20in%20Alur-Venkata-Rao-Road,%20Bangalore%20&mncatname=Ladies%20Boutiques",
"Shimmer A Fashion Boutique","Road Mahalakshmipuram Layout","09535455816","4.4","15 Ratings","Open until 9:00 pm5 Years in Business","https://www.justdial.com/Bangalore/Shimmer-A-Fashion-Boutique-Near-By-Mahalakshmi-Metro-Station-Mahalakshmipuram-Layout/080PXX80-XX80-180807125941-N7Y2_BZDET?ncatid=12091971&area=Alur%20Venkata%20Rao%20Road&search=%20Women%20Boutiques%20in%20Alur-Venkata-Rao-Road,%20Bangalore%20&mncatname=Ladies%20Boutiques",
"New Fashion Ladies Tailors","3rd Main Padmanabhanagar","08618608099","3.7","5 Ratings","Open until 9:00 pm17 Years in Business","https://www.justdial.com/Bangalore/New-Fashion-Ladies-Tailors-Near-Devegowda-House-Padmanabhanagar/080PXX80-XX80-110120132613-J7T8_BZDET?ncatid=12091971&area=Alur%20Venkata%20Rao%20Road&search=%20Women%20Boutiques%20in%20Alur-Venkata-Rao-Road,%20Bangalore%20&mncatname=Ladies%20Boutiques",
"Nisa Family Shop","Main Road Arabic College","08025487777","4.0","80 Ratings","Open until 10:00 pm9 Years in Business","https://www.justdial.com/Bangalore/Nisa-Family-Shop-Next-to-Khadims-PT-Bus-Stop-Arabic-College/080PXX80-XX80-140611153316-X2H7_BZDET?ncatid=12091971&area=Alur%20Venkata%20Rao%20Road&search=%20Women%20Boutiques%20in%20Alur-Venkata-Rao-Road,%20Bangalore%20&mncatname=Ladies%20Boutiques",
"Style Diva","3rd Cross Jp Nagar 2nd Phase","09742782429","3.9","43 Ratings","Open until 7:30 pm15 Years in Business","https://www.justdial.com/Bangalore/Style-Diva-Behind-Shanti-Sagar-Hotel-Jp-Nagar-2nd-Phase/080PXX80-XX80-121217184305-Q7C2_BZDET?ncatid=12091971&area=Alur%20Venkata%20Rao%20Road&search=%20Women%20Boutiques%20in%20Alur-Venkata-Rao-Road,%20Bangalore%20&mncatname=Ladies%20Boutiques",
"Sampradaya Womens Couture","CMH Road Indira Nagar 1st Stage","09019574477","4.7","264 Ratings","Open until 8:30 pm8 Years in Business","https://www.justdial.com/Bangalore/Sampradaya-Womens-Couture-Above-Fabric-Spa-Indira-Nagar-1st-Stage/080PXX80-XX80-190314185704-J2H6_BZDET?ncatid=12091971&area=Alur%20Venkata%20Rao%20Road&search=%20Women%20Boutiques%20in%20Alur-Venkata-Rao-Road,%20Bangalore%20&mncatname=Ladies%20Boutiques",
"Aasvas Designer Studio","24b Basaveshwara Nagar","09845709111","3.9","10 Ratings","Open until 9:00 pm2 Years in Business","https://www.justdial.com/Bangalore/Aasvas-Designer-Studio-Bridge-Basaveshwara-Nagar/080PXX80-XX80-210818140552-U1D7_BZDET?ncatid=12091971&area=Alur%20Venkata%20Rao%20Road&search=%20Women%20Boutiques%20in%20Alur-Venkata-Rao-Road,%20Bangalore%20&mncatname=Ladies%20Boutiques",
"Nidhi Fashions","Chandra Layout Nagarbhavi","09663724626","4.4","63 Ratings","Open until 8:30 pm20 Years in Business","https://www.justdial.com/Bangalore/Nidhi-Fashions-Near-Indian-Oil-Petrol-Bunk-Nagarbhavi/080P1228198033N9Y1L8_BZDET?ncatid=12091971&area=Alur%20Venkata%20Rao%20Road&search=%20Women%20Boutiques%20in%20Alur-Venkata-Rao-Road,%20Bangalore%20&mncatname=Ladies%20Boutiques",
"Nivitha Fashions","Dollars Colony-Rmv 2nd Stage","07715059892","5.0","1 Ratings","Open until 9:00 pm1 Year in Business","https://www.justdial.com/Bangalore/Nivitha-Fashions-Near-3m-Car-Care-Dollars-Colony-Rmv-2nd-Stage/080PXX80-XX80-220929193033-T1F9_BZDET?ncatid=12091971&area=Alur%20Venkata%20Rao%20Road&search=%20Women%20Boutiques%20in%20Alur-Venkata-Rao-Road,%20Bangalore%20&mncatname=Ladies%20Boutiques",
"Siri Designer Boutique","2nd Cross BTM Layout 2nd Stage","09980438140","3.4","8 Ratings","Open until 8:00 pm8 Years in Business","https://www.justdial.com/Bangalore/Siri-Designer-Boutique-Jaydeva-Signal-BTM-Layout-2nd-Stage/080PXX80-XX80-170623131146-Z2B1_BZDET?ncatid=12091971&area=Alur%20Venkata%20Rao%20Road&search=%20Women%20Boutiques%20in%20Alur-Venkata-Rao-Road,%20Bangalore%20&mncatname=Ladies%20Boutiques",
"Kriya Closet","3rd Cross Rt Nagar","09538040045","4.5","4 Ratings","Open until 8:00 pm","https://www.justdial.com/Bangalore/Kriya-Closet-Near-Balaji-Sweets-Rt-Nagar/080PXX80-XX80-181025120736-Q9Y3_BZDET?ncatid=12091971&area=Alur%20Venkata%20Rao%20Road&search=%20Women%20Boutiques%20in%20Alur-Venkata-Rao-Road,%20Bangalore%20&mncatname=Ladies%20Boutiques",
"Nakoda Designer Boutique","4th Cross Madiwala","09886115721","4.3","20 Ratings","Open until 8:00 pm9 Years in Business","https://www.justdial.com/Bangalore/Nakoda-Designer-Boutique-Next-to-Shanti-Sagar-Madiwala/080PXX80-XX80-150929121440-J6A1_BZDET?ncatid=12091971&area=Alur%20Venkata%20Rao%20Road&search=%20Women%20Boutiques%20in%20Alur-Venkata-Rao-Road,%20Bangalore%20&mncatname=Ladies%20Boutiques",
"RSG By Rupa","KHB Colony Koramangala 8th Block","08065702971","4.7","62 Ratings","Opens in 12 mins12 Years in Business","https://www.justdial.com/Bangalore/RSG-By-Rupa-Near-Dyu-Art-Cafe-Koramangala-8th-Block/080PXX80-XX80-110307121436-M5E8_BZDET?ncatid=12091971&area=Alur%20Venkata%20Rao%20Road&search=%20Women%20Boutiques%20in%20Alur-Venkata-Rao-Road,%20Bangalore%20&mncatname=Ladies%20Boutiques",
"Pusp Kala","No 12 Basaveshwara Nagar","09620181895","4.1","31 Ratings","Open until 8:30 pm10 Years in Business","https://www.justdial.com/Bangalore/Pusp-Kala-Near-Bank-Of-India-Basaveshwara-Nagar/080PXX80-XX80-180224145405-Z7W4_BZDET?ncatid=12091971&area=Alur%20Venkata%20Rao%20Road&search=%20Women%20Boutiques%20in%20Alur-Venkata-Rao-Road,%20Bangalore%20&mncatname=Ladies%20Boutiques",
"The Label Redefining Womens Wear","27th Main Hsr Layout Sector 1","07829311369","4.0","99 Ratings","Open until 8:00 pm14 Years in Business","https://www.justdial.com/Bangalore/The-Label-Redefining-Womens-Wear-Near-Titan-Eye-Hsr-Layout-Sector-1/080PXX80-XX80-120417181648-M2T1_BZDET?ncatid=12091971&area=Alur%20Venkata%20Rao%20Road&search=%20Women%20Boutiques%20in%20Alur-Venkata-Rao-Road,%20Bangalore%20&mncatname=Ladies%20Boutiques",
"Premila Cloth Shop","Sultanpalya Main Road Rt Nagar","07619203222","5.0","3 Ratings","Open 24 Hrs7 Years in Business","https://www.justdial.com/jdmart/Bangalore/Premila-Cloth-Shop-Near-Ehaa-Hospital-Rt-Nagar/080PXX80-XX80-201116192511-I5A1_BZDET/catalogue?nid=12091971",
"Gene Bridal Boutiques","RT Nagar Post Rt Nagar","09980773490","4.0","258 Ratings","Open until 7:00 pm13 Years in Business","https://www.justdial.com/Bangalore/Gene-Bridal-Boutiques-Near-Camellia-Clothing-Store-Rt-Nagar/080PXX80-XX80-130417113317-K4J3_BZDET?ncatid=12091971&area=Alur%20Venkata%20Rao%20Road&search=%20Women%20Boutiques%20in%20Alur-Venkata-Rao-Road,%20Bangalore%20&mncatname=Ladies%20Boutiques",
"Yukba Designer Studio","Main Road Bannerghatta Road","08040976391","4.2","86 Ratings","Open until 9:00 pm5 Years in Business","https://www.justdial.com/Bangalore/Yukba-Designer-Studio-Opp-to-Vijaya-Bank-Arekere-Bannerghatta-Road/080PXX80-XX80-180404112023-D1C7_BZDET?ncatid=12091971&area=Alur%20Venkata%20Rao%20Road&search=%20Women%20Boutiques%20in%20Alur-Venkata-Rao-Road,%20Bangalore%20&mncatname=Ladies%20Boutiques",
"Fascilo Designer Boutique","Isro Layout Kumaraswamy Layout","08892198626","3.5","2 Ratings","Open until 7:30 pm10 Years in Business","https://www.justdial.com/Bangalore/Fascilo-Designer-Boutique-Near-Isro-Layout-Bus-Stop-Kumaraswamy-Layout/080PXX80-XX80-140716100122-T3Z2_BZDET?ncatid=12091971&area=Alur%20Venkata%20Rao%20Road&search=%20Women%20Boutiques%20in%20Alur-Venkata-Rao-Road,%20Bangalore%20&mncatname=Ladies%20Boutiques",
"Rent N Wear","New RMV Extension 2nd Stage","09327106161","4.8","124 Ratings","Open until 9:30 pm1 Year in Business","https://www.justdial.com/Bangalore/Rent-N-Wear-Chroma-Showroom-RMV-Extension-2nd-Stage/080PXX80-XX80-220720132545-S3E4_BZDET?ncatid=12091971&area=Alur%20Venkata%20Rao%20Road&search=%20Women%20Boutiques%20in%20Alur-Venkata-Rao-Road,%20Bangalore%20&mncatname=Ladies%20Boutiques",
"My Designer","4th Stage Rajarajeshwari Nagar","09611634966","4.5","16 Ratings","Open until 8:30 pm11 Years in Business","https://www.justdial.com/Bangalore/My-Designer-Behind-HDFC-Bank-and-Near-Double-Road-Rajarajeshwari-Nagar/080PXX80-XX80-130519112730-F6N3_BZDET?ncatid=12091971&area=Alur%20Venkata%20Rao%20Road&search=%20Women%20Boutiques%20in%20Alur-Venkata-Rao-Road,%20Bangalore%20&mncatname=Ladies%20Boutiques",
"Aadiquipo Designer Studio","Rajarajeshwari Nagar","07892629425","4.7","112 Ratings","Open until 8:30 pm7 Years in Business","https://www.justdial.com/Bangalore/Aadiquipo-Designer-Studio-Near-Mantri-Alpyne-Appartment-Rajarajeshwari-Nagar/080PXX80-XX80-190604132013-S2M9_BZDET?ncatid=12091971&area=Alur%20Venkata%20Rao%20Road&search=%20Women%20Boutiques%20in%20Alur-Venkata-Rao-Road,%20Bangalore%20&mncatname=Ladies%20Boutiques",
"Shreem Creates Studio","Main Road Uttarahalli","09164643127","5.0","3 Ratings","Open until 8:30 pm29 Years in Business","https://www.justdial.com/Bangalore/Shreem-Creates-Studio-Near-NICE-Road-Uttarahalli/080PXX80-XX80-101118153606-V6D1_BZDET?ncatid=12091971&area=Alur%20Venkata%20Rao%20Road&search=%20Women%20Boutiques%20in%20Alur-Venkata-Rao-Road,%20Bangalore%20&mncatname=Ladies%20Boutiques",
"Amyra The Fashion Studio","1st Stage HBR Layout","07259211563","4.2","81 Ratings","Open until 7:30 pm6 Years in Business","https://www.justdial.com/Bangalore/Amyra-The-Fashion-Studio-Near-BDA-Complex-HBR-Layout/080PXX80-XX80-170818120521-N4M7_BZDET?ncatid=12091971&area=Alur%20Venkata%20Rao%20Road&search=%20Women%20Boutiques%20in%20Alur-Venkata-Rao-Road,%20Bangalore%20&mncatname=Ladies%20Boutiques",
"Chimmi Garments and Saree Palace","3rd Main Road Mathikere","08023601350","4.0","570 Ratings","Open until 9:00 pm35 Years in Business","https://www.justdial.com/Bangalore/Chimmi-Garments-and-Saree-Palace-Near-Mathikere-Bus-Stop-Mathikere/080P5153233_BZDET?ncatid=12091971&area=Alur%20Venkata%20Rao%20Road&search=%20Women%20Boutiques%20in%20Alur-Venkata-Rao-Road,%20Bangalore%20&mncatname=Ladies%20Boutiques",
"Kasturi The Designer Boutique","1st Main Kasturi Nagar","06366066712","4.2","91 Ratings","Open until 8:30 pm11 Years in Business","https://www.justdial.com/Bangalore/Kasturi-The-Designer-Boutique-Next-to-Limra-Car-Zone-Kasturi-Nagar/080PXX80-XX80-130927162828-Y2G6_BZDET?ncatid=12091971&area=Alur%20Venkata%20Rao%20Road&search=%20Women%20Boutiques%20in%20Alur-Venkata-Rao-Road,%20Bangalore%20&mncatname=Ladies%20Boutiques",
"Sri Sharda Design Studio","Doddakallasandra","08553140101","4.8","96 Ratings","Open until 9:00 pm5 Years in Business","https://www.justdial.com/Bangalore/Sri-Sharda-Design-Studio-Gokulam-Apartment-Doddakallasandra/080PXX80-XX80-180728143007-M1V8_BZDET?ncatid=12091971&area=Alur%20Venkata%20Rao%20Road&search=%20Women%20Boutiques%20in%20Alur-Venkata-Rao-Road,%20Bangalore%20&mncatname=Ladies%20Boutiques",
"Shrusti Creation","Dinne Jp Nagar 7th Phase","09620009438","3.7","50 Ratings","Open until 9:00 pm24 Years in Business","https://www.justdial.com/Bangalore/Shrusti-Creation-Opp-to-Podar-Jumbo-Kids-and-Next-to-Big-Bazaar-Jp-Nagar-7th-Phase/080PXX80-XX80-140430120546-K1Y8_BZDET?ncatid=12091971&area=Alur%20Venkata%20Rao%20Road&search=%20Women%20Boutiques%20in%20Alur-Venkata-Rao-Road,%20Bangalore%20&mncatname=Ladies%20Boutiques",
"Jayashree Boutique","Layout Rajarajeshwari Nagar","09535043325","4.1","6 Ratings","Open until 9:30 pm9 Years in Business","https://www.justdial.com/Bangalore/Jayashree-Boutique-Jnakshi-School-Near-Rajarajeshwari-Nagar/080PXX80-XX80-160317183534-B4R8_BZDET?ncatid=12091971&area=Alur%20Venkata%20Rao%20Road&search=%20Women%20Boutiques%20in%20Alur-Venkata-Rao-Road,%20Bangalore%20&mncatname=Ladies%20Boutiques",
"Akira Fashion Studio & Boutique","Neharu Main Road Kammanahalli","07888988488","4.9","398 Ratings","Open until 8:30 pm5 Years in Business","https://www.justdial.com/Bangalore/Akira-Fashion-Studio-Boutique-Near-Empire-Hotel-Kammanahalli/080PXX80-XX80-180623211136-F1A7_BZDET?ncatid=12091971&area=Alur%20Venkata%20Rao%20Road&search=%20Women%20Boutiques%20in%20Alur-Venkata-Rao-Road,%20Bangalore%20&mncatname=Ladies%20Boutiques",
"Fashion Tracks Designer Boutique","11 Th Block Rachenahalli","09986297869","5.0","2 Ratings","Open until 8:00 pm2 Years in Business","https://www.justdial.com/Bangalore/Fashion-Tracks-Designer-Boutique-Pinnacle-HeightsPin-Code-560077-Rachenahalli/080PXX80-XX80-211020141910-N9A1_BZDET?ncatid=12091971&area=Alur%20Venkata%20Rao%20Road&search=%20Women%20Boutiques%20in%20Alur-Venkata-Rao-Road,%20Bangalore%20&mncatname=Ladies%20Boutiques",
"Savys Boutique","25th Cross Kaggadasapura Road","07795766790","4.4","712 Ratings","Open until 9:00 pm9 Years in Business","https://www.justdial.com/Bangalore/Savys-Boutique-Near-Hemagiri-Apartments-Kaggadasapura-Road/080PXX80-XX80-140801125416-J1C4_BZDET?ncatid=12091971&area=Alur%20Venkata%20Rao%20Road&search=%20Women%20Boutiques%20in%20Alur-Venkata-Rao-Road,%20Bangalore%20&mncatname=Ladies%20Boutiques",
"Creative Fabz","Nagar Bus Stop Thanisandra","09900242211","4.5","59 Ratings","Open until 9:30 pm33 Years in Business","https://www.justdial.com/Bangalore/Creative-Fabz-Opposite-Bata-Showroom-Thanisandra/080PXX80-XX80-150309114139-D5S6_BZDET?ncatid=12091971&area=Alur%20Venkata%20Rao%20Road&search=%20Women%20Boutiques%20in%20Alur-Venkata-Rao-Road,%20Bangalore%20&mncatname=Ladies%20Boutiques",
"Aakarshan","Kempapura Hebbal","09036750760","3.8","5 Ratings","Open until 8:00 pm12 Years in Business","https://www.justdial.com/Bangalore/Aakarshan-Behind-Canara-Bank-Hebbal/080PXX80-XX80-120618225347-L1C6_BZDET?ncatid=12091971&area=Alur%20Venkata%20Rao%20Road&search=%20Women%20Boutiques%20in%20Alur-Venkata-Rao-Road,%20Bangalore%20&mncatname=Ladies%20Boutiques",
"Buzzzest","Novel Tech Park Kudulu Gate","09900007879","5.0","3 Ratings","Open until 7:00 pm1 Year in Business","https://www.justdial.com/Bangalore/Buzzzest-Kudulu-Gate/080PXX80-XX80-230120132516-Y1J9_BZDET?ncatid=12091971&area=Alur%20Venkata%20Rao%20Road&search=%20Women%20Boutiques%20in%20Alur-Venkata-Rao-Road,%20Bangalore%20&mncatname=Ladies%20Boutiques",
"Khushbu Fancy Tailoring","# 33 5th Cross Yemlur","07619561995","3.5","2 Ratings","Open 24 Hrs7 Years in Business","https://www.justdial.com/Bangalore/Khushbu-Fancy-Tailoring-Maduramma-Temple-Yemlur/080PXX80-XX80-230106185635-W2P1_BZDET?ncatid=12091971&area=Alur%20Venkata%20Rao%20Road&search=%20Women%20Boutiques%20in%20Alur-Venkata-Rao-Road,%20Bangalore%20&mncatname=Ladies%20Boutiques",
"Bridgit Fashion Tailors","Shop No 6 Vignana Nagar","09880431310","4.9","35 Ratings","Open until 7:30 pm4 Years in Business","https://www.justdial.com/Bangalore/Bridgit-Fashion-Tailors-Opp-Federal-Bank-Vignana-Nagar/080PXX80-XX80-190328152559-G7N5_BZDET?ncatid=12091971&area=Alur%20Venkata%20Rao%20Road&search=%20Women%20Boutiques%20in%20Alur-Venkata-Rao-Road,%20Bangalore%20&mncatname=Ladies%20Boutiques",
"Megha Boutique","22nd Main HSR Layout","08904700145","4.3","2 Ratings","Open until 9:30 pm10 Years in Business","https://www.justdial.com/Bangalore/Megha-Boutique-Near-Medical-Shop-HSR-Layout/080PXX80-XX80-151229121008-K3Y9_BZDET?ncatid=12091971&area=Alur%20Venkata%20Rao%20Road&search=%20Women%20Boutiques%20in%20Alur-Venkata-Rao-Road,%20Bangalore%20&mncatname=Ladies%20Boutiques",
"Charmine Chaya Designer Studio Makeup Studio and Salon","T Dasarahalli","08310734322","4.5","72 Ratings","Open until 8:00 pm15 Years in Business","https://www.justdial.com/Bangalore/Charmine-Chaya-Designer-Studio-Makeup-Studio-and-Salon-Near-Poorvika-Showroom-T-Dasarahalli/080PXX80-XX80-200314105006-F2H5_BZDET?ncatid=12091971&area=Alur%20Venkata%20Rao%20Road&search=%20Women%20Boutiques%20in%20Alur-Venkata-Rao-Road,%20Bangalore%20&mncatname=Ladies%20Boutiques",
"Charu Creation Designers Boutique","C V Raman Nagar","09008095984","4.4","390 Ratings","Opens at 10:30 am tomorrow14 Years in Business","https://www.justdial.com/Bangalore/Charu-Creation-Designers-Boutique-Near-Sct-Engineering-College-C-V-Raman-Nagar/080P1237870319J4C7G6_BZDET?ncatid=12091971&area=Alur%20Venkata%20Rao%20Road&search=%20Women%20Boutiques%20in%20Alur-Venkata-Rao-Road,%20Bangalore%20&mncatname=Ladies%20Boutiques",
"Safura Embroidery Designers","Palya Main Road Ramamurthy Nagar","07338224657","4.2","22 Ratings","Open until 8:30 pm11 Years in Business","https://www.justdial.com/Bangalore/Safura-Embroidery-Designers-Near-R-K-ApartmentOpp-The-Family-Doctor-Hospital-Ramamurthy-Nagar/080PXX80-XX80-131121150415-R3P6_BZDET?ncatid=12091971&area=Alur%20Venkata%20Rao%20Road&search=%20Women%20Boutiques%20in%20Alur-Venkata-Rao-Road,%20Bangalore%20&mncatname=Ladies%20Boutiques",
"Manju Fashions","C T Street Marathahalli","09845123951","3.9","75 Ratings","Open until 9:30 pm31 Years in Business","https://www.justdial.com/Bangalore/Manju-Fashions-Next-to-Chowdeswari-Temple-Marathahalli/080PXX80-XX80-121003135833-Z3Y8_BZDET?ncatid=12091971&area=Alur%20Venkata%20Rao%20Road&search=%20Women%20Boutiques%20in%20Alur-Venkata-Rao-Road,%20Bangalore%20&mncatname=Ladies%20Boutiques",
"Bombay Textile and Tailors Raymondsuiting Shirtings and Silk Sarees","Main Road Krishnarajapuram","09986561696","4.0","109 Ratings","Open until 10:00 pm31 Years in Business","https://www.justdial.com/Bangalore/Bombay-Textile-and-Tailors-Raymondsuiting-Shirtings-and-Silk-Sarees-Bombay-Tailors-Ramurthi-Nagar-Krishnarajapuram/080PXX80-XX80-110522131606-Q1S8_BZDET?ncatid=12091971&area=Alur%20Venkata%20Rao%20Road&search=%20Women%20Boutiques%20in%20Alur-Venkata-Rao-Road,%20Bangalore%20&mncatname=Ladies%20Boutiques",
"Bespoke Designer","Marathahalli","09449349667","4.2","32 Ratings","Open until 8:00 pm13 Years in Business","https://www.justdial.com/Bangalore/Bespoke-Designer-Near-Kalamandir-Marathahalli/080PXX80-XX80-190205121250-P1T7_BZDET?ncatid=12091971&area=Alur%20Venkata%20Rao%20Road&search=%20Women%20Boutiques%20in%20Alur-Venkata-Rao-Road,%20Bangalore%20&mncatname=Ladies%20Boutiques",
"Shruthi Designer Boutique","Hotel Side Yelahanka New Town","09590885934","4.5","34 Ratings","Open until 7:00 pm25 Years in Business","https://www.justdial.com/Bangalore/Shruthi-Designer-Boutique-Kottakkal-Hospital-Yelahanka-New-Town/080PXX80-XX80-120709204851-N8U5_BZDET?ncatid=12091971&area=Alur%20Venkata%20Rao%20Road&search=%20Women%20Boutiques%20in%20Alur-Venkata-Rao-Road,%20Bangalore%20&mncatname=Ladies%20Boutiques",
"Shobha Boutique","Mother Dairy Circle Yelahanka","09805909898","4.7","135 Ratings","Open until 8:00 pm5 Years in Business","https://www.justdial.com/Bangalore/Shobha-Boutique-Kottakkal-Arya-Vaidya-Shala-Yelahanka/080PXX80-XX80-181204135502-V6D3_BZDET?ncatid=12091971&area=Alur%20Venkata%20Rao%20Road&search=%20Women%20Boutiques%20in%20Alur-Venkata-Rao-Road,%20Bangalore%20&mncatname=Ladies%20Boutiques",
"Senon Boutique","Belthur Main Road Kadugodi","07349186444","4.0","151 Ratings","Open until 7:30 pm6 Years in Business","https://www.justdial.com/Bangalore/Senon-Boutique-Near-LJ-Iyengar-Bakery-Kadugodi/080PXX80-XX80-170619115952-C8N2_BZDET?ncatid=12091971&area=Alur%20Venkata%20Rao%20Road&search=%20Women%20Boutiques%20in%20Alur-Venkata-Rao-Road,%20Bangalore%20&mncatname=Ladies%20Boutiques",
"Rose Petals Boutique","Immadihalli Main Road Whitefield","08970340460","4.5","490 Ratings","Open until 8:00 pm9 Years in Business","https://www.justdial.com/Bangalore/Rose-Petals-Boutique-Near-Chikkanjeneya-Temple-Canara-Bank-ATM-Udupi-Veg-Hotel-Cauvery-Bakery-Whitefield/080PXX80-XX80-151012121435-S2Y4_BZDET?ncatid=12091971&area=Alur%20Venkata%20Rao%20Road&search=%20Women%20Boutiques%20in%20Alur-Venkata-Rao-Road,%20Bangalore%20&mncatname=Ladies%20Boutiques",
"Blossom Boutique","Road Electronic City Phase 1","08971145432","3.5","11 Ratings","Open until 9:00 pm","https://www.justdial.com/Bangalore/Blossom-Boutique-Near-Fire-Station-Electronic-City-Phase-1/080PXX80-XX80-180831135655-W7G9_BZDET?ncatid=12091971&area=Alur%20Venkata%20Rao%20Road&search=%20Women%20Boutiques%20in%20Alur-Venkata-Rao-Road,%20Bangalore%20&mncatname=Ladies%20Boutiques",
"Sumedha Fashion Studio","Police Layout Bommasandra","09731590547","4.9","5 Ratings","Open until 8:00 pm7 Years in Business","https://www.justdial.com/Bangalore/Sumedha-Fashion-Studio-Near-State-Bank-Of-India-Bommasandra/080PXX80-XX80-180412193357-A4R6_BZDET?ncatid=12091971&area=Alur%20Venkata%20Rao%20Road&search=%20Women%20Boutiques%20in%20Alur-Venkata-Rao-Road,%20Bangalore%20&mncatname=Ladies%20Boutiques",
"Dress Code Clothing Pvt Ltd","Kota-rajasthan","08406044444","4.5","100 Ratings","Open until 7:30 pm","https://www.justdial.com/Kota-rajasthan/Dress-Code-Clothing-Pvt-Ltd/9999PX744-X744-190925182757-L4B1_BZDET?ncatid=12091971&area=Alur%20Venkata%20Rao%20Road&search=%20Women%20Boutiques%20in%20Alur-Venkata-Rao-Road,%20Bangalore%20&mncatname=Ladies%20Boutiques",
"Patel Matching Center","7th Cross Agara","09516572711","4.8","40 Ratings","Open until 9:00 pm7 Years in Business","https://www.justdial.com/Bangalore/Patel-Matching-Center-Agara/080PXX80-XX80-210724101516-C1P3_BZDET?ncatid=12091971&area=Alur%20Venkata%20Rao%20Road&search=%20Women%20Boutiques%20in%20Alur-Venkata-Rao-Road,%20Bangalore%20&mncatname=Ladies%20Boutiques",
"Nandi Fabs","Jm Road Cross Nagarathpet","08042047182","3.9","19 Ratings","Open until 8:00 pm15 Years in Business","https://www.justdial.com/Bangalore/Nandi-Fabs-Near-Suraj-Packing-Nagarathpet/080P1228417747W4D8H6_BZDET?ncatid=12091971&area=Alur%20Venkata%20Rao%20Road&search=%20Women%20Boutiques%20in%20Alur-Venkata-Rao-Road,%20Bangalore%20&mncatname=Ladies%20Boutiques",
"Arihant Designer Uniq","Jm Road Avenue Road","08042094114","4.2","8 Ratings","Open until 8:00 pm13 Years in Business","https://www.justdial.com/Bangalore/Arihant-Designer-Uniq-Near-TO-GANESHA-TEMPLE-Avenue-Road/080PXX80-XX80-171223124016-V7V7_BZDET?ncatid=12091971&area=Alur%20Venkata%20Rao%20Road&search=%20Women%20Boutiques%20in%20Alur-Venkata-Rao-Road,%20Bangalore%20&mncatname=Ladies%20Boutiques",
"Kajol Goldline Sarees","Bettappa Lane Jamia Masjid Road","08041325162","3.6","7 Ratings","Open until 8:00 pm","https://www.justdial.com/Bangalore/Kajol-Goldline-Sarees-Near-Madhumillan-Silk-Nagarthpet-Cross-Jamia-Masjid-Road/080PXX80-XX80-180831130846-W6I5_BZDET?ncatid=12091971&area=Alur%20Venkata%20Rao%20Road&search=%20Women%20Boutiques%20in%20Alur-Venkata-Rao-Road,%20Bangalore%20&mncatname=Ladies%20Boutiques",
"Mahera Boutique","Bangalore Airport Bangalore City","07892285110","4.1","6 Ratings","Open until 9:00 pm9 Years in Business","https://www.justdial.com/Bangalore/Mahera-Boutique-Bangalore-City/080PXX80-XX80-170302120302-G5B2_BZDET?ncatid=12091971&area=Alur%20Venkata%20Rao%20Road&search=%20Women%20Boutiques%20in%20Alur-Venkata-Rao-Road,%20Bangalore%20&mncatname=Ladies%20Boutiques",
"Mahalaxmi Dresses","T N Shetty Lane Avenue Road","09743000701","5.0","2 Ratings","Open until 8:30 pm10 Years in Business","https://www.justdial.com/Bangalore/Mahalaxmi-Dresses-Avenue-Road/080PXX80-XX80-130903154805-Z8T1_BZDET?ncatid=12091971&area=Alur%20Venkata%20Rao%20Road&search=%20Women%20Boutiques%20in%20Alur-Venkata-Rao-Road,%20Bangalore%20&mncatname=Ladies%20Boutiques",
"Lovely Fashions","MBT Street Nagarathpet","07204660715","4.5","1 Ratings","Open until 8:30 pm11 Years in Business","https://www.justdial.com/Bangalore/Lovely-Fashions-Near-Jain-Temple-Nagarathpet/080PXX80-XX80-160824102757-R1K3_BZDET?ncatid=12091971&area=Alur%20Venkata%20Rao%20Road&search=%20Women%20Boutiques%20in%20Alur-Venkata-Rao-Road,%20Bangalore%20&mncatname=Ladies%20Boutiques",
"Saniya Boutique","Nagarspety Cross Sp Road","09341414518","3.0","1 Ratings","Open until 9:00 pm9 Years in Business","https://www.justdial.com/Bangalore/Saniya-Boutique-Darmaraya-Temple-Sp-Road/080PXX80-XX80-131225114904-M9I8_BZDET?ncatid=12091971&area=Alur%20Venkata%20Rao%20Road&search=%20Women%20Boutiques%20in%20Alur-Venkata-Rao-Road,%20Bangalore%20&mncatname=Ladies%20Boutiques",
"Koskii","A M Street Shivaji Nagar","08040996889","4.8","1,070 Ratings","Open until 9:30 pm","https://www.justdial.com/Bangalore/Koskii-Near-Baitul-Mal-Shivaji-Nagar/080PXX80-XX80-161118153410-I6G9_BZDET?ncatid=12091971&area=Alur%20Venkata%20Rao%20Road&search=%20Women%20Boutiques%20in%20Alur-Venkata-Rao-Road,%20Bangalore%20&mncatname=Ladies%20Boutiques",
"Masaba","Lavelle Road","08884404060","3.2","18 Ratings","Open until 8:00 pm","https://www.justdial.com/Bangalore/Masaba-Lavelle-Road/080PXX80-XX80-190405154812-F1B4_BZDET?ncatid=12091971&area=Alur%20Venkata%20Rao%20Road&search=%20Women%20Boutiques%20in%20Alur-Venkata-Rao-Road,%20Bangalore%20&mncatname=Ladies%20Boutiques",
"R World The Fashion Boutique","1st Main Road Seshadripuram","08867864340","4.7","38 Ratings","Open until 8:00 pm4 Years in Business","https://www.justdial.com/Bangalore/R-World-The-Fashion-Boutique-Near-to-S-N-Thindi-Mane-Seshadripuram/080PXX80-XX80-190712164122-K4Q7_BZDET?ncatid=12091971&area=Alur%20Venkata%20Rao%20Road&search=%20Women%20Boutiques%20in%20Alur-Venkata-Rao-Road,%20Bangalore%20&mncatname=Ladies%20Boutiques",
"Fashion Threads","Bhavan Road V V Puram","09886133412","3.7","37 Ratings","Open until 9:00 pm5 Years in Business","https://www.justdial.com/Bangalore/Fashion-Threads-Near-Ganesh-Chats-V-V-Puram/080PXX80-XX80-180206184031-T4R4_BZDET?ncatid=12091971&area=Alur%20Venkata%20Rao%20Road&search=%20Women%20Boutiques%20in%20Alur-Venkata-Rao-Road,%20Bangalore%20&mncatname=Ladies%20Boutiques",
"Darkline Apparels Pvt Ltd","R V Road Basavanagudi","09092275202","4.1","15 Ratings","Open until 6:00 pm13 Years in Business","https://www.justdial.com/Bangalore/Darkline-Apparels-Pvt-Ltd-Opposite-Tilles-Print-Basavanagudi/080PXX80-XX80-170801171743-S4B5_BZDET?ncatid=12091971&area=Alur%20Venkata%20Rao%20Road&search=%20Women%20Boutiques%20in%20Alur-Venkata-Rao-Road,%20Bangalore%20&mncatname=Ladies%20Boutiques",
"Mansri Boutique","Surveyors Street Basavanagudi","09902588883","4.6","13 Ratings","Open until 8:00 pm9 Years in Business","https://www.justdial.com/Bangalore/Mansri-Boutique-Behind-Cool-Corner-Hotel-Basavanagudi/080PXX80-XX80-190109211540-A1T6_BZDET?ncatid=12091971&area=Alur%20Venkata%20Rao%20Road&search=%20Women%20Boutiques%20in%20Alur-Venkata-Rao-Road,%20Bangalore%20&mncatname=Ladies%20Boutiques",
"Kasuti Boutique","Puttanna Road Basavanagudi","09880682999","3.2","10 Ratings","Open until 8:30 pm15 Years in Business","https://www.justdial.com/Bangalore/Kasuti-Boutique-Behind-Rotighar-Basavanagudi/080PXX80-XX80-140526145049-K7S5_BZDET?ncatid=12091971&area=Alur%20Venkata%20Rao%20Road&search=%20Women%20Boutiques%20in%20Alur-Venkata-Rao-Road,%20Bangalore%20&mncatname=Ladies%20Boutiques",
"Sparsha","5th Main Road Chamarajpet","09483016201","4.8","9 Ratings","Opens in 10 mins6 Years in Business","https://www.justdial.com/Bangalore/Sparsha-Opposite-to-VRL-Travels-Chamarajpet/080PXX80-XX80-170316125655-Y2V7_BZDET?ncatid=12091971&area=Alur%20Venkata%20Rao%20Road&search=%20Women%20Boutiques%20in%20Alur-Venkata-Rao-Road,%20Bangalore%20&mncatname=Ladies%20Boutiques",
"Stylo Tailors","Nat Street Basavanagudi","08660881326","4.8","4 Ratings","Open until 9:30 pm23 Years in Business","https://www.justdial.com/Bangalore/Stylo-Tailors-Near-Anjneya-Temple-Basavanagudi/080PXX80-XX80-140514124122-U1J8_BZDET?ncatid=12091971&area=Alur%20Venkata%20Rao%20Road&search=%20Women%20Boutiques%20in%20Alur-Venkata-Rao-Road,%20Bangalore%20&mncatname=Ladies%20Boutiques",
"Rohith Ladies Tailors","Magadi Main Road Magadi Road","09243025160","4.7","4 Ratings","Open until 8:30 pm12 Years in Business","https://www.justdial.com/Bangalore/Rohith-Ladies-Tailors-Near-Anjan-Theatre-Magadi-Road/080PXX80-XX80-130812145621-J3S8_BZDET?ncatid=12091971&area=Alur%20Venkata%20Rao%20Road&search=%20Women%20Boutiques%20in%20Alur-Venkata-Rao-Road,%20Bangalore%20&mncatname=Ladies%20Boutiques",
"Mamtas Creation","Lakshimi Road Shanthinagar","09880155666","4.6","4 Ratings","Open until 8:00 pm16 Years in Business","https://www.justdial.com/Bangalore/Mamtas-Creation-Near-to-Sreeraj-Lassi-Bar-Shanthinagar/080PXX80-XX80-150622102028-B4N9_BZDET?ncatid=12091971&area=Alur%20Venkata%20Rao%20Road&search=%20Women%20Boutiques%20in%20Alur-Venkata-Rao-Road,%20Bangalore%20&mncatname=Ladies%20Boutiques",
"Deepika Dress Makers","4th Main Road Chamarajpet","08026632418","4.7","7 Ratings","Open until 9:00 pm23 Years in Business","https://www.justdial.com/Bangalore/Deepika-Dress-Makers-Near-Ganesha-Temple-Chamarajpet/080PXX80-XX80-120601002412-F6C5_BZDET?ncatid=12091971&area=Alur%20Venkata%20Rao%20Road&search=%20Women%20Boutiques%20in%20Alur-Venkata-Rao-Road,%20Bangalore%20&mncatname=Ladies%20Boutiques",
"Isha Designer Boutique","2nd Cross Chamarajpet","09886703325","5.0","2 Ratings","Open until 8:00 pm7 Years in Business","https://www.justdial.com/Bangalore/Isha-Designer-Boutique-Next-to-Futura-Digital-Prints-Chamarajpet/080PXX80-XX80-170817122505-L9F4_BZDET?ncatid=12091971&area=Alur%20Venkata%20Rao%20Road&search=%20Women%20Boutiques%20in%20Alur-Venkata-Rao-Road,%20Bangalore%20&mncatname=Ladies%20Boutiques",
"Kurthi House","Otipet Chickpete","08022343024","4.5","1 Ratings","Open until 8:30 pm6 Years in Business","https://www.justdial.com/Bangalore/Kurthi-House-Its-Near-Lal-Building-Chickpete/080PXX80-XX80-180511161647-K7W2_BZDET?ncatid=12091971&area=Alur%20Venkata%20Rao%20Road&search=%20Women%20Boutiques%20in%20Alur-Venkata-Rao-Road,%20Bangalore%20&mncatname=Ladies%20Boutiques",
"Tasselz","2nd Crs Shanthinagar","09844126225","4.0","1 Ratings","Open until 9:00 pm18 Years in Business","https://www.justdial.com/Bangalore/Tasselz-Opp-Nirmala-School-Shanthinagar/080PXX80-XX80-120704173429-M3G9_BZDET?ncatid=12091971&area=Alur%20Venkata%20Rao%20Road&search=%20Women%20Boutiques%20in%20Alur-Venkata-Rao-Road,%20Bangalore%20&mncatname=Ladies%20Boutiques",
"Tasselz Boutique","Nanjappa Road Shanthinagar","09880050125","3.0","1 Ratings","Open until 7:00 pm19 Years in Business","https://www.justdial.com/Bangalore/Tasselz-Boutique-Opposite-Nirmala-Primary-School-Shanthinagar/080PXX80-XX80-200107221105-A2R4_BZDET?ncatid=12091971&area=Alur%20Venkata%20Rao%20Road&search=%20Women%20Boutiques%20in%20Alur-Venkata-Rao-Road,%20Bangalore%20&mncatname=Ladies%20Boutiques",
"Lucky Hi Fashions","Chickpaat Cross Bvk Iyengar Road","09964310495","4.3","279 Ratings","Open until 9:00 pm14 Years in Business","https://www.justdial.com/Bangalore/Lucky-Hi-Fashions-Near-Krishna-Market-Bvk-Iyengar-Road/080PXX80-XX80-160303204527-X6K6_BZDET?ncatid=12091971&area=Alur%20Venkata%20Rao%20Road&search=%20Women%20Boutiques%20in%20Alur-Venkata-Rao-Road,%20Bangalore%20&mncatname=Ladies%20Boutiques",
"Avatar The Boutique","4th Cross Wilson Garden","09740810055","4.9","145 Ratings","Open until 7:00 pm9 Years in Business","https://www.justdial.com/Bangalore/Avatar-The-Boutique-Near-Shantinagar-Bus-Stand-Wilson-Garden/080PXX80-XX80-140628133104-X5D8_BZDET?ncatid=12091971&area=Alur%20Venkata%20Rao%20Road&search=%20Women%20Boutiques%20in%20Alur-Venkata-Rao-Road,%20Bangalore%20&mncatname=Ladies%20Boutiques",
"Apes Club Store","3rd Main Road Gandhi Nagar","08040991899","4.5","81 Ratings","Open until 10:30 pm","https://www.justdial.com/Bangalore/Apes-Club-Store-Gandhi-Nagar/080PXX80-XX80-180528222857-U9U3_BZDET?ncatid=12091971&area=Alur%20Venkata%20Rao%20Road&search=%20Women%20Boutiques%20in%20Alur-Venkata-Rao-Road,%20Bangalore%20&mncatname=Ladies%20Boutiques",
"The Boutique S","Dr Dvg Road Basavanagudi","09986633327","4.0","77 Ratings","Open until 10:00 pm10 Years in Business","https://www.justdial.com/Bangalore/The-Boutique-S-Near-Gandhi-Bazaar-Circle-Basavanagudi/080PXX80-XX80-140218204923-Q3E4_BZDET?ncatid=12091971&area=Alur%20Venkata%20Rao%20Road&search=%20Women%20Boutiques%20in%20Alur-Venkata-Rao-Road,%20Bangalore%20&mncatname=Ladies%20Boutiques",
"Gaurang Boutique","4th Cross Lavelle Road","07975323044","3.8","50 Ratings","Open until 7:30 pm11 Years in Business","https://www.justdial.com/Bangalore/Gaurang-Boutique-Near-High-Gloss-Lavelle-Road/080PXX80-XX80-140617193015-D1S1_BZDET?ncatid=12091971&area=Alur%20Venkata%20Rao%20Road&search=%20Women%20Boutiques%20in%20Alur-Venkata-Rao-Road,%20Bangalore%20&mncatname=Ladies%20Boutiques",
"Anju New Fashion","Dr DVG ROAD Gandhi Bazar","08884232917","3.6","48 Ratings","Open until 9:30 pm11 Years in Business","https://www.justdial.com/Bangalore/Anju-New-Fashion-Near-Dr-DVG-Road-Gandhi-Bazar/080PXX80-XX80-120508174550-P1S4_BZDET?ncatid=12091971&area=Alur%20Venkata%20Rao%20Road&search=%20Women%20Boutiques%20in%20Alur-Venkata-Rao-Road,%20Bangalore%20&mncatname=Ladies%20Boutiques",
"Bandhan Boutique","Huriopet-chickpete","08050102929","4.0","41 Ratings","Open until 9:00 pm6 Years in Business","https://www.justdial.com/Bangalore/Bandhan-Boutique-Near-Airavat-Creation-Huriopet-chickpete/080PXX80-XX80-181203161156-D7A8_BZDET?ncatid=12091971&area=Alur%20Venkata%20Rao%20Road&search=%20Women%20Boutiques%20in%20Alur-Venkata-Rao-Road,%20Bangalore%20&mncatname=Ladies%20Boutiques",
"Anokhi Designer Saree Studio","Masjid Road Jumma Masjid Road","08026631346","3.2","38 Ratings","Open until 9:00 pm","https://www.justdial.com/Bangalore/Anokhi-Designer-Saree-Studio-Jumma-Masjid-Road/080PXX80-XX80-161021205833-W6K7_BZDET?ncatid=12091971&area=Alur%20Venkata%20Rao%20Road&search=%20Women%20Boutiques%20in%20Alur-Venkata-Rao-Road,%20Bangalore%20&mncatname=Ladies%20Boutiques",
"Pratibha The Design Studio","Old Market Road V V Puram","08023355488","3.5","27 Ratings","Open until 8:00 pm8 Years in Business","https://www.justdial.com/Bangalore/Pratibha-The-Design-Studio-Opposite-Hema-Book-World-V-V-Puram/080PXX80-XX80-151207112714-M6C3_BZDET?ncatid=12091971&area=Alur%20Venkata%20Rao%20Road&search=%20Women%20Boutiques%20in%20Alur-Venkata-Rao-Road,%20Bangalore%20&mncatname=Ladies%20Boutiques",
"Fashionade","NAT Street Gandhi Bazar","09986633327","4.5","21 Ratings","Open until 8:00 pm5 Years in Business","https://www.justdial.com/Bangalore/Fashionade-Near-Satish-Store-Above-Ganesh-Juice-Gandhi-Bazar/080PXX80-XX80-181026171902-J5C8_BZDET?ncatid=12091971&area=Alur%20Venkata%20Rao%20Road&search=%20Women%20Boutiques%20in%20Alur-Venkata-Rao-Road,%20Bangalore%20&mncatname=Ladies%20Boutiques",
"Shop Ananya","No.24/1 Lavelle Road","08022125208","4.4","18 Ratings","Open until 9:00 pm24 Years in Business","https://www.justdial.com/Bangalore/Shop-Ananya-Next-to-The-Glens-Bake-House-Lavelle-Road/080P5906204_BZDET?ncatid=12091971&area=Alur%20Venkata%20Rao%20Road&search=%20Women%20Boutiques%20in%20Alur-Venkata-Rao-Road,%20Bangalore%20&mncatname=Ladies%20Boutiques",
"R Artistic Edge","","09611678727","4.6","13 Ratings","Open until 5:30 pm","https://www.justdial.com/Bangalore/R-Artistic-Edge/080PXX80-XX80-190814195033-T4D4_BZDET?ncatid=12091971&area=Alur%20Venkata%20Rao%20Road&search=%20Women%20Boutiques%20in%20Alur-Venkata-Rao-Road,%20Bangalore%20&mncatname=Ladies%20Boutiques",
"M K Ladies Tailors","Armstrong Road","09880657726","4.4","12 Ratings","Open until 8:00 pm17 Years in Business","https://www.justdial.com/Bangalore/M-K-Ladies-Tailors-Near-Commercial-StreetShivajinagar-Armstrong-Road/080PXX80-XX80-160326122332-F3Y5_BZDET?ncatid=12091971&area=Alur%20Venkata%20Rao%20Road&search=%20Women%20Boutiques%20in%20Alur-Venkata-Rao-Road,%20Bangalore%20&mncatname=Ladies%20Boutiques",
"Style Tailors","NAT Street Basavanagudi","08660881326","3.6","11 Ratings","Open until 8:30 pm23 Years in Business","https://www.justdial.com/Bangalore/Style-Tailors-Near-Indian-Overseas-Bank-Basavanagudi/080PXX80-XX80-101221150123-Y7H1_BZDET?ncatid=12091971&area=Alur%20Venkata%20Rao%20Road&search=%20Women%20Boutiques%20in%20Alur-Venkata-Rao-Road,%20Bangalore%20&mncatname=Ladies%20Boutiques",
"Karishma Beauty Parlour And Bouquite","Mysore Road Chamarajpet","09341975144","3.9","10 Ratings","Open until 8:00 pm18 Years in Business","https://www.justdial.com/Bangalore/Karishma-Beauty-Parlour-And-Bouquite-Opposite-to-Mutturaya-Swamy-Temple-Chamarajpet/080P1229662404J6Y6C8_BZDET?ncatid=12091971&area=Alur%20Venkata%20Rao%20Road&search=%20Women%20Boutiques%20in%20Alur-Venkata-Rao-Road,%20Bangalore%20&mncatname=Ladies%20Boutiques",
"Lotus Matching Centre","Bugle Rock Road Basavanagudi","08026624371","4.3","8 Ratings","Open until 9:30 pm65 Years in Business","https://www.justdial.com/Bangalore/Lotus-Matching-Centre-Near-BMS-Womens-College-Basavanagudi/080PXX80-XX80-120418165230-H2L8_BZDET?ncatid=12091971&area=Alur%20Venkata%20Rao%20Road&search=%20Women%20Boutiques%20in%20Alur-Venkata-Rao-Road,%20Bangalore%20&mncatname=Ladies%20Boutiques",
"Designer Boutique N Ladies Tailor Wala","Commercial Street Police Station-Shivaji Naga","09886443039","4.2","6 Ratings","Open until 8:30 pm21 Years in Business","https://www.justdial.com/Bangalore/Designer-Boutique-N-Ladies-Tailor-Wala-Near-Commercial-Commercial-Street-Police-Station-Shivaji-Naga/080PXX80-XX80-140806103626-U2F2_BZDET?ncatid=12091971&area=Alur%20Venkata%20Rao%20Road&search=%20Women%20Boutiques%20in%20Alur-Venkata-Rao-Road,%20Bangalore%20&mncatname=Ladies%20Boutiques",
"Varsha Fashions","Bugle Rk Rd Gandhi Bazar","08042103658","4.1","6 Ratings","Open until 8:30 pm15 Years in Business","https://www.justdial.com/Bangalore/Varsha-Fashions-Nr-Syndicate-Bank-Gandhi-Bazar/080PAPP20081117IRO42525841_BZDET?ncatid=12091971&area=Alur%20Venkata%20Rao%20Road&search=%20Women%20Boutiques%20in%20Alur-Venkata-Rao-Road,%20Bangalore%20&mncatname=Ladies%20Boutiques",
"Just 4 U Designers","Saraswathi Puram V V Puram","09448251753","4.8","5 Ratings","Open until 9:15 pm10 Years in Business","https://www.justdial.com/Bangalore/Just-4-U-Designers-Near-J-P-Nursing-Home-V-V-Puram/080PXX80-XX80-140901174745-L4Z5_BZDET?ncatid=12091971&area=Alur%20Venkata%20Rao%20Road&search=%20Women%20Boutiques%20in%20Alur-Venkata-Rao-Road,%20Bangalore%20&mncatname=Ladies%20Boutiques",
"M M sona sale","S.c Road Gandhi Nagar","08884448916","4.6","5 Ratings","Open until 11:00 pm15 Years in Business","https://www.justdial.com/Bangalore/M-M-sona-sale-Next-to-Gobhi-Veeranna-Kalamandira-Gandhi-Nagar/080PXX80-XX80-131221133114-Q2X2_BZDET?ncatid=12091971&area=Alur%20Venkata%20Rao%20Road&search=%20Women%20Boutiques%20in%20Alur-Venkata-Rao-Road,%20Bangalore%20&mncatname=Ladies%20Boutiques",
"Shyam Boutique","Swami Temple V V Puram","07829888294","4.1","5 Ratings","Open until 7:30 pm6 Years in Business","https://www.justdial.com/Bangalore/Shyam-Boutique-Near-VV-Puram-Circle-V-V-Puram/080PXX80-XX80-171123110825-E5R1_BZDET?ncatid=12091971&area=Alur%20Venkata%20Rao%20Road&search=%20Women%20Boutiques%20in%20Alur-Venkata-Rao-Road,%20Bangalore%20&mncatname=Ladies%20Boutiques",
"Sri Chamundeshwari Stores","Cross Road Muniswamappa Street","09900933398","4.0","5 Ratings","Open until 9:00 pm","https://www.justdial.com/Bangalore/Sri-Chamundeshwari-Stores-Muniswamappa-Street/080PXX80-XX80-180626135147-V9W5_BZDET?ncatid=12091971&area=Alur%20Venkata%20Rao%20Road&search=%20Women%20Boutiques%20in%20Alur-Venkata-Rao-Road,%20Bangalore%20&mncatname=Ladies%20Boutiques",
"Sudha Matching Center And Fashion Boutique","Beugal Rock Road Basavanagudi","08026508700","2.8","4 Ratings","Open until 10:00 pm11 Years in Business","https://www.justdial.com/Bangalore/Sudha-Matching-Center-And-Fashion-Boutique-Near-Syndicate-Bank-Basavanagudi/080PXX80-XX80-160419121011-L6A5_BZDET?ncatid=12091971&area=Alur%20Venkata%20Rao%20Road&search=%20Women%20Boutiques%20in%20Alur-Venkata-Rao-Road,%20Bangalore%20&mncatname=Ladies%20Boutiques",
"Matrika Design Studio","Srinivas Colony Mission Road","09008922282","5.0","3 Ratings","24 Years in Business","https://www.justdial.com/Bangalore/Matrika-Design-Studio-Mission-Road/080PXX80-XX80-131016184539-G5J9_BZDET?ncatid=12091971&area=Alur%20Venkata%20Rao%20Road&search=%20Women%20Boutiques%20in%20Alur-Venkata-Rao-Road,%20Bangalore%20&mncatname=Ladies%20Boutiques",
"Harish Ladies Tailoring","Govindappa Road Basavanagudi","09663767511","4.8","3 Ratings","Open until 9:00 pm15 Years in Business","https://www.justdial.com/Bangalore/Harish-Ladies-Tailoring-Basavanagudi/080PXX80-XX80-180606115009-L9Y7_BZDET?ncatid=12091971&area=Alur%20Venkata%20Rao%20Road&search=%20Women%20Boutiques%20in%20Alur-Venkata-Rao-Road,%20Bangalore%20&mncatname=Ladies%20Boutiques",
"Kumkuma Matching Centre","","07411695228","4.3","3 Ratings","Open until 8:30 pm","https://www.justdial.com/Bangalore/Kumkuma-Matching-Centre/080PXX80-XX80-170518140435-Q7H1_BZDET?ncatid=12091971&area=Alur%20Venkata%20Rao%20Road&search=%20Women%20Boutiques%20in%20Alur-Venkata-Rao-Road,%20Bangalore%20&mncatname=Ladies%20Boutiques",
"Geetha Boutique","Street DVG Road Basavanagudi","08904432242","4.3","3 Ratings","Open until 7:30 pm15 Years in Business","https://www.justdial.com/Bangalore/Geetha-Boutique-Opp-Bakers-Shop-Basavanagudi/080PXX80-XX80-161117122920-B8H3_BZDET?ncatid=12091971&area=Alur%20Venkata%20Rao%20Road&search=%20Women%20Boutiques%20in%20Alur-Venkata-Rao-Road,%20Bangalore%20&mncatname=Ladies%20Boutiques",
"Harish Tailor","Dr DVG Road Basavanagudi","09535520783","4.3","3 Ratings","Open until 9:00 pm14 Years in Business","https://www.justdial.com/Bangalore/Harish-Tailor-Above-Bata-Showroom-Basavanagudi/080PXX80-XX80-190717124351-S3M4_BZDET?ncatid=12091971&area=Alur%20Venkata%20Rao%20Road&search=%20Women%20Boutiques%20in%20Alur-Venkata-Rao-Road,%20Bangalore%20&mncatname=Ladies%20Boutiques",
"Safa Creations","Laxmi Road Shanthinagar","09901144716","4.0","3 Ratings","Open until 7:30 pm18 Years in Business","https://www.justdial.com/jdmart/Bangalore/Safa-Creations-Opposite-Madhu-Gas-Agency-Near-Jain--Temple-Shanthinagar/080PXX80-XX80-170107115433-T4D1_BZDET/catalogue?nid=12091971",
"Navkar Designer","Dvg Rd Basavanagudi","09035708506","3.3","3 Ratings","Open until 8:30 pm","https://www.justdial.com/Bangalore/Navkar-Designer-Nr-Upahar-Darshani-Basavanagudi/080PXX80-XX80-120814102345-H1E3_BZDET?ncatid=12091971&area=Alur%20Venkata%20Rao%20Road&search=%20Women%20Boutiques%20in%20Alur-Venkata-Rao-Road,%20Bangalore%20&mncatname=Ladies%20Boutiques",
"H 007 Ladies Wear","5th Main Road Chamarajpet","08026600007","5.0","2 Ratings","Open until 8:00 pm49 Years in Business","https://www.justdial.com/Bangalore/H-007-Ladies-Wear-Near-to-Makallakoota-Chamarajpet/080PXX80-XX80-170316172234-R5S5_BZDET?ncatid=12091971&area=Alur%20Venkata%20Rao%20Road&search=%20Women%20Boutiques%20in%20Alur-Venkata-Rao-Road,%20Bangalore%20&mncatname=Ladies%20Boutiques",
"My Atelier","5th Cross Chamarajpet","09845311902","5.0","2 Ratings","Open until 8:00 pm15 Years in Business","https://www.justdial.com/Bangalore/My-Atelier-Near-Corporation-Bank-Chamarajpet/080PXX80-XX80-180825170253-H9E6_BZDET?ncatid=12091971&area=Alur%20Venkata%20Rao%20Road&search=%20Women%20Boutiques%20in%20Alur-Venkata-Rao-Road,%20Bangalore%20&mncatname=Ladies%20Boutiques",
"Pissay - The Red Carpet Boutique","1st Main Road Sampangiramnagar","09731200012","5.0","2 Ratings","Open until 10:00 pm22 Years in Business","https://www.justdial.com/Bangalore/Pissay-The-Red-Carpet-Boutique-Near-Ganapathi-Temple-Sampangiramnagar/080PXX80-XX80-190627155614-R3R5_BZDET?ncatid=12091971&area=Alur%20Venkata%20Rao%20Road&search=%20Women%20Boutiques%20in%20Alur-Venkata-Rao-Road,%20Bangalore%20&mncatname=Ladies%20Boutiques",
"Sudha Wear House","Govindappa Road Basavanagudi","09449709830","5.0","2 Ratings","Open until 9:30 pm44 Years in Business","https://www.justdial.com/Bangalore/Sudha-Wear-House-Near-Gandhi-Bazar-Basavanagudi/080PXX80-XX80-150520144026-K1M8_BZDET?ncatid=12091971&area=Alur%20Venkata%20Rao%20Road&search=%20Women%20Boutiques%20in%20Alur-Venkata-Rao-Road,%20Bangalore%20&mncatname=Ladies%20Boutiques",
"Kuberan Ladies Designer","Gandhi Bazar Basavanagudi","09035460860","4.8","2 Ratings","Open until 9:00 pm","https://www.justdial.com/Bangalore/Kuberan-Ladies-Designer-Near-Dvg-Road-Jain-Temple-Basavanagudi/080PXX80-XX80-181013104941-D1Y4_BZDET?ncatid=12091971&area=Alur%20Venkata%20Rao%20Road&search=%20Women%20Boutiques%20in%20Alur-Venkata-Rao-Road,%20Bangalore%20&mncatname=Ladies%20Boutiques",
"Samyakk Clothing","Richmond Road","08041113330","4.5","2 Ratings","Open 24 Hrs","https://www.justdial.com/Bangalore/Samyakk-Clothing-Richmond-Road/080PXX80-XX80-190329124942-M5D8_BZDET?ncatid=12091971&area=Alur%20Venkata%20Rao%20Road&search=%20Women%20Boutiques%20in%20Alur-Venkata-Rao-Road,%20Bangalore%20&mncatname=Ladies%20Boutiques",
"Vinayaka Boutique","#669","09743500346","4.5","2 Ratings","Open until 9:30 pm7 Years in Business","https://www.justdial.com/Bangalore/Vinayaka-Boutique-NEAR-PAVITRA-PARADISE-OPP-UGADI-HOTEL/080PXX80-XX80-170209172737-K4B9_BZDET?ncatid=12091971&area=Alur%20Venkata%20Rao%20Road&search=%20Women%20Boutiques%20in%20Alur-Venkata-Rao-Road,%20Bangalore%20&mncatname=Ladies%20Boutiques",
"Ethnic wardrobe","Vanivilas Road Basavanagudi","09902869328","4.0","2 Ratings","Open until 10:30 pm2 Years in Business","https://www.justdial.com/Bangalore/Ethnic-wardrobe-Next-to-KFC-Basavanagudi/080PXX80-XX80-210710154843-W1E5_BZDET?ncatid=12091971&area=Alur%20Venkata%20Rao%20Road&search=%20Women%20Boutiques%20in%20Alur-Venkata-Rao-Road,%20Bangalore%20&mncatname=Ladies%20Boutiques",
"SRI Vinayaka Ladies Tailors","1 St Block Jayanagar","08022456231","4.0","2 Ratings","Open until 8:30 pm12 Years in Business","https://www.justdial.com/Bangalore/SRI-Vinayaka-Ladies-Tailors-Near-to-Rama-Temple-Jayanagar/080PXX80-XX80-170408104630-H4I5_BZDET?ncatid=12091971&area=Alur%20Venkata%20Rao%20Road&search=%20Women%20Boutiques%20in%20Alur-Venkata-Rao-Road,%20Bangalore%20&mncatname=Ladies%20Boutiques",
"Hira Textile","9th Cross Chamarajpet","09535455074","3.0","2 Ratings","Open until 9:00 pm33 Years in Business","https://www.justdial.com/Bangalore/Hira-Textile-Near-Sirsi-Circle-Chamarajpet/080PXX80-XX80-161024160546-S9S2_BZDET?ncatid=12091971&area=Alur%20Venkata%20Rao%20Road&search=%20Women%20Boutiques%20in%20Alur-Venkata-Rao-Road,%20Bangalore%20&mncatname=Ladies%20Boutiques",
"Shalini Boutique","Lavelle Road","08022213411","2.8","2 Ratings","Open until 8:00 pm15 Years in Business","https://www.justdial.com/Bangalore/Shalini-Boutique-Near-to-Glens-Bake-House-Lavelle-Road/080P8001780_BZDET?ncatid=12091971&area=Alur%20Venkata%20Rao%20Road&search=%20Women%20Boutiques%20in%20Alur-Venkata-Rao-Road,%20Bangalore%20&mncatname=Ladies%20Boutiques",
"Pragati Fashions","Chickpete","08022343632","5.0","1 Ratings","Open 24 Hrs","https://www.justdial.com/Bangalore/Pragati-Fashions-OPP-TO-SUDSHARSHAN-JEWWERLY-Chickpete/080PXX80-XX80-180201195423-G9A8_BZDET?ncatid=12091971&area=Alur%20Venkata%20Rao%20Road&search=%20Women%20Boutiques%20in%20Alur-Venkata-Rao-Road,%20Bangalore%20&mncatname=Ladies%20Boutiques",
"New Life Style","Imbrahim Street Shivaji Nagar","08022865511","5.0","1 Ratings","Open until 10:00 pm25 Years in Business","https://www.justdial.com/Bangalore/New-Life-Style-Near-Plaza-Mall-Bus-Stop-Shivaji-Nagar/080PXX80-XX80-200225130223-F1J6_BZDET?ncatid=12091971&area=Alur%20Venkata%20Rao%20Road&search=%20Women%20Boutiques%20in%20Alur-Venkata-Rao-Road,%20Bangalore%20&mncatname=Ladies%20Boutiques",
"Variety Textile","#328 Chickpete","09916973298","5.0","1 Ratings","Open until 8:30 pm18 Years in Business","https://www.justdial.com/Bangalore/Variety-Textile-Near-Vijayalakshmi-Talkies-Chickpete/080PXX80-XX80-160825154153-J1M5_BZDET?ncatid=12091971&area=Alur%20Venkata%20Rao%20Road&search=%20Women%20Boutiques%20in%20Alur-Venkata-Rao-Road,%20Bangalore%20&mncatname=Ladies%20Boutiques",
"Life Fashion Specialist Ladies Wear","Obbaiah Lane Cottonpet","09964002528","5.0","1 Ratings","Open until 9:30 pm22 Years in Business","https://www.justdial.com/Bangalore/Life-Fashion-Specialist-Ladies-Wear-Near-Jain-Temple-Cottonpet/080PXX80-XX80-140524104410-I1F2_BZDET?ncatid=12091971&area=Alur%20Venkata%20Rao%20Road&search=%20Women%20Boutiques%20in%20Alur-Venkata-Rao-Road,%20Bangalore%20&mncatname=Ladies%20Boutiques",
"Venus Boutique","Swastik Road Shanthinagar","09538293160","5.0","1 Ratings","Open until 8:30 pm13 Years in Business","https://www.justdial.com/Bangalore/Venus-Boutique-Opp-to-Super-Mart-Shanthinagar/080PXX80-XX80-121208105834-J8T7_BZDET?ncatid=12091971&area=Alur%20Venkata%20Rao%20Road&search=%20Women%20Boutiques%20in%20Alur-Venkata-Rao-Road,%20Bangalore%20&mncatname=Ladies%20Boutiques",
"S&d Designers","Double Road-Shanthinagar","09880106555","5.0","1 Ratings","Open until 9:00 pm7 Years in Business","https://www.justdial.com/Bangalore/Sd-Designers-RAJARAMHOHAN-ROY-EXTENTION-Double-Road-Shanthinagar/080PXX80-XX80-181001163045-S7Z7_BZDET?ncatid=12091971&area=Alur%20Venkata%20Rao%20Road&search=%20Women%20Boutiques%20in%20Alur-Venkata-Rao-Road,%20Bangalore%20&mncatname=Ladies%20Boutiques",
"Vipul Tailor","Gandhi Bazar Basavanagudi","08660881326","5.0","1 Ratings","Open until 10:00 pm11 Years in Business","https://www.justdial.com/Bangalore/Vipul-Tailor-Opposite-NBS-Mani-Store-Basavanagudi/080PXX80-XX80-190510095144-K3S5_BZDET?ncatid=12091971&area=Alur%20Venkata%20Rao%20Road&search=%20Women%20Boutiques%20in%20Alur-Venkata-Rao-Road,%20Bangalore%20&mncatname=Ladies%20Boutiques",
"Princess Boutique","Lalbagh Road Sudhama Nagar","09844559009","4.5","1 Ratings","Open until 6:00 pm9 Years in Business","https://www.justdial.com/Bangalore/Princess-Boutique-Sudhama-Nagar/080PXX80-XX80-150704125955-F5G9_BZDET?ncatid=12091971&area=Alur%20Venkata%20Rao%20Road&search=%20Women%20Boutiques%20in%20Alur-Venkata-Rao-Road,%20Bangalore%20&mncatname=Ladies%20Boutiques",
"Kurvz","Chamarajpet","09738036667","4.5","1 Ratings","Open until 6:30 pm9 Years in Business","https://www.justdial.com/jdmart/Bangalore/Kurvz--Chamarajpet/080PXX80-XX80-140127011822-F9W8_BZDET/catalogue?nid=12091971",
"Her Stitch","Gandhi Nagar","08022263487","4.5","1 Ratings","Open until 7:00 pm7 Years in Business","https://www.justdial.com/Bangalore/Her-Stitch-Oppsit-Indian-Oversis-Bank-Gandhi-Nagar/080PXX80-XX80-161020104541-Q5A9_BZDET?ncatid=12091971&area=Alur%20Venkata%20Rao%20Road&search=%20Women%20Boutiques%20in%20Alur-Venkata-Rao-Road,%20Bangalore%20&mncatname=Ladies%20Boutiques",
"Zumer Studio","Commercial Street Shivaji Nagar","08025599430","4.5","1 Ratings","Open until 9:30 pm9 Years in Business","https://www.justdial.com/Bangalore/Zumer-Studio-Near-Shree-Raj-Lasi-Shivaji-Nagar/080PXX80-XX80-140711223009-E1T7_BZDET?ncatid=12091971&area=Alur%20Venkata%20Rao%20Road&search=%20Women%20Boutiques%20in%20Alur-Venkata-Rao-Road,%20Bangalore%20&mncatname=Ladies%20Boutiques",
"Mehak Chawla","KH Road","09731388060","4.0","1 Ratings","Open until 6:30 pm9 Years in Business","https://www.justdial.com/Bangalore/Mehak-Chawla-Near-Axis-Bank-KH-Road/080PXX80-XX80-161108155944-H9A6_BZDET?ncatid=12091971&area=Alur%20Venkata%20Rao%20Road&search=%20Women%20Boutiques%20in%20Alur-Venkata-Rao-Road,%20Bangalore%20&mncatname=Ladies%20Boutiques",
"Monalisa Boutique","Govindhappa Road Basavanagudi","07483889930","3.0","1 Ratings","Open until 6:00 pm25 Years in Business","https://www.justdial.com/Bangalore/Monalisa-Boutique-Near-Lalbhag-West-Gate-Basavanagudi/080PXX80-XX80-131118110811-G5F9_BZDET?ncatid=12091971&area=Alur%20Venkata%20Rao%20Road&search=%20Women%20Boutiques%20in%20Alur-Venkata-Rao-Road,%20Bangalore%20&mncatname=Ladies%20Boutiques",
"Saran Tailors","Bellimutt Road Cottonpet","09880317901","3.0","1 Ratings","Open until 9:00 pm43 Years in Business","https://www.justdial.com/Bangalore/Saran-Tailors-Opposite-Rama-Temple-Cottonpet/080PXX80-XX80-131210191209-H7X2_BZDET?ncatid=12091971&area=Alur%20Venkata%20Rao%20Road&search=%20Women%20Boutiques%20in%20Alur-Venkata-Rao-Road,%20Bangalore%20&mncatname=Ladies%20Boutiques",
"Rena Creations","Market Road V V Puram","07259159629","3.0","1 Ratings","Open until 9:00 pm8 Years in Business","https://www.justdial.com/Bangalore/Rena-Creations-Next-To-Hema-book-world-V-V-Puram/080PXX80-XX80-150930121906-S3P9_BZDET?ncatid=12091971&area=Alur%20Venkata%20Rao%20Road&search=%20Women%20Boutiques%20in%20Alur-Venkata-Rao-Road,%20Bangalore%20&mncatname=Ladies%20Boutiques",
"Fashion Dress Markers","7th Cross Chamarajpet","09886703325","3.0","1 Ratings","Open until 10:00 pm16 Years in Business","https://www.justdial.com/Bangalore/Fashion-Dress-Markers-Near-to-Mahadeshwara-Temple-Chamarajpet/080P1229680918A4Z4Y1_BZDET?ncatid=12091971&area=Alur%20Venkata%20Rao%20Road&search=%20Women%20Boutiques%20in%20Alur-Venkata-Rao-Road,%20Bangalore%20&mncatname=Ladies%20Boutiques",
"Vijaya Lakshmi Ladies Tailors","Syndicate Bank Basavanagudi","09632831069","3.0","1 Ratings","Open until 9:00 pm21 Years in Business","https://www.justdial.com/Bangalore/Vijaya-Lakshmi-Ladies-Tailors-Near-Ammas-Pastries-Basavanagudi/080PXX80-XX80-170109144802-F4K7_BZDET?ncatid=12091971&area=Alur%20Venkata%20Rao%20Road&search=%20Women%20Boutiques%20in%20Alur-Venkata-Rao-Road,%20Bangalore%20&mncatname=Ladies%20Boutiques",
"Gulshan","Mudaliar Road Shivaji Nagar","09902201177","4.0","7,803 Ratings","Open until 9:30 pm32 Years in Business","https://www.justdial.com/Bangalore/Gulshan-Near-Baithul-Maal-Shadi-Mahal-Shivaji-Nagar/080PXX80-XX80-151019133343-B9L1_BZDET?ncatid=12091971&area=Alur%20Venkata%20Rao%20Road&search=%20Women%20Boutiques%20in%20Alur-Venkata-Rao-Road,%20Bangalore%20&mncatname=Ladies%20Boutiques",
"Trends Boutique","11th Cross Malleswaram","09035000951","4.0","1,980 Ratings","Open until 7:00 pm13 Years in Business","https://www.justdial.com/Bangalore/Trends-Boutique-Near-Apollo-Pharmacy-Malleswaram/080PXX80-XX80-130705135052-Z3C6_BZDET?ncatid=12091971&area=Alur%20Venkata%20Rao%20Road&search=%20Women%20Boutiques%20in%20Alur-Venkata-Rao-Road,%20Bangalore%20&mncatname=Ladies%20Boutiques",
"Textile House","Main Road Jayanagar 4th Block","02261527624","4.1","1,164 Ratings","Open until 9:30 pm8 Years in Business","https://www.justdial.com/Bangalore/Textile-House-Opposite-BDA-Complex-Next-to-Bata-Showroom-Jayanagar-4th-Block/080PXX80-XX80-170908164130-S5P6_BZDET?ncatid=12091971&area=Alur%20Venkata%20Rao%20Road&search=%20Women%20Boutiques%20in%20Alur-Venkata-Rao-Road,%20Bangalore%20&mncatname=Ladies%20Boutiques",
"Sunil's","Sampige Road Malleswaram","09606197202","4.1","170 Ratings","Open until 8:30 pm51 Years in Business","https://www.justdial.com/Bangalore/Sunils-Opposite-Karur-Vyasa-Bank-Malleswaram/080P44043_BZDET?ncatid=12091971&area=Alur%20Venkata%20Rao%20Road&search=%20Women%20Boutiques%20in%20Alur-Venkata-Rao-Road,%20Bangalore%20&mncatname=Ladies%20Boutiques",
"Dream Fashion","E Main Jayanagar 4th Block","09242857851","3.8","6 Ratings","Open until 9:30 pm19 Years in Business","https://www.justdial.com/Bangalore/Dream-Fashion-Opposite-Ploce-Quarters-Jayanagar-4th-Block/080PXX80-XX80-130529162832-U8M2_BZDET?ncatid=12091971&area=Alur%20Venkata%20Rao%20Road&search=%20Women%20Boutiques%20in%20Alur-Venkata-Rao-Road,%20Bangalore%20&mncatname=Ladies%20Boutiques",
"Lifestyle Store (Mantri Square Mall)","Sampige Road","18001231555","4.1","6,503 Ratings","Open until 9:30 pm13 Years in Business","https://www.justdial.com/Bangalore/Lifestyle-Store-Mantri-Square-Mall-Sampige-Road/080PXX80-XX80-100311104026-Y2Z2_BZDET?ncatid=12091971&area=Alur%20Venkata%20Rao%20Road&search=%20Women%20Boutiques%20in%20Alur-Venkata-Rao-Road,%20Bangalore%20&mncatname=Ladies%20Boutiques",
"Manyavar Vedant Fashions Pvt Ltd","Shivaji Nagar Shivaji Nagar","08041473443","4.8","6,488 Ratings","Open until 9:00 pm","https://www.justdial.com/Bangalore/Manyavar-Vedant-Fashions-Pvt-Ltd-Shivaji-Nagar/080PXX80-XX80-190525002429-G6G3_BZDET?ncatid=12091971&area=Alur%20Venkata%20Rao%20Road&search=%20Women%20Boutiques%20in%20Alur-Venkata-Rao-Road,%20Bangalore%20&mncatname=Ladies%20Boutiques",
"Manyavar Vedant Fashions Pvt Ltd","M G Road","08041524154","4.6","4,599 Ratings","Open until 9:00 pm11 Years in Business","https://www.justdial.com/Bangalore/Manyavar-Vedant-Fashions-Pvt-Ltd-Near-Metro-Station-M-G-Road/080PXX80-XX80-120519164459-F3M8_BZDET?ncatid=12091971&area=Alur%20Venkata%20Rao%20Road&search=%20Women%20Boutiques%20in%20Alur-Venkata-Rao-Road,%20Bangalore%20&mncatname=Ladies%20Boutiques",
"Manyavar Vedant Fashions Pvt Ltd","Main Road Jayanagar 4th Block","08041501805","4.8","4,037 Ratings","Open until 10:00 pm","https://www.justdial.com/Bangalore/Manyavar-Vedant-Fashions-Pvt-Ltd-Jayanagar-4th-Block/080PXX80-XX80-200711081136-W1T9_BZDET?ncatid=12091971&area=Alur%20Venkata%20Rao%20Road&search=%20Women%20Boutiques%20in%20Alur-Venkata-Rao-Road,%20Bangalore%20&mncatname=Ladies%20Boutiques",
"Manyavar Vedant Fashions Pvt Ltd","11 Main Road Jayanagar 3rd Block","08042146262","4.8","4,037 Ratings","Open until 9:00 pm10 Years in Business","https://www.justdial.com/Bangalore/Manyavar-Vedant-Fashions-Pvt-Ltd-Opp-Max-Jayanagar-East-Jayanagar-3rd-Block/080PXX80-XX80-131104164105-S1G4_BZDET?ncatid=12091971&area=Alur%20Venkata%20Rao%20Road&search=%20Women%20Boutiques%20in%20Alur-Venkata-Rao-Road,%20Bangalore%20&mncatname=Ladies%20Boutiques",
"Manyavar Vedant Fashions Pvt Ltd","House No. 128 Commercial Street","08041473443","4.7","3,712 Ratings","Open until 9:00 pm41 Years in Business","https://www.justdial.com/Bangalore/Manyavar-Vedant-Fashions-Pvt-Ltd-Commercial-Street/080PXX80-XX80-110813175311-S1C9_BZDET?ncatid=12091971&area=Alur%20Venkata%20Rao%20Road&search=%20Women%20Boutiques%20in%20Alur-Venkata-Rao-Road,%20Bangalore%20&mncatname=Ladies%20Boutiques",
"Manyavar Vedant Fashions Pvt Ltd","Srinivasa Nagar","08042146262","4.7","3,712 Ratings","Open until 9:30 pm15 Years in Business","https://www.justdial.com/Bangalore/Manyavar-Vedant-Fashions-Pvt-Ltd-Srinivas-Industrial-Estate-Srinivasa-Nagar/080PXX80-XX80-131108091326-F1G7_BZDET?ncatid=12091971&area=Alur%20Venkata%20Rao%20Road&search=%20Women%20Boutiques%20in%20Alur-Venkata-Rao-Road,%20Bangalore%20&mncatname=Ladies%20Boutiques",
"Manyavar Vedant Fashions Pvt Ltd","10th Jayanagar 3rd Block East","08042146262","4.6","3,454 Ratings","Open until 10:00 pm16 Years in Business","https://www.justdial.com/Bangalore/Manyavar-Vedant-Fashions-Pvt-Ltd-Below-Reid-Taylor-Showroom-27th-Cross-Jayanagar-3rd-Block-East/080PXX80-XX80-100426160007-Z9V8_BZDET?ncatid=12091971&area=Alur%20Venkata%20Rao%20Road&search=%20Women%20Boutiques%20in%20Alur-Venkata-Rao-Road,%20Bangalore%20&mncatname=Ladies%20Boutiques",
"Manyavar Vedant Fashions Pvt Ltd","Commercial Street Kamaraj Road","08048540476","4.6","2,571 Ratings","Open until 9:00 pm12 Years in Business","https://www.justdial.com/Bangalore/Manyavar-Vedant-Fashions-Pvt-Ltd-Kamaraj-Road/080PXX80-XX80-121105131211-M3U3_BZDET?ncatid=12091971&area=Alur%20Venkata%20Rao%20Road&search=%20Women%20Boutiques%20in%20Alur-Venkata-Rao-Road,%20Bangalore%20&mncatname=Ladies%20Boutiques",
"Manyavar Vedant Fashions Pvt Ltd","Dr Dvg Road Basavanagudi","08042096777","4.5","2,206 Ratings","Open until 9:30 pm12 Years in Business","https://www.justdial.com/Bangalore/Manyavar-Vedant-Fashions-Pvt-Ltd-Basavanagudi/080PXX80-XX80-120921145403-U2C9_BZDET?ncatid=12091971&area=Alur%20Venkata%20Rao%20Road&search=%20Women%20Boutiques%20in%20Alur-Venkata-Rao-Road,%20Bangalore%20&mncatname=Ladies%20Boutiques",
"Manyavar Vedant Fashions Pvt Ltd","Sampige Road Malleswaram","08022667041","4.1","1,462 Ratings","Open until 9:30 pm","https://www.justdial.com/Bangalore/Manyavar-Vedant-Fashions-Pvt-Ltd-Malleswaram/080PXX80-XX80-141027122752-I6F8_BZDET?ncatid=12091971&area=Alur%20Venkata%20Rao%20Road&search=%20Women%20Boutiques%20in%20Alur-Venkata-Rao-Road,%20Bangalore%20&mncatname=Ladies%20Boutiques",
"Manyavar Vedant Fashions Pvt Ltd","Sampige Road Malleswaram","08022667041","4.1","1,462 Ratings","Open until 9:30 pm","https://www.justdial.com/Bangalore/Manyavar-Vedant-Fashions-Pvt-Ltd-Malleswaram/080PXX80-XX80-170112065156-T3T1_BZDET?ncatid=12091971&area=Alur%20Venkata%20Rao%20Road&search=%20Women%20Boutiques%20in%20Alur-Venkata-Rao-Road,%20Bangalore%20&mncatname=Ladies%20Boutiques",
"Soch","Hosur Main Road Koramangala","08022067774","4.1","1,020 Ratings","Open until 9:00 pm19 Years in Business","https://www.justdial.com/Bangalore/Soch-Next-to-Prestige-Apartments-Koramangala/080P1237980510G4B2W9_BZDET?ncatid=12091971&area=Alur%20Venkata%20Rao%20Road&search=%20Women%20Boutiques%20in%20Alur-Venkata-Rao-Road,%20Bangalore%20&mncatname=Ladies%20Boutiques",
"Van Heusen","Main Road Jayanagar 4th Block","08049702962","4.1","1,004 Ratings","Open until 10:00 pm","https://www.justdial.com/Bangalore/Van-Heusen-Near-Cool-Joint-Jayanagar-4th-Block/080P8002150_BZDET?ncatid=12091971&area=Alur%20Venkata%20Rao%20Road&search=%20Women%20Boutiques%20in%20Alur-Venkata-Rao-Road,%20Bangalore%20&mncatname=Ladies%20Boutiques",
"Soch","Jayanagar 4th Block","08041134203","4.0","885 Ratings","Open until 9:30 pm11 Years in Business","https://www.justdial.com/Bangalore/Soch-Next-to-Raymonds-Jayanagar-4th-Block/080PXX80-XX80-121226125747-X7T4_BZDET?ncatid=12091971&area=Alur%20Venkata%20Rao%20Road&search=%20Women%20Boutiques%20in%20Alur-Venkata-Rao-Road,%20Bangalore%20&mncatname=Ladies%20Boutiques",
"Manyavar Vedant Fashions Pvt Ltd","Hosur Raod Koramangala","08022067910","4.7","675 Ratings","Open until 7:30 pm","https://www.justdial.com/Bangalore/Manyavar-Vedant-Fashions-Pvt-Ltd-The-Forum-Mall-No-21-Chikku-Lakshmaiah-Layout-Koramangala/080PXX80-XX80-200804102555-T3L3_BZDET?ncatid=12091971&area=Alur%20Venkata%20Rao%20Road&search=%20Women%20Boutiques%20in%20Alur-Venkata-Rao-Road,%20Bangalore%20&mncatname=Ladies%20Boutiques",
"Angadi Heritage","Karnataka Jayanagar","08026571301","4.2","653 Ratings","Open until 8:00 pm4 Years in Business","https://www.justdial.com/Bangalore/Angadi-Heritage-Jayanagar/080PXX80-XX80-191022180528-I4W1_BZDET?ncatid=12091971&area=Alur%20Venkata%20Rao%20Road&search=%20Women%20Boutiques%20in%20Alur-Venkata-Rao-Road,%20Bangalore%20&mncatname=Ladies%20Boutiques",
"Soch","Hosur Road","08041239859","3.9","621 Ratings","Open until 9:30 pm","https://www.justdial.com/Bangalore/Soch-Hosur-Road/080PXX80-XX80-180809192353-A5U4_BZDET?ncatid=12091971&area=Alur%20Venkata%20Rao%20Road&search=%20Women%20Boutiques%20in%20Alur-Venkata-Rao-Road,%20Bangalore%20&mncatname=Ladies%20Boutiques",
"Biba Store","Main Road Jayanagar 3rd Block","08722798237","3.8","418 Ratings","Open until 9:30 pm11 Years in Business","https://www.justdial.com/Bangalore/Biba-Store-Opposite-Cloud9-Jayanagar-3rd-Block/080PXX80-XX80-121018131849-D4X6_BZDET?ncatid=12091971&area=Alur%20Venkata%20Rao%20Road&search=%20Women%20Boutiques%20in%20Alur-Venkata-Rao-Road,%20Bangalore%20&mncatname=Ladies%20Boutiques",
"Asma","3rd Block Jayanagar","06364270973","3.8","381 Ratings","Open until 9:00 pm18 Years in Business","https://www.justdial.com/Bangalore/Asma-Near-Cosmopolitan-Club-Jayanagar/080PXX80-XX80-130620171610-P9D6_BZDET?ncatid=12091971&area=Alur%20Venkata%20Rao%20Road&search=%20Women%20Boutiques%20in%20Alur-Venkata-Rao-Road,%20Bangalore%20&mncatname=Ladies%20Boutiques",
"Ambara Boutique","Ulsoor Annaswamy Mudaliar Road","08025575196","4.2","317 Ratings","Open until 6:00 pm15 Years in Business","https://www.justdial.com/Bangalore/Ambara-Boutique-Near-RBMS-College-Annaswamy-Mudaliar-Road/080PXX80-XX80-130615134534-L8M3_BZDET?ncatid=12091971&area=Alur%20Venkata%20Rao%20Road&search=%20Women%20Boutiques%20in%20Alur-Venkata-Rao-Road,%20Bangalore%20&mncatname=Ladies%20Boutiques",
"Van Heusen","No.191/193 Brigade Road","08043777347","4.0","303 Ratings","Open until 10:00 pm21 Years in Business","https://www.justdial.com/Bangalore/Van-Heusen-Opposite-Ruosh-Store-Brigade-Road/080PF042094_BZDET?ncatid=12091971&area=Alur%20Venkata%20Rao%20Road&search=%20Women%20Boutiques%20in%20Alur-Venkata-Rao-Road,%20Bangalore%20&mncatname=Ladies%20Boutiques",
"Soch","No.70 M G Road","08041239859","4.1","271 Ratings","Open until 9:30 pm13 Years in Business","https://www.justdial.com/Bangalore/Soch-Next-To-P-N-Rao-Company-M-G-Road/080P300829_BZDET?ncatid=12091971&area=Alur%20Venkata%20Rao%20Road&search=%20Women%20Boutiques%20in%20Alur-Venkata-Rao-Road,%20Bangalore%20&mncatname=Ladies%20Boutiques",
"Van Heusen (Nexus Mall)","Hosur Main Road Koramangala","08022067606","3.9","185 Ratings","Open until 9:30 pm","https://www.justdial.com/Bangalore/Van-Heusen-Nexus-Mall-Koramangala/080P5900223_BZDET?ncatid=12091971&area=Alur%20Venkata%20Rao%20Road&search=%20Women%20Boutiques%20in%20Alur-Venkata-Rao-Road,%20Bangalore%20&mncatname=Ladies%20Boutiques",
"Biba Store (Mantri Square Mall)","Sampige Road Malleswaram","08022667029","3.9","182 Ratings","Open until 9:30 pm13 Years in Business","https://www.justdial.com/Bangalore/Biba-Store-Mantri-Square-Mall-Malleswaram/080PXX80-XX80-100506163938-K5E2_BZDET?ncatid=12091971&area=Alur%20Venkata%20Rao%20Road&search=%20Women%20Boutiques%20in%20Alur-Venkata-Rao-Road,%20Bangalore%20&mncatname=Ladies%20Boutiques",
"Sona Bridal Wear","Pillai Street Commercial Street","08904822216","4.2","108 Ratings","Open until 9:00 pm73 Years in Business","https://www.justdial.com/Bangalore/Sona-Bridal-Wear-Near-Punjab-National-Bank-Commercial-Street/080P1232047946L4W1V3_BZDET?ncatid=12091971&area=Alur%20Venkata%20Rao%20Road&search=%20Women%20Boutiques%20in%20Alur-Venkata-Rao-Road,%20Bangalore%20&mncatname=Ladies%20Boutiques",
"Lovely Tailors","Man Lane Ebrahim Sahib Street","09886042824","4.0","55 Ratings","Open until 8:30 pm","https://www.justdial.com/Bangalore/Lovely-Tailors-Opps-Silver-Plaza-Ebrahim-Sahib-Street/080P1227806244G6T2B8_BZDET?ncatid=12091971&area=Alur%20Venkata%20Rao%20Road&search=%20Women%20Boutiques%20in%20Alur-Venkata-Rao-Road,%20Bangalore%20&mncatname=Ladies%20Boutiques",
"The Girls Collections","Margosa Road Malleswaram","09902376828","4.5","37 Ratings","Open until 9:00 pm23 Years in Business","https://www.justdial.com/Bangalore/The-Girls-Collections-Opposite-Krishniah-Chetty-Jewellers-Malleswaram/080PXX80-XX80-120725094522-K3G3_BZDET?ncatid=12091971&area=Alur%20Venkata%20Rao%20Road&search=%20Women%20Boutiques%20in%20Alur-Venkata-Rao-Road,%20Bangalore%20&mncatname=Ladies%20Boutiques",
"Lifestyle Store","West Gate Mall Rajajinagar","18001231555","4.0","34 Ratings","Open until 9:30 pm","https://www.justdial.com/Bangalore/Lifestyle-Store-Rajajinagar/080PXX80-XX80-161201101650-T6V2_BZDET?ncatid=12091971&area=Alur%20Venkata%20Rao%20Road&search=%20Women%20Boutiques%20in%20Alur-Venkata-Rao-Road,%20Bangalore%20&mncatname=Ladies%20Boutiques",
"Salman Design House","Shivaji Nagar","07204741637","4.7","30 Ratings","Opens in 5 mins6 Years in Business","https://www.justdial.com/Bangalore/Salman-Design-House-Opposite-AKS-Convention-Centre-Shivaji-Nagar/080PXX80-XX80-191220024434-Y7E2_BZDET?ncatid=12091971&area=Alur%20Venkata%20Rao%20Road&search=%20Women%20Boutiques%20in%20Alur-Venkata-Rao-Road,%20Bangalore%20&mncatname=Ladies%20Boutiques",
"Apsara Tailors","Dr.Dvg Road Basavanagudi","09663767511","3.4","16 Ratings","Opens at 10:00 am on Mon47 Years in Business","https://www.justdial.com/Bangalore/Apsara-Tailors-Near-Upahara-Darshini-Basavanagudi/080PF006689_BZDET?ncatid=12091971&area=Alur%20Venkata%20Rao%20Road&search=%20Women%20Boutiques%20in%20Alur-Venkata-Rao-Road,%20Bangalore%20&mncatname=Ladies%20Boutiques",
"Sunags Boutique","3rd Stage Basaveshwara Nagar","09686970033","4.9","7 Ratings","Open until 8:00 pm11 Years in Business","https://www.justdial.com/Bangalore/Sunags-Boutique-Near-Carmel-School-Basaveshwara-Nagar/080PXX80-XX80-131130165725-L6Y3_BZDET?ncatid=12091971&area=Alur%20Venkata%20Rao%20Road&search=%20Women%20Boutiques%20in%20Alur-Venkata-Rao-Road,%20Bangalore%20&mncatname=Ladies%20Boutiques",
"Fashion Flair","32 Jayanagar 4th T Block","09916840760","4.7","2 Ratings","Open until 9:00 pm10 Years in Business","https://www.justdial.com/Bangalore/Fashion-Flair-Opp-Sanjay-Gandhi-Hospital-East-Gate-Jayanagar-4th-T-Block/080PXX80-XX80-130814140343-F9I9_BZDET?ncatid=12091971&area=Alur%20Venkata%20Rao%20Road&search=%20Women%20Boutiques%20in%20Alur-Venkata-Rao-Road,%20Bangalore%20&mncatname=Ladies%20Boutiques",
"Lifestyle","Victoria Road","18001231555","3.0","1 Ratings","Open 24 Hrs","https://www.justdial.com/Bangalore/Lifestyle-Victoria-Road/080PXX80-XX80-200628011659-G6K9_BZDET?ncatid=12091971&area=Alur%20Venkata%20Rao%20Road&search=%20Women%20Boutiques%20in%20Alur-Venkata-Rao-Road,%20Bangalore%20&mncatname=Ladies%20Boutiques",
"Ishta Creations","11th Main Jayanagar 4th Block","09538513513","4.4","257 Ratings","Open until 7:30 pm11 Years in Business","https://www.justdial.com/Bangalore/Ishta-Creations-Near-GRT-Jewellers-and-Opposite-JoyalukasNext-Raj-Diamond-Jayanagar-4th-Block/080PXX80-XX80-141020153110-Y8Y5_BZDET?ncatid=12091971&area=Alur%20Venkata%20Rao%20Road&search=%20Women%20Boutiques%20in%20Alur-Venkata-Rao-Road,%20Bangalore%20&mncatname=Ladies%20Boutiques",
"Ishta Creations","9th Main Jayanagar 3rd Block","09538513513","4.4","257 Ratings","Open until 7:30 pm","https://www.justdial.com/Bangalore/Ishta-Creations-Jayanagar-3rd-Block/080PXX80-XX80-190910232655-Q9J9_BZDET?ncatid=12091971&area=Alur%20Venkata%20Rao%20Road&search=%20Women%20Boutiques%20in%20Alur-Venkata-Rao-Road,%20Bangalore%20&mncatname=Ladies%20Boutiques",
"Needle Craft","Jayanagar 4th T Block","09845057276","3.6","142 Ratings","Open until 7:30 pm17 Years in Business","https://www.justdial.com/Bangalore/Needle-Craft-OPPOSITE-to-Polar-Bear-Jayanagar-4th-T-Block/080PXX80-XX80-121115101553-V8H4_BZDET?ncatid=12091971&area=Alur%20Venkata%20Rao%20Road&search=%20Women%20Boutiques%20in%20Alur-Venkata-Rao-Road,%20Bangalore%20&mncatname=Ladies%20Boutiques",
"Fashion Spray","Govindaraj Nagar-vijaynagar","07349636081","4.8","130 Ratings","Open until 8:30 pm","https://www.justdial.com/Bangalore/Fashion-Spray-Near-Old-A2B-Basaweshwara-Nagara-Housing-Board-Govindaraj-Nagar-vijaynagar/080PXX80-XX80-190807194050-S6X6_BZDET?ncatid=12091971&area=Alur%20Venkata%20Rao%20Road&search=%20Women%20Boutiques%20in%20Alur-Venkata-Rao-Road,%20Bangalore%20&mncatname=Ladies%20Boutiques",
"A K Ladies Tailor And Ridas Boutique","Margosa Road Malleswaram","09242280003","3.7","115 Ratings","Open until 9:00 pm25 Years in Business","https://www.justdial.com/Bangalore/A-K-Ladies-Tailor-And-Ridas-Boutique-Near-State-Bank-Of-India-Malleswaram/080P1229889991I1U7S1_BZDET?ncatid=12091971&area=Alur%20Venkata%20Rao%20Road&search=%20Women%20Boutiques%20in%20Alur-Venkata-Rao-Road,%20Bangalore%20&mncatname=Ladies%20Boutiques",
"Addrezz","No 1 Malleswaram","09632165500","4.8","78 Ratings","Opens in 5 mins7 Years in Business","https://www.justdial.com/Bangalore/Addrezz-Near-New-Vidya-Mandir-School-Near-By-5th-Main-Malleswaram/080PXX80-XX80-161108164729-R8M8_BZDET?ncatid=12091971&area=Alur%20Venkata%20Rao%20Road&search=%20Women%20Boutiques%20in%20Alur-Venkata-Rao-Road,%20Bangalore%20&mncatname=Ladies%20Boutiques",
"Al Sha Designer","Ebrahim Sahib Street","09880220518","4.5","70 Ratings","Open until 9:30 pm21 Years in Business","https://www.justdial.com/Bangalore/Al-Sha-Designer-Behind-Colors-Showroom-Ebrahim-Sahib-Street/080PXX80-XX80-170109130333-V2T3_BZDET?ncatid=12091971&area=Alur%20Venkata%20Rao%20Road&search=%20Women%20Boutiques%20in%20Alur-Venkata-Rao-Road,%20Bangalore%20&mncatname=Ladies%20Boutiques",
"Anviti","27th Cross Jayanagar 4th Block","07032903346","4.9","67 Ratings","Open until 7:00 pm4 Years in Business","https://www.justdial.com/Bangalore/Anviti-Opposite-Mayyas-Hotel-Jayanagar-4th-Block/080PXX80-XX80-190617094009-M7J9_BZDET?ncatid=12091971&area=Alur%20Venkata%20Rao%20Road&search=%20Women%20Boutiques%20in%20Alur-Venkata-Rao-Road,%20Bangalore%20&mncatname=Ladies%20Boutiques",
"FK Fashion Womans World","7th B Cross Vijayanagar","09060669126","5.0","62 Ratings","Open until 10:00 pm12 Years in Business","https://www.justdial.com/Bangalore/FK-Fashion-Womans-World-Behind-Vijay-Nagar-Club-Near-The-Maramma-Temple-Vijayanagar/080PXX80-XX80-150915111112-K9U2_BZDET?ncatid=12091971&area=Alur%20Venkata%20Rao%20Road&search=%20Women%20Boutiques%20in%20Alur-Venkata-Rao-Road,%20Bangalore%20&mncatname=Ladies%20Boutiques",
"Nisha Designer Boutique & Fashion Studio","End Main Road Jayanagar","07019224275","4.8","58 Ratings","Open until 8:00 pm2 Years in Business","https://www.justdial.com/Bangalore/Nisha-Designer-Boutique-Fashion-Studio-Opposite-to-Food-Corporation-Of-India-Jayanagar/080PXX80-XX80-210108192553-I5E8_BZDET?ncatid=12091971&area=Alur%20Venkata%20Rao%20Road&search=%20Women%20Boutiques%20in%20Alur-Venkata-Rao-Road,%20Bangalore%20&mncatname=Ladies%20Boutiques",
"Malikaa Couture","Couture Ebrahim Sahib Street","07019095833","4.9","52 Ratings","Open until 10:00 pm5 Years in Business","https://www.justdial.com/Bangalore/Malikaa-Couture-Plazo-Mall-Ebrahim-Sahib-Street/080PXX80-XX80-211211175702-V1B2_BZDET?ncatid=12091971&area=Alur%20Venkata%20Rao%20Road&search=%20Women%20Boutiques%20in%20Alur-Venkata-Rao-Road,%20Bangalore%20&mncatname=Ladies%20Boutiques",
"Flawsome Designer Boutique","Bangalore Commercial Street","08048511666","4.5","49 Ratings","Open until 10:00 pm29 Years in Business","https://www.justdial.com/Bangalore/Flawsome-Designer-Boutique-Near-Bata-Showroom-Commercial-Street/080PXX80-XX80-190204195155-S9C6_BZDET?ncatid=12091971&area=Alur%20Venkata%20Rao%20Road&search=%20Women%20Boutiques%20in%20Alur-Venkata-Rao-Road,%20Bangalore%20&mncatname=Ladies%20Boutiques",
"R M Desiner Boutique","Street Kamraj Road Kamaraj Road","09972831819","4.8","43 Ratings","Open until 9:00 pm","https://www.justdial.com/Bangalore/R-M-Desiner-Boutique-Near-Mysore-Saree-Kamaraj-Road/080PXX80-XX80-190122141518-L5J4_BZDET?ncatid=12091971&area=Alur%20Venkata%20Rao%20Road&search=%20Women%20Boutiques%20in%20Alur-Venkata-Rao-Road,%20Bangalore%20&mncatname=Ladies%20Boutiques",
"Vastra Designer","1st Main Road Nr Colony","09900966575","4.4","40 Ratings","Open until 9:00 pm16 Years in Business","https://www.justdial.com/Bangalore/Vastra-Designer-Near-Syndicate-Bank-Nr-Colony/080PXX80-XX80-100803121433-D3H1_BZDET?ncatid=12091971&area=Alur%20Venkata%20Rao%20Road&search=%20Women%20Boutiques%20in%20Alur-Venkata-Rao-Road,%20Bangalore%20&mncatname=Ladies%20Boutiques",
"Yes G Boutique","3rd Cross Malleswaram","09980183355","4.1","40 Ratings","Open until 8:30 pm12 Years in Business","https://www.justdial.com/Bangalore/Yes-G-Boutique-Opposite-Halli-Mane-Diagonally-Opposite-to-Lalithaa-Jewellery-Mart-Pvt-Ltd-Malleswaram/080PXX80-XX80-130620112218-T1V5_BZDET?ncatid=12091971&area=Alur%20Venkata%20Rao%20Road&search=%20Women%20Boutiques%20in%20Alur-Venkata-Rao-Road,%20Bangalore%20&mncatname=Ladies%20Boutiques",
"Rainbow Collective","4th T Block Jayanagar","09448094356","4.8","34 Ratings","Open until 7:00 pm14 Years in Business","https://www.justdial.com/Bangalore/Rainbow-Collective-Opposite-Axis-Bank-Jayanagar/080PXX80-XX80-210109103514-M3T9_BZDET?ncatid=12091971&area=Alur%20Venkata%20Rao%20Road&search=%20Women%20Boutiques%20in%20Alur-Venkata-Rao-Road,%20Bangalore%20&mncatname=Ladies%20Boutiques",
"Saanvi Creations","Feet Road Banashankari 1st Stage","09591739500","3.2","32 Ratings","Open until 8:00 pm8 Years in Business","https://www.justdial.com/Bangalore/Saanvi-Creations-Near-SBM-Colony-Bus-Stop-Banashankari-1st-Stage/080PXX80-XX80-150305145949-K9V3_BZDET?ncatid=12091971&area=Alur%20Venkata%20Rao%20Road&search=%20Women%20Boutiques%20in%20Alur-Venkata-Rao-Road,%20Bangalore%20&mncatname=Ladies%20Boutiques",
"Modern Fashions","Margosa Road Malleswaram","08892859649","4.4","29 Ratings","Opens at 03:00 PM63 Years in Business","https://www.justdial.com/Bangalore/Modern-Fashions-Near-Diagonally-Opposite-to-Idbi-Bank-Malleswaram/080PXX80-XX80-130322113532-U3E7_BZDET?ncatid=12091971&area=Alur%20Venkata%20Rao%20Road&search=%20Women%20Boutiques%20in%20Alur-Venkata-Rao-Road,%20Bangalore%20&mncatname=Ladies%20Boutiques",
"Fashions Boutique","15th Cross Malleswaram","08023345270","4.1","27 Ratings","Open until 7:00 pm40 Years in Business","https://www.justdial.com/Bangalore/Fashions-Boutique-Near-Telephone-Exchange-Malleswaram/080PF006435_BZDET?ncatid=12091971&area=Alur%20Venkata%20Rao%20Road&search=%20Women%20Boutiques%20in%20Alur-Venkata-Rao-Road,%20Bangalore%20&mncatname=Ladies%20Boutiques",
"Sk Ladies Boutique","9632 .789 .119 Neelasandra","08867565474","4.9","24 Ratings","Open 24 Hrs18 Years in Business","https://www.justdial.com/Bangalore/Sk-Ladies-Boutique-Near-M-G-Garden-Dildar-Ansari-Neelasandra/080PXX80-XX80-140530181650-E3Z2_BZDET?ncatid=12091971&area=Alur%20Venkata%20Rao%20Road&search=%20Women%20Boutiques%20in%20Alur-Venkata-Rao-Road,%20Bangalore%20&mncatname=Ladies%20Boutiques",
"Jay Bee Tailors","9th Main Vijayanagar","09986547373","4.5","24 Ratings","Open until 8:00 pm30 Years in Business","https://www.justdial.com/Bangalore/Jay-Bee-Tailors-Opposite-Hosahalli-Park-Vijayanagar/080PXX80-XX80-101101121823-F1Q4_BZDET?ncatid=12091971&area=Alur%20Venkata%20Rao%20Road&search=%20Women%20Boutiques%20in%20Alur-Venkata-Rao-Road,%20Bangalore%20&mncatname=Ladies%20Boutiques",
"D Cube Boutique","2nd Cross Vijayanagar","09945999885","3.4","24 Ratings","Open until 8:00 pm9 Years in Business","https://www.justdial.com/Bangalore/D-Cube-Boutique-Near-Vasahalli-Metro-Station-Vijayanagar/080PXX80-XX80-130622165109-K4H1_BZDET?ncatid=12091971&area=Alur%20Venkata%20Rao%20Road&search=%20Women%20Boutiques%20in%20Alur-Venkata-Rao-Road,%20Bangalore%20&mncatname=Ladies%20Boutiques",
"Deepika Ladies Wear","9th Main Jayanagar 4th Block","08026632418","4.4","22 Ratings","Open until 8:00 pm21 Years in Business","https://www.justdial.com/Bangalore/Deepika-Ladies-Wear-Near-Coffee-Day-Jayanagar-4th-Block/080PXX80-XX80-090904111845-IAPP_BZDET?ncatid=12091971&area=Alur%20Venkata%20Rao%20Road&search=%20Women%20Boutiques%20in%20Alur-Venkata-Rao-Road,%20Bangalore%20&mncatname=Ladies%20Boutiques",
"Shaanvi's Designer Studio","Cross 2nd Banashankari 2nd Stage","08026767989","3.6","21 Ratings","Open until 8:30 pm6 Years in Business","https://www.justdial.com/Bangalore/Shaanvis-Designer-Studio-Opposite-to-Shasthri-Bakery-Banashankari-2nd-Stage/080PXX80-XX80-170517141900-W2G9_BZDET?ncatid=12091971&area=Alur%20Venkata%20Rao%20Road&search=%20Women%20Boutiques%20in%20Alur-Venkata-Rao-Road,%20Bangalore%20&mncatname=Ladies%20Boutiques",
"Vinyas Designer Boutique","Gandhi Bazar Basavanagudi","09880201126","3.5","21 Ratings","Open until 8:30 am15 Years in Business","https://www.justdial.com/Bangalore/Vinyas-Designer-Boutique-Near-Syndicate-Bank-Basavanagudi/080PCLR20090224IRO4621774812_BZDET?ncatid=12091971&area=Alur%20Venkata%20Rao%20Road&search=%20Women%20Boutiques%20in%20Alur-Venkata-Rao-Road,%20Bangalore%20&mncatname=Ladies%20Boutiques",
"G G Modern Textile","4th Block Rajajinagar","08023500939","4.6","20 Ratings","Open until 9:00 pm20 Years in Business","https://www.justdial.com/Bangalore/G-G-Modern-Textile-Near-SAI-Baba-Temple-Rajajinagar/080PXX80-XX80-100924235703-D8V1_BZDET?ncatid=12091971&area=Alur%20Venkata%20Rao%20Road&search=%20Women%20Boutiques%20in%20Alur-Venkata-Rao-Road,%20Bangalore%20&mncatname=Ladies%20Boutiques",
"Araki Couture","4th T Block Jayanagar","09902588883","3.7","20 Ratings","Open until 8:00 pm11 Years in Business","https://www.justdial.com/Bangalore/Araki-Couture-Opposite-Shoba-Opal-Apartment-Jayanagar/080PXX80-XX80-171110212823-E3Q7_BZDET?ncatid=12091971&area=Alur%20Venkata%20Rao%20Road&search=%20Women%20Boutiques%20in%20Alur-Venkata-Rao-Road,%20Bangalore%20&mncatname=Ladies%20Boutiques",
"Shilton Boutique","Block Jayanagar 3rd Block East","08040607777","4.2","17 Ratings","Open until 9:00 pm35 Years in Business","https://www.justdial.com/Bangalore/Shilton-Boutique-Next-to-CES-Nursery-School-Jayanagar-3rd-Block-East/080P5171665_BZDET?ncatid=12091971&area=Alur%20Venkata%20Rao%20Road&search=%20Women%20Boutiques%20in%20Alur-Venkata-Rao-Road,%20Bangalore%20&mncatname=Ladies%20Boutiques",
"Van Heusen Innerwear","Main Road Jayanagar 4th Block","08049702962","3.8","17 Ratings","Open until 9:30 pm5 Years in Business","https://www.justdial.com/Bangalore/Van-Heusen-Innerwear-Next-to-Samsonite-Store-Jayanagar-4th-Block/080PXX80-XX80-180531121739-N5B5_BZDET?ncatid=12091971&area=Alur%20Venkata%20Rao%20Road&search=%20Women%20Boutiques%20in%20Alur-Venkata-Rao-Road,%20Bangalore%20&mncatname=Ladies%20Boutiques",
"Style & Fashion Boutique","Byatarayanapura Mysore Road","09620560409","4.6","16 Ratings","Open until 8:30 pm15 Years in Business","https://www.justdial.com/Bangalore/Style-Fashion-Boutique-Near-Govt-School-Mysore-Road/080PXX80-XX80-150728104306-T2F9_BZDET?ncatid=12091971&area=Alur%20Venkata%20Rao%20Road&search=%20Women%20Boutiques%20in%20Alur-Venkata-Rao-Road,%20Bangalore%20&mncatname=Ladies%20Boutiques",
"Lakshmi Boutique","Cross Malleshwaram Malleswaram","09141419638","4.4","15 Ratings","Open until 8:30 pm21 Years in Business","https://www.justdial.com/Bangalore/Lakshmi-Boutique-Opp-Ganesha-Temple-Malleswaram/080PXX80-XX80-171228200934-U1E4_BZDET?ncatid=12091971&area=Alur%20Venkata%20Rao%20Road&search=%20Women%20Boutiques%20in%20Alur-Venkata-Rao-Road,%20Bangalore%20&mncatname=Ladies%20Boutiques",
"Rcb Abaya Boutique","New Evening Bazaar Shivaji Nagar","07259895572","4.5","13 Ratings","Opens at 02:00 PM20 Years in Business","https://www.justdial.com/Bangalore/Rcb-Abaya-Boutique-Near-Palace-Mall-Shivaji-Nagar/080PXX80-XX80-130624130149-W9B7_BZDET?ncatid=12091971&area=Alur%20Venkata%20Rao%20Road&search=%20Women%20Boutiques%20in%20Alur-Venkata-Rao-Road,%20Bangalore%20&mncatname=Ladies%20Boutiques",
"Chowdeshwari Fashion Designers","2phase Girinagar","09900174499","4.1","13 Ratings","Open until 9:30 pm14 Years in Business","https://www.justdial.com/Bangalore/Chowdeshwari-Fashion-Designers-Dr-Rajendra-Prasad-Rd-Girinagar/080PXX80-XX80-130801130649-G5L8_BZDET?ncatid=12091971&area=Alur%20Venkata%20Rao%20Road&search=%20Women%20Boutiques%20in%20Alur-Venkata-Rao-Road,%20Bangalore%20&mncatname=Ladies%20Boutiques",
