Name,Address,Phone,Reviews,Rating,Hours of operations,Link
"Aasvas Designer Studio","24b Basaveshwara Nagar","09900086800","3.9","10 Ratings","Open until 9:00 pm2 Years in Business","https://www.justdial.com/Bangalore/Aasvas-Designer-Studio-Bridge-Basaveshwara-Nagar/080PXX80-XX80-210818140552-U1D7_BZDET?ncatid=12091971&area=Agb%20Layout&search=%20Women%20Boutiques%20in%20Agb-Layout,%20Bangalore%20&mncatname=Ladies%20Boutiques",
"Blouse Well Ladies Tailor","8th Cross Malleswaram","08867563943","4.4","35 Ratings","Open until 9:30 pm15 Years in Business","https://www.justdial.com/Bangalore/Blouse-Well-Ladies-Tailor-Opposite-State-Bank-Of-India-Malleswaram/080PXX80-XX80-120927165602-V2Y3_BZDET?ncatid=12091971&area=Agb%20Layout&search=%20Women%20Boutiques%20in%20Agb-Layout,%20Bangalore%20&mncatname=Ladies%20Boutiques",
"Star Boutique","Plaza 8th Cross Malleswaram","09845587315","4.1","28 Ratings","Open until 8:00 pm12 Years in Business","https://www.justdial.com/Bangalore/Star-Boutique-Basement-Of-Varamahalakshmi-Silks-Malleswaram/080PXX80-XX80-120912234359-I9P4_BZDET?ncatid=12091971&area=Agb%20Layout&search=%20Women%20Boutiques%20in%20Agb-Layout,%20Bangalore%20&mncatname=Ladies%20Boutiques",
"Rent N Wear","New RMV Extension 2nd Stage","09327106161","4.8","124 Ratings","Open until 9:30 pm1 Year in Business","https://www.justdial.com/Bangalore/Rent-N-Wear-Chroma-Showroom-RMV-Extension-2nd-Stage/080PXX80-XX80-220720132545-S3E4_BZDET?ncatid=12091971&area=Agb%20Layout&search=%20Women%20Boutiques%20in%20Agb-Layout,%20Bangalore%20&mncatname=Ladies%20Boutiques",
"Shruthi's The Boutique","Sampige Road Malleswaram","09845615841","4.3","30 Ratings","Open until 8:00 pm8 Years in Business","https://www.justdial.com/Bangalore/Shruthis-The-Boutique-Near-The-Higher-Taste-Next-to-Bosch-Showroom-Malleswaram/080PXX80-XX80-130313163404-T9Q2_BZDET?ncatid=12091971&area=Agb%20Layout&search=%20Women%20Boutiques%20in%20Agb-Layout,%20Bangalore%20&mncatname=Ladies%20Boutiques",
"Pusp Kala","No 12 Basaveshwara Nagar","09620181895","4.1","31 Ratings","Open until 8:30 pm10 Years in Business","https://www.justdial.com/Bangalore/Pusp-Kala-Near-Bank-Of-India-Basaveshwara-Nagar/080PXX80-XX80-180224145405-Z7W4_BZDET?ncatid=12091971&area=Agb%20Layout&search=%20Women%20Boutiques%20in%20Agb-Layout,%20Bangalore%20&mncatname=Ladies%20Boutiques",
"Shimmer A Fashion Boutique","Road Mahalakshmipuram Layout","09535455816","4.4","15 Ratings","Open until 9:00 pm5 Years in Business","https://www.justdial.com/Bangalore/Shimmer-A-Fashion-Boutique-Near-By-Mahalakshmi-Metro-Station-Mahalakshmipuram-Layout/080PXX80-XX80-180807125941-N7Y2_BZDET?ncatid=12091971&area=Agb%20Layout&search=%20Women%20Boutiques%20in%20Agb-Layout,%20Bangalore%20&mncatname=Ladies%20Boutiques",
"Chimmi Garments and Saree Palace","3rd Main Road Mathikere","08023601350","4.0","570 Ratings","Open until 9:00 pm35 Years in Business","https://www.justdial.com/Bangalore/Chimmi-Garments-and-Saree-Palace-Near-Mathikere-Bus-Stop-Mathikere/080P5153233_BZDET?ncatid=12091971&area=Agb%20Layout&search=%20Women%20Boutiques%20in%20Agb-Layout,%20Bangalore%20&mncatname=Ladies%20Boutiques",
"Nivitha Fashions","Dollars Colony-Rmv 2nd Stage","07715059892","5.0","1 Ratings","Open until 9:00 pm1 Year in Business","https://www.justdial.com/Bangalore/Nivitha-Fashions-Near-3m-Car-Care-Dollars-Colony-Rmv-2nd-Stage/080PXX80-XX80-220929193033-T1F9_BZDET?ncatid=12091971&area=Agb%20Layout&search=%20Women%20Boutiques%20in%20Agb-Layout,%20Bangalore%20&mncatname=Ladies%20Boutiques",
"Stylo Boutique","Manthri Square Mall Srirampuram","09036057661","3.9","69 Ratings","Open until 9:00 pm28 Years in Business","https://www.justdial.com/Bangalore/Stylo-Boutique-Behind-Hanuman-Temple-Srirampuram/080PXX80-XX80-191106115839-K8R2_BZDET?ncatid=12091971&area=Agb%20Layout&search=%20Women%20Boutiques%20in%20Agb-Layout,%20Bangalore%20&mncatname=Ladies%20Boutiques",
"Ronak International","28th Cross Kilari Road","08022343646","4.0","193 Ratings","Open until 8:00 pm10 Years in Business","https://www.justdial.com/jdmart/Bangalore/Ronak-International-Near-SBM-Kilari-Road/080PXX80-XX80-140618111429-Y7M2_BZDET/catalogue?nid=12091971",
"Charmine Chaya Designer Studio Makeup Studio and Salon","T Dasarahalli","08310734322","4.5","72 Ratings","Open until 8:00 pm15 Years in Business","https://www.justdial.com/Bangalore/Charmine-Chaya-Designer-Studio-Makeup-Studio-and-Salon-Near-Poorvika-Showroom-T-Dasarahalli/080PXX80-XX80-200314105006-F2H5_BZDET?ncatid=12091971&area=Agb%20Layout&search=%20Women%20Boutiques%20in%20Agb-Layout,%20Bangalore%20&mncatname=Ladies%20Boutiques",
"Premila Cloth Shop","Sultanpalya Main Road Rt Nagar","07619203222","5.0","3 Ratings","Open 24 Hrs7 Years in Business","https://www.justdial.com/jdmart/Bangalore/Premila-Cloth-Shop-Near-Ehaa-Hospital-Rt-Nagar/080PXX80-XX80-201116192511-I5A1_BZDET/catalogue?nid=12091971",
"Nidhi Fashions","Chandra Layout Nagarbhavi","09663724626","4.4","63 Ratings","Open until 8:30 pm20 Years in Business","https://www.justdial.com/Bangalore/Nidhi-Fashions-Near-Indian-Oil-Petrol-Bunk-Nagarbhavi/080P1228198033N9Y1L8_BZDET?ncatid=12091971&area=Agb%20Layout&search=%20Women%20Boutiques%20in%20Agb-Layout,%20Bangalore%20&mncatname=Ladies%20Boutiques",
"Seema Nanda Antara","Ali Asker Road Cunningham Road","08041721222","4.3","17 Ratings","Open until 7:00 pm18 Years in Business","https://www.justdial.com/Bangalore/Seema-Nanda-Antara-Opposite-Sigma-Mall-Cunningham-Road/080PXX80-XX80-140618133143-T1Y8_BZDET?ncatid=12091971&area=Agb%20Layout&search=%20Women%20Boutiques%20in%20Agb-Layout,%20Bangalore%20&mncatname=Ladies%20Boutiques",
"Kriya Closet","3rd Cross Rt Nagar","09538040045","4.5","4 Ratings","Open until 8:00 pm","https://www.justdial.com/Bangalore/Kriya-Closet-Near-Balaji-Sweets-Rt-Nagar/080PXX80-XX80-181025120736-Q9Y3_BZDET?ncatid=12091971&area=Agb%20Layout&search=%20Women%20Boutiques%20in%20Agb-Layout,%20Bangalore%20&mncatname=Ladies%20Boutiques",
"J H Consultancy Services","Church Street Lingarajapuram","08431499087","4.1","68 Ratings","Open until 6:00 pm10 Years in Business","https://www.justdial.com/Bangalore/J-H-Consultancy-Services-Below-Fly-Over-Lingarajapuram/080PXX80-XX80-130613153328-C9T8_BZDET?ncatid=12091971&area=Agb%20Layout&search=%20Women%20Boutiques%20in%20Agb-Layout,%20Bangalore%20&mncatname=Ladies%20Boutiques",
"Gene Bridal Boutiques","RT Nagar Post Rt Nagar","09980773490","4.0","258 Ratings","Open until 7:00 pm13 Years in Business","https://www.justdial.com/Bangalore/Gene-Bridal-Boutiques-Near-Camellia-Clothing-Store-Rt-Nagar/080PXX80-XX80-130417113317-K4J3_BZDET?ncatid=12091971&area=Agb%20Layout&search=%20Women%20Boutiques%20in%20Agb-Layout,%20Bangalore%20&mncatname=Ladies%20Boutiques",
"Amyra The Fashion Studio","1st Stage HBR Layout","07259211563","4.2","81 Ratings","Open until 7:30 pm6 Years in Business","https://www.justdial.com/Bangalore/Amyra-The-Fashion-Studio-Near-BDA-Complex-HBR-Layout/080PXX80-XX80-170818120521-N4M7_BZDET?ncatid=12091971&area=Agb%20Layout&search=%20Women%20Boutiques%20in%20Agb-Layout,%20Bangalore%20&mncatname=Ladies%20Boutiques",
"SPS Creations & Boutique","31st A Cross Jayanagar 7th Block","09900127477","5.0","2 Ratings","Open until 10:00 pm16 Years in Business","https://www.justdial.com/Bangalore/SPS-Creations-Boutique-Opposite-Rajathadri-Hotel-Jayanagar-7th-Block/080PXX80-XX80-151230114305-Z2Q6_BZDET?ncatid=12091971&area=Agb%20Layout&search=%20Women%20Boutiques%20in%20Agb-Layout,%20Bangalore%20&mncatname=Ladies%20Boutiques",
"Aakarshan","Kempapura Hebbal","09036750760","3.8","5 Ratings","Open until 8:00 pm12 Years in Business","https://www.justdial.com/Bangalore/Aakarshan-Behind-Canara-Bank-Hebbal/080PXX80-XX80-120618225347-L1C6_BZDET?ncatid=12091971&area=Agb%20Layout&search=%20Women%20Boutiques%20in%20Agb-Layout,%20Bangalore%20&mncatname=Ladies%20Boutiques",
"Silsila Clothing","Quadrant Road Shivaji Nagar","08025326565","3.8","463 Ratings","Open until 10:00 pm33 Years in Business","https://www.justdial.com/Bangalore/Silsila-Clothing-Near-Taj-Hotel-Shivaji-Nagar/080PXX80-XX80-131129145840-E5A9_BZDET?ncatid=12091971&area=Agb%20Layout&search=%20Women%20Boutiques%20in%20Agb-Layout,%20Bangalore%20&mncatname=Ladies%20Boutiques",
"Nisa Family Shop","Main Road Arabic College","08025487777","4.0","80 Ratings","Open until 10:00 pm9 Years in Business","https://www.justdial.com/Bangalore/Nisa-Family-Shop-Next-to-Khadims-PT-Bus-Stop-Arabic-College/080PXX80-XX80-140611153316-X2H7_BZDET?ncatid=12091971&area=Agb%20Layout&search=%20Women%20Boutiques%20in%20Agb-Layout,%20Bangalore%20&mncatname=Ladies%20Boutiques",
"Sai Collections","Southend Road Basavanagudi","09886799679","4.3","9 Ratings","Open until 7:00 pm9 Years in Business","https://www.justdial.com/Bangalore/Sai-Collections-Above-Udupi-Grand-Hotel-Basavanagudi/080PXX80-XX80-121103112925-N1H2_BZDET?ncatid=12091971&area=Agb%20Layout&search=%20Women%20Boutiques%20in%20Agb-Layout,%20Bangalore%20&mncatname=Ladies%20Boutiques",
"Spoorthy Fashions","Subbaiah Circle Mission Road","06363696965","4.6","8 Ratings","Open until 6:30 pm23 Years in Business","https://www.justdial.com/Bangalore/Spoorthy-Fashions-Behind-Canara-Bank-Next-to-Phinics-Hospital-Mission-Road/080PXX80-XX80-180407143518-N4R3_BZDET?ncatid=12091971&area=Agb%20Layout&search=%20Women%20Boutiques%20in%20Agb-Layout,%20Bangalore%20&mncatname=Ladies%20Boutiques",
"Vibbhinna","Main Road Jayanagar 3rd Block","09663311799","4.3","226 Ratings","Open until 8:00 pm9 Years in Business","https://www.justdial.com/Bangalore/Vibbhinna-Opposite-Bhavani-Kangan-Store-Jayanagar-3rd-Block/080PXX80-XX80-180220154443-M5V8_BZDET?ncatid=12091971&area=Agb%20Layout&search=%20Women%20Boutiques%20in%20Agb-Layout,%20Bangalore%20&mncatname=Ladies%20Boutiques",
"Pobbathi Silks","Bazaar Main Road Basavanagudi","09886636599","4.0","165 Ratings","Open until 8:30 pm44 Years in Business","https://www.justdial.com/Bangalore/Pobbathi-Silks-Opp-to-Rotighar-Restaurant-Basavanagudi/080PNE01524_BZDET?ncatid=12091971&area=Agb%20Layout&search=%20Women%20Boutiques%20in%20Agb-Layout,%20Bangalore%20&mncatname=Ladies%20Boutiques",
"Moh Mith","No 321 Commercial Street","09108466668","4.8","6,915 Ratings","Open until 9:00 pm6 Years in Business","https://www.justdial.com/Bangalore/Moh-Mith-Near-Shiv-Sager-Commercial-Street/080PXX80-XX80-170606012106-D5Y4_BZDET?ncatid=12091971&area=Agb%20Layout&search=%20Women%20Boutiques%20in%20Agb-Layout,%20Bangalore%20&mncatname=Ladies%20Boutiques",
"Fashion Tracks Designer Boutique","11 Th Block Rachenahalli","09986297869","5.0","2 Ratings","Open until 8:00 pm2 Years in Business","https://www.justdial.com/Bangalore/Fashion-Tracks-Designer-Boutique-Pinnacle-HeightsPin-Code-560077-Rachenahalli/080PXX80-XX80-211020141910-N9A1_BZDET?ncatid=12091971&area=Agb%20Layout&search=%20Women%20Boutiques%20in%20Agb-Layout,%20Bangalore%20&mncatname=Ladies%20Boutiques",
"Creative Fabz","Nagar Bus Stop Thanisandra","09900242211","4.5","59 Ratings","Open until 9:30 pm33 Years in Business","https://www.justdial.com/Bangalore/Creative-Fabz-Opposite-Bata-Showroom-Thanisandra/080PXX80-XX80-150309114139-D5S6_BZDET?ncatid=12091971&area=Agb%20Layout&search=%20Women%20Boutiques%20in%20Agb-Layout,%20Bangalore%20&mncatname=Ladies%20Boutiques",
"Aadiquipo Designer Studio","Rajarajeshwari Nagar","07892629425","4.7","112 Ratings","Open until 8:30 pm7 Years in Business","https://www.justdial.com/Bangalore/Aadiquipo-Designer-Studio-Near-Mantri-Alpyne-Appartment-Rajarajeshwari-Nagar/080PXX80-XX80-190604132013-S2M9_BZDET?ncatid=12091971&area=Agb%20Layout&search=%20Women%20Boutiques%20in%20Agb-Layout,%20Bangalore%20&mncatname=Ladies%20Boutiques",
"Sampradaya Womens Couture","CMH Road Indira Nagar 1st Stage","09019574477","4.7","264 Ratings","Open until 8:30 pm8 Years in Business","https://www.justdial.com/Bangalore/Sampradaya-Womens-Couture-Above-Fabric-Spa-Indira-Nagar-1st-Stage/080PXX80-XX80-190314185704-J2H6_BZDET?ncatid=12091971&area=Agb%20Layout&search=%20Women%20Boutiques%20in%20Agb-Layout,%20Bangalore%20&mncatname=Ladies%20Boutiques",
"Shruthi Designer Boutique","Hotel Side Yelahanka New Town","09590885934","4.5","34 Ratings","Open until 7:00 pm25 Years in Business","https://www.justdial.com/Bangalore/Shruthi-Designer-Boutique-Kottakkal-Hospital-Yelahanka-New-Town/080PXX80-XX80-120709204851-N8U5_BZDET?ncatid=12091971&area=Agb%20Layout&search=%20Women%20Boutiques%20in%20Agb-Layout,%20Bangalore%20&mncatname=Ladies%20Boutiques",
"Atelier Aphrodite By Nags","2nd Stage Indiranagar","09845224666","4.9","5 Ratings","Open until 7:30 pm14 Years in Business","https://www.justdial.com/Bangalore/Atelier-Aphrodite-By-Nags-Near-Esi-Hospital-Indiranagar/080PXX80-XX80-221209140835-Z7J3_BZDET?ncatid=12091971&area=Agb%20Layout&search=%20Women%20Boutiques%20in%20Agb-Layout,%20Bangalore%20&mncatname=Ladies%20Boutiques",
"Style Diva","3rd Cross Jp Nagar 2nd Phase","09742782429","3.9","43 Ratings","Open until 7:30 pm15 Years in Business","https://www.justdial.com/Bangalore/Style-Diva-Behind-Shanti-Sagar-Hotel-Jp-Nagar-2nd-Phase/080PXX80-XX80-121217184305-Q7C2_BZDET?ncatid=12091971&area=Agb%20Layout&search=%20Women%20Boutiques%20in%20Agb-Layout,%20Bangalore%20&mncatname=Ladies%20Boutiques",
"My Designer","4th Stage Rajarajeshwari Nagar","09611634966","4.5","16 Ratings","Open until 8:00 pm11 Years in Business","https://www.justdial.com/Bangalore/My-Designer-Behind-HDFC-Bank-and-Near-Double-Road-Rajarajeshwari-Nagar/080PXX80-XX80-130519112730-F6N3_BZDET?ncatid=12091971&area=Agb%20Layout&search=%20Women%20Boutiques%20in%20Agb-Layout,%20Bangalore%20&mncatname=Ladies%20Boutiques",
"New Fashion Ladies Tailors","3rd Main Padmanabhanagar","08618608099","3.7","5 Ratings","Open until 9:00 pm17 Years in Business","https://www.justdial.com/Bangalore/New-Fashion-Ladies-Tailors-Near-Devegowda-House-Padmanabhanagar/080PXX80-XX80-110120132613-J7T8_BZDET?ncatid=12091971&area=Agb%20Layout&search=%20Women%20Boutiques%20in%20Agb-Layout,%20Bangalore%20&mncatname=Ladies%20Boutiques",
"Shreem Creates Studio","Main Road Uttarahalli","09164643127","5.0","3 Ratings","Open until 8:30 pm29 Years in Business","https://www.justdial.com/Bangalore/Shreem-Creates-Studio-Near-NICE-Road-Uttarahalli/080PXX80-XX80-101118153606-V6D1_BZDET?ncatid=12091971&area=Agb%20Layout&search=%20Women%20Boutiques%20in%20Agb-Layout,%20Bangalore%20&mncatname=Ladies%20Boutiques",
"SHA FASHIONS","1st E Main Koramangala 8th Block","09535043471","4.7","51 Ratings","Open until 8:00 pm8 Years in Business","https://www.justdial.com/Bangalore/SHA-FASHIONS-Near-DRBRAmbedkar-Park-Koramangala-8th-Block/080PXX80-XX80-190430131119-G7N7_BZDET?ncatid=12091971&area=Agb%20Layout&search=%20Women%20Boutiques%20in%20Agb-Layout,%20Bangalore%20&mncatname=Ladies%20Boutiques",
"Shobha Boutique","Mother Dairy Circle Yelahanka","09805909898","4.7","135 Ratings","Open until 8:00 pm5 Years in Business","https://www.justdial.com/Bangalore/Shobha-Boutique-Kottakkal-Arya-Vaidya-Shala-Yelahanka/080PXX80-XX80-181204135502-V6D3_BZDET?ncatid=12091971&area=Agb%20Layout&search=%20Women%20Boutiques%20in%20Agb-Layout,%20Bangalore%20&mncatname=Ladies%20Boutiques",
"Mayeeka","Main Road Jayanagar 5th Block","08041933882","4.2","455 Ratings","Open until 9:00 pm6 Years in Business","https://www.justdial.com/Bangalore/Mayeeka-Next-to-A2B-Restaurant-Jayanagar-5th-Block/080PXX80-XX80-180204023503-T1B8_BZDET?ncatid=12091971&area=Agb%20Layout&search=%20Women%20Boutiques%20in%20Agb-Layout,%20Bangalore%20&mncatname=Ladies%20Boutiques",
"RSG By Rupa","KHB Colony Koramangala 8th Block","08065702971","4.7","62 Ratings","Open until 8:30 pm12 Years in Business","https://www.justdial.com/Bangalore/RSG-By-Rupa-Near-Dyu-Art-Cafe-Koramangala-8th-Block/080PXX80-XX80-110307121436-M5E8_BZDET?ncatid=12091971&area=Agb%20Layout&search=%20Women%20Boutiques%20in%20Agb-Layout,%20Bangalore%20&mncatname=Ladies%20Boutiques",
"Nakoda Designer Boutique","4th Cross Madiwala","09886115721","4.3","20 Ratings","Open until 8:00 pm9 Years in Business","https://www.justdial.com/Bangalore/Nakoda-Designer-Boutique-Next-to-Shanti-Sagar-Madiwala/080PXX80-XX80-150929121440-J6A1_BZDET?ncatid=12091971&area=Agb%20Layout&search=%20Women%20Boutiques%20in%20Agb-Layout,%20Bangalore%20&mncatname=Ladies%20Boutiques",
"Jayashree Boutique","Layout Rajarajeshwari Nagar","09535043325","4.7","5 Ratings","Open until 9:30 pm9 Years in Business","https://www.justdial.com/Bangalore/Jayashree-Boutique-Jnakshi-School-Near-Rajarajeshwari-Nagar/080PXX80-XX80-160317183534-B4R8_BZDET?ncatid=12091971&area=Agb%20Layout&search=%20Women%20Boutiques%20in%20Agb-Layout,%20Bangalore%20&mncatname=Ladies%20Boutiques",
"Akira Fashion Studio & Boutique","Neharu Main Road Kammanahalli","07888988488","4.9","398 Ratings","Open until 8:30 pm5 Years in Business","https://www.justdial.com/Bangalore/Akira-Fashion-Studio-Boutique-Near-Empire-Hotel-Kammanahalli/080PXX80-XX80-180623211136-F1A7_BZDET?ncatid=12091971&area=Agb%20Layout&search=%20Women%20Boutiques%20in%20Agb-Layout,%20Bangalore%20&mncatname=Ladies%20Boutiques",
"Siri Designer Boutique","2nd Cross BTM Layout 2nd Stage","09980438140","3.4","8 Ratings","Open until 8:00 pm8 Years in Business","https://www.justdial.com/Bangalore/Siri-Designer-Boutique-Jaydeva-Signal-BTM-Layout-2nd-Stage/080PXX80-XX80-170623131146-Z2B1_BZDET?ncatid=12091971&area=Agb%20Layout&search=%20Women%20Boutiques%20in%20Agb-Layout,%20Bangalore%20&mncatname=Ladies%20Boutiques",
"Yukba Designer Studio","Main Road Bannerghatta Road","08040976391","4.2","86 Ratings","Open until 9:00 pm5 Years in Business","https://www.justdial.com/Bangalore/Yukba-Designer-Studio-Opp-to-Vijaya-Bank-Arekere-Bannerghatta-Road/080PXX80-XX80-180404112023-D1C7_BZDET?ncatid=12091971&area=Agb%20Layout&search=%20Women%20Boutiques%20in%20Agb-Layout,%20Bangalore%20&mncatname=Ladies%20Boutiques",
"Fascilo Designer Boutique","Isro Layout Kumaraswamy Layout","08026617315","3.5","2 Ratings","Open until 7:30 pm10 Years in Business","https://www.justdial.com/Bangalore/Fascilo-Designer-Boutique-Near-Isro-Layout-Bus-Stop-Kumaraswamy-Layout/080PXX80-XX80-140716100122-T3Z2_BZDET?ncatid=12091971&area=Agb%20Layout&search=%20Women%20Boutiques%20in%20Agb-Layout,%20Bangalore%20&mncatname=Ladies%20Boutiques",
"Shrusti Creation","Dinne Jp Nagar 7th Phase","09620009438","3.7","50 Ratings","Open until 9:00 pm24 Years in Business","https://www.justdial.com/Bangalore/Shrusti-Creation-Opp-to-Podar-Jumbo-Kids-and-Next-to-Big-Bazaar-Jp-Nagar-7th-Phase/080PXX80-XX80-140430120546-K1Y8_BZDET?ncatid=12091971&area=Agb%20Layout&search=%20Women%20Boutiques%20in%20Agb-Layout,%20Bangalore%20&mncatname=Ladies%20Boutiques",
"Safura Embroidery Designers","Palya Main Road Ramamurthy Nagar","07338224657","4.2","22 Ratings","Open until 8:30 pm11 Years in Business","https://www.justdial.com/Bangalore/Safura-Embroidery-Designers-Near-R-K-ApartmentOpp-The-Family-Doctor-Hospital-Ramamurthy-Nagar/080PXX80-XX80-131121150415-R3P6_BZDET?ncatid=12091971&area=Agb%20Layout&search=%20Women%20Boutiques%20in%20Agb-Layout,%20Bangalore%20&mncatname=Ladies%20Boutiques",
"Kasturi The Designer Boutique","1st Main Kasturi Nagar","06366066712","4.2","91 Ratings","Open until 8:30 pm11 Years in Business","https://www.justdial.com/Bangalore/Kasturi-The-Designer-Boutique-Next-to-Limra-Car-Zone-Kasturi-Nagar/080PXX80-XX80-130927162828-Y2G6_BZDET?ncatid=12091971&area=Agb%20Layout&search=%20Women%20Boutiques%20in%20Agb-Layout,%20Bangalore%20&mncatname=Ladies%20Boutiques",
"Sri Sharda Design Studio","Doddakallasandra","08553140101","4.8","96 Ratings","Open until 9:00 pm5 Years in Business","https://www.justdial.com/Bangalore/Sri-Sharda-Design-Studio-Gokulam-Apartment-Doddakallasandra/080PXX80-XX80-180728143007-M1V8_BZDET?ncatid=12091971&area=Agb%20Layout&search=%20Women%20Boutiques%20in%20Agb-Layout,%20Bangalore%20&mncatname=Ladies%20Boutiques",
"Savys Boutique","25th Cross Kaggadasapura Road","07795766790","4.4","712 Ratings","Open until 9:00 pm9 Years in Business","https://www.justdial.com/Bangalore/Savys-Boutique-Near-Hemagiri-Apartments-Kaggadasapura-Road/080PXX80-XX80-140801125416-J1C4_BZDET?ncatid=12091971&area=Agb%20Layout&search=%20Women%20Boutiques%20in%20Agb-Layout,%20Bangalore%20&mncatname=Ladies%20Boutiques",
"Khushbu Fancy Tailoring","# 33 5th Cross Yemlur","07619561995","3.5","2 Ratings","Open 24 Hrs7 Years in Business","https://www.justdial.com/Bangalore/Khushbu-Fancy-Tailoring-Maduramma-Temple-Yemlur/080PXX80-XX80-230106185635-W2P1_BZDET?ncatid=12091971&area=Agb%20Layout&search=%20Women%20Boutiques%20in%20Agb-Layout,%20Bangalore%20&mncatname=Ladies%20Boutiques",
"Megha Boutique","22nd Main HSR Layout","08904700145","4.3","2 Ratings","Open until 9:30 pm10 Years in Business","https://www.justdial.com/Bangalore/Megha-Boutique-Near-Medical-Shop-HSR-Layout/080PXX80-XX80-151229121008-K3Y9_BZDET?ncatid=12091971&area=Agb%20Layout&search=%20Women%20Boutiques%20in%20Agb-Layout,%20Bangalore%20&mncatname=Ladies%20Boutiques",
"Charu Creation Designers Boutique","C V Raman Nagar","09008095984","4.4","390 Ratings","Open until 8:30 pm14 Years in Business","https://www.justdial.com/Bangalore/Charu-Creation-Designers-Boutique-Near-Sct-Engineering-College-C-V-Raman-Nagar/080P1237870319J4C7G6_BZDET?ncatid=12091971&area=Agb%20Layout&search=%20Women%20Boutiques%20in%20Agb-Layout,%20Bangalore%20&mncatname=Ladies%20Boutiques",
"Buzzzest","Novel Tech Park Kudulu Gate","09900007879","5.0","3 Ratings","Open until 7:00 pm1 Year in Business","https://www.justdial.com/Bangalore/Buzzzest-Kudulu-Gate/080PXX80-XX80-230120132516-Y1J9_BZDET?ncatid=12091971&area=Agb%20Layout&search=%20Women%20Boutiques%20in%20Agb-Layout,%20Bangalore%20&mncatname=Ladies%20Boutiques",
"The Label Redefining Womens Wear","27th Main Hsr Layout Sector 1","07829311369","4.0","99 Ratings","Open until 8:00 pm14 Years in Business","https://www.justdial.com/Bangalore/The-Label-Redefining-Womens-Wear-Near-Titan-Eye-Hsr-Layout-Sector-1/080PXX80-XX80-120417181648-M2T1_BZDET?ncatid=12091971&area=Agb%20Layout&search=%20Women%20Boutiques%20in%20Agb-Layout,%20Bangalore%20&mncatname=Ladies%20Boutiques",
"Bridgit Fashion Tailors","Shop No 6 Vignana Nagar","09880431310","4.9","35 Ratings","Open until 7:30 pm4 Years in Business","https://www.justdial.com/Bangalore/Bridgit-Fashion-Tailors-Opp-Federal-Bank-Vignana-Nagar/080PXX80-XX80-190328152559-G7N5_BZDET?ncatid=12091971&area=Agb%20Layout&search=%20Women%20Boutiques%20in%20Agb-Layout,%20Bangalore%20&mncatname=Ladies%20Boutiques",
"Bombay Textile and Tailors Raymondsuiting Shirtings and Silk Sarees","Main Road Krishnarajapuram","09986561696","4.0","109 Ratings","Open until 10:00 pm31 Years in Business","https://www.justdial.com/Bangalore/Bombay-Textile-and-Tailors-Raymondsuiting-Shirtings-and-Silk-Sarees-Bombay-Tailors-Ramurthi-Nagar-Krishnarajapuram/080PXX80-XX80-110522131606-Q1S8_BZDET?ncatid=12091971&area=Agb%20Layout&search=%20Women%20Boutiques%20in%20Agb-Layout,%20Bangalore%20&mncatname=Ladies%20Boutiques",
"Bespoke Designer","Marathahalli","09449349667","4.2","32 Ratings","Open until 8:00 pm13 Years in Business","https://www.justdial.com/Bangalore/Bespoke-Designer-Near-Kalamandir-Marathahalli/080PXX80-XX80-190205121250-P1T7_BZDET?ncatid=12091971&area=Agb%20Layout&search=%20Women%20Boutiques%20in%20Agb-Layout,%20Bangalore%20&mncatname=Ladies%20Boutiques",
"Manju Fashions","C T Street Marathahalli","09845123951","3.9","75 Ratings","Open until 9:30 pm31 Years in Business","https://www.justdial.com/Bangalore/Manju-Fashions-Next-to-Chowdeswari-Temple-Marathahalli/080PXX80-XX80-121003135833-Z3Y8_BZDET?ncatid=12091971&area=Agb%20Layout&search=%20Women%20Boutiques%20in%20Agb-Layout,%20Bangalore%20&mncatname=Ladies%20Boutiques",
"Senon Boutique","Belthur Main Road Kadugodi","07349186444","4.0","151 Ratings","Open until 7:30 pm6 Years in Business","https://www.justdial.com/Bangalore/Senon-Boutique-Near-LJ-Iyengar-Bakery-Kadugodi/080PXX80-XX80-170619115952-C8N2_BZDET?ncatid=12091971&area=Agb%20Layout&search=%20Women%20Boutiques%20in%20Agb-Layout,%20Bangalore%20&mncatname=Ladies%20Boutiques",
"Rose Petals Boutique","Immadihalli Main Road Whitefield","08970340460","4.5","490 Ratings","Open until 8:00 pm9 Years in Business","https://www.justdial.com/Bangalore/Rose-Petals-Boutique-Near-Chikkanjeneya-Temple-Canara-Bank-ATM-Udupi-Veg-Hotel-Cauvery-Bakery-Whitefield/080PXX80-XX80-151012121435-S2Y4_BZDET?ncatid=12091971&area=Agb%20Layout&search=%20Women%20Boutiques%20in%20Agb-Layout,%20Bangalore%20&mncatname=Ladies%20Boutiques",
"Blossom Boutique","Road Electronic City Phase 1","08971145432","3.5","11 Ratings","Open until 9:00 pm","https://www.justdial.com/Bangalore/Blossom-Boutique-Near-Fire-Station-Electronic-City-Phase-1/080PXX80-XX80-180831135655-W7G9_BZDET?ncatid=12091971&area=Agb%20Layout&search=%20Women%20Boutiques%20in%20Agb-Layout,%20Bangalore%20&mncatname=Ladies%20Boutiques",
"Sumedha Fashion Studio","Police Layout Bommasandra","09731590547","4.9","5 Ratings","Open until 8:00 pm7 Years in Business","https://www.justdial.com/Bangalore/Sumedha-Fashion-Studio-Near-State-Bank-Of-India-Bommasandra/080PXX80-XX80-180412193357-A4R6_BZDET?ncatid=12091971&area=Agb%20Layout&search=%20Women%20Boutiques%20in%20Agb-Layout,%20Bangalore%20&mncatname=Ladies%20Boutiques",
"Dress Code Clothing Pvt Ltd","Kota-rajasthan","08406044444","4.5","99 Ratings","Open until 7:30 pm","https://www.justdial.com/Kota-rajasthan/Dress-Code-Clothing-Pvt-Ltd/9999PX744-X744-190925182757-L4B1_BZDET?ncatid=12091971&area=Agb%20Layout&search=%20Women%20Boutiques%20in%20Agb-Layout,%20Bangalore%20&mncatname=Ladies%20Boutiques",
"Trendship Fashion Designers And Boutique","Cross Mahalakshmipuram Layout","09980648433","4.6","20 Ratings","Open until 9:00 pm5 Years in Business","https://www.justdial.com/Bangalore/Trendship-Fashion-Designers-And-Boutique-Near-BBMP-OFFICE-Mahalakshmipuram-Layout/080PXX80-XX80-180711194509-Y2J2_BZDET?ncatid=12091971&area=Agb%20Layout&search=%20Women%20Boutiques%20in%20Agb-Layout,%20Bangalore%20&mncatname=Ladies%20Boutiques",
"Ramu Ladies Tailors","C Nagar Mahalakshmipuram Layout","09986362686","4.3","6 Ratings","Open until 10:00 pm22 Years in Business","https://www.justdial.com/Bangalore/Ramu-Ladies-Tailors-Near-Srinivasa-Medicals-Mahalakshmipuram-Layout/080PXX80-XX80-131228132232-W3G5_BZDET?ncatid=12091971&area=Agb%20Layout&search=%20Women%20Boutiques%20in%20Agb-Layout,%20Bangalore%20&mncatname=Ladies%20Boutiques",
"Krivailat Kreations","Colony Mahalakshmipuram Layout","08147631646","5.0","4 Ratings","Open until 8:45 pm7 Years in Business","https://www.justdial.com/Bangalore/Krivailat-Kreations-Near-Ganesha-Temple-Mahalakshmipuarm-Mahalakshmipuram-Layout/080PXX80-XX80-170616105510-I5S1_BZDET?ncatid=12091971&area=Agb%20Layout&search=%20Women%20Boutiques%20in%20Agb-Layout,%20Bangalore%20&mncatname=Ladies%20Boutiques",
"New Rk Fashion","Road Mahalakshmipuram Layout","09741189919","4.5","1 Ratings","Closes by 10:00 pm 5 Years in Business","https://www.justdial.com/Bangalore/New-Rk-Fashion-Near-Swati-Restaurent-Mahalakshmipuram-Layout/080PXX80-XX80-180905180509-R8K1_BZDET?ncatid=12091971&area=Agb%20Layout&search=%20Women%20Boutiques%20in%20Agb-Layout,%20Bangalore%20&mncatname=Ladies%20Boutiques",
"Blush Boutique B-square","Entrance Mahalakshmipuram Layout","06360456492","3.0","1 Ratings","","https://www.justdial.com/Bangalore/Blush-Boutique-B-square-Near-Mahalakshmi-Layout-Merteo-Stop-Mahalakshmipuram-Layout/080PXX80-XX80-170914142102-L5X6_BZDET?ncatid=12091971&area=Agb%20Layout&search=%20Women%20Boutiques%20in%20Agb-Layout,%20Bangalore%20&mncatname=Ladies%20Boutiques",
"Shrusara Fashion Boutique","6th Main Mahalakshmipuram Layout","09741827558","4.9","111 Ratings","Open until 8:30 pm8 Years in Business","https://www.justdial.com/Bangalore/Shrusara-Fashion-Boutique-Next-to-Chaitanya-Techno-Mahalakshmipuram-Layout/080PXX80-XX80-210317195129-C8K9_BZDET?ncatid=12091971&area=Agb%20Layout&search=%20Women%20Boutiques%20in%20Agb-Layout,%20Bangalore%20&mncatname=Ladies%20Boutiques",
"Tie Knot Fashion Boutique and Studio","Mahalakshmipuram Layout","09743681571","4.9","45 Ratings","Open until 8:00 pm1 Year in Business","https://www.justdial.com/Bangalore/Tie-Knot-Fashion-Boutique-and-Studio-Opp-Pristine-Hospital-Mahalakshmipuram-Layout/080PXX80-XX80-220620183353-D4Z2_BZDET?ncatid=12091971&area=Agb%20Layout&search=%20Women%20Boutiques%20in%20Agb-Layout,%20Bangalore%20&mncatname=Ladies%20Boutiques",
"Nine O Nine Designer Boutique","Cross Mahalakshmipuram Layout","09916696099","4.6","41 Ratings","Open until 7:30 pm","https://www.justdial.com/Bangalore/Nine-O-Nine-Designer-Boutique-Opp-Sri-Chaitanya-Techno-School-Mahalakshmipuram-Layout/080PXX80-XX80-181217163651-Y4K7_BZDET?ncatid=12091971&area=Agb%20Layout&search=%20Women%20Boutiques%20in%20Agb-Layout,%20Bangalore%20&mncatname=Ladies%20Boutiques",
"Madhu Fancy Ladies Tailors","Stage Mahalakshmipuram Layout","09379473194","3.9","23 Ratings","Open until 9:00 pm25 Years in Business","https://www.justdial.com/Bangalore/Madhu-Fancy-Ladies-Tailors-Near-Panchamukhi-Ganapathi-Temple-Mahalakshmipuram-Layout/080PXX80-XX80-131226115504-I5B1_BZDET?ncatid=12091971&area=Agb%20Layout&search=%20Women%20Boutiques%20in%20Agb-Layout,%20Bangalore%20&mncatname=Ladies%20Boutiques",
"My Choice Designer Wear","Road Mahalakshmipuram Layout","09448204024","4.7","19 Ratings","Open until 8:30 pm4 Years in Business","https://www.justdial.com/Bangalore/My-Choice-Designer-Wear-Mahalakshmipuram-Layout/080PXX80-XX80-180424134309-D1Q1_BZDET?ncatid=12091971&area=Agb%20Layout&search=%20Women%20Boutiques%20in%20Agb-Layout,%20Bangalore%20&mncatname=Ladies%20Boutiques",
"Prince Ladies Tailor","J C Nagar Kurubarahalli","09980133435","4.5","13 Ratings","Open until 8:00 pm7 Years in Business","https://www.justdial.com/Bangalore/Prince-Ladies-Tailor-Opp-to-Karnataka-Photo-Studio-Kurubarahalli/080PXX80-XX80-210107213024-P3G8_BZDET?ncatid=12091971&area=Agb%20Layout&search=%20Women%20Boutiques%20in%20Agb-Layout,%20Bangalore%20&mncatname=Ladies%20Boutiques",
"Aagya","Near Geetha Clinic Kurubarahalli","08023223570","4.6","5 Ratings","Open until 9:30 pm","https://www.justdial.com/Bangalore/Aagya-Kurubarahalli/080PXX80-XX80-201105111345-H7J8_BZDET?ncatid=12091971&area=Agb%20Layout&search=%20Women%20Boutiques%20in%20Agb-Layout,%20Bangalore%20&mncatname=Ladies%20Boutiques",
"GGR Fashions","Mahalakshmipuram Layout","07338183644","4.9","4 Ratings","Open until 9:00 pm","https://www.justdial.com/Bangalore/GGR-Fashions-Near-Kurubarahalli-Bus-StopNear-Rajkumar-Statue-Mahalakshmipuram-Layout/080PXX80-XX80-110328152505-I6W1_BZDET?ncatid=12091971&area=Agb%20Layout&search=%20Women%20Boutiques%20in%20Agb-Layout,%20Bangalore%20&mncatname=Ladies%20Boutiques",
"Sree Sai Megha Fashions & Boutique","Road Mahalakshmipuram Layout","09449538216","4.3","3 Ratings","Open until 8:30 pm7 Years in Business","https://www.justdial.com/Bangalore/Sree-Sai-Megha-Fashions-Boutique-Near-Universal-High-School-Mahalakshmipuram-Layout/080PXX80-XX80-161019112626-J9K4_BZDET?ncatid=12091971&area=Agb%20Layout&search=%20Women%20Boutiques%20in%20Agb-Layout,%20Bangalore%20&mncatname=Ladies%20Boutiques",
"Style Hive Designer Studio","Road Mahalakshmipuram Layout","09620073311","4.0","2 Ratings","Open until 8:00 pm8 Years in Business","https://www.justdial.com/Bangalore/Style-Hive-Designer-Studio-Next-to-Vlcc-Near-Rajajinagar-Metro-Station-Mahalakshmipuram-Layout/080PXX80-XX80-150630145743-N6C4_BZDET?ncatid=12091971&area=Agb%20Layout&search=%20Women%20Boutiques%20in%20Agb-Layout,%20Bangalore%20&mncatname=Ladies%20Boutiques",
"Ram Page","Road Mahalakshmipuram Layout","09341893730","5.0","1 Ratings","Open until 10:00 pm8 Years in Business","https://www.justdial.com/Bangalore/Ram-Page-Opp-Near-Shankar-Mutt-Circle-Mahalakshmipuram-Layout/080PXX80-XX80-150319151647-A1C7_BZDET?ncatid=12091971&area=Agb%20Layout&search=%20Women%20Boutiques%20in%20Agb-Layout,%20Bangalore%20&mncatname=Ladies%20Boutiques",
"Hiza boutique","Mahalakshmipuram Layout","09741827558","5.0","1 Ratings","Open until 9:00 pm20 Years in Business","https://www.justdial.com/Bangalore/Hiza-boutique-Near-raj-Kumar-statue-Mahalakshmipuram-Layout/080PXX80-XX80-160625101352-N5J5_BZDET?ncatid=12091971&area=Agb%20Layout&search=%20Women%20Boutiques%20in%20Agb-Layout,%20Bangalore%20&mncatname=Ladies%20Boutiques",
"S S Boutique","Cross Mahalakshmipuram Layout","09481776337","5.0","1 Ratings","Open until 9:30 pm16 Years in Business","https://www.justdial.com/Bangalore/S-S-Boutique-Next-to-Sri-Rama-Seva-Temple-Mahalakshmipuram-Layout/080PXX80-XX80-140424101319-I2K1_BZDET?ncatid=12091971&area=Agb%20Layout&search=%20Women%20Boutiques%20in%20Agb-Layout,%20Bangalore%20&mncatname=Ladies%20Boutiques",
"Sanyaa's","Road Mahalakshmipuram Layout","09740664707","5.0","1 Ratings","Open until 8:00 pm6 Years in Business","https://www.justdial.com/Bangalore/Sanyaas-Near-Modi-Eye-Hospital-Mahalakshmipuram-Layout/080PXX80-XX80-131206185639-R1A8_BZDET?ncatid=12091971&area=Agb%20Layout&search=%20Women%20Boutiques%20in%20Agb-Layout,%20Bangalore%20&mncatname=Ladies%20Boutiques",
"Vastra Siri","Hospital Mahalakshmipuram Layout","09740566662","4.5","1 Ratings","Open until 8:00 pm4 Years in Business","https://www.justdial.com/Bangalore/Vastra-Siri-Mahalakshmipuram-Layout/080PXX80-XX80-191007111039-E8T5_BZDET?ncatid=12091971&area=Agb%20Layout&search=%20Women%20Boutiques%20in%20Agb-Layout,%20Bangalore%20&mncatname=Ladies%20Boutiques",
"The Trendze","14 Cross Mahalakshmipuram Layout","09880738357","3.0","1 Ratings","Open until 9:00 pm23 Years in Business","https://www.justdial.com/Bangalore/The-Trendze-Anjinaya-Temple-Mahalakshmipuram-Layout/080PXX80-XX80-171222102703-I2H9_BZDET?ncatid=12091971&area=Agb%20Layout&search=%20Women%20Boutiques%20in%20Agb-Layout,%20Bangalore%20&mncatname=Ladies%20Boutiques",
"Shree Fashion Designers","Pipeline Road Kurubarahalli","09740445492","3.0","1 Ratings","Open until 9:30 pm10 Years in Business","https://www.justdial.com/Bangalore/Shree-Fashion-Designers-Ner-Kuruburahalli-Nbus-Stop-Kurubarahalli/080PXX80-XX80-130327133247-S7K8_BZDET?ncatid=12091971&area=Agb%20Layout&search=%20Women%20Boutiques%20in%20Agb-Layout,%20Bangalore%20&mncatname=Ladies%20Boutiques",
"Shewathashree Ladies Tailors","Mahalakshmipuram Layout","09379473194","3.0","1 Ratings","Open until 9:00 pm26 Years in Business","https://www.justdial.com/Bangalore/Shewathashree-Ladies-Tailors-Near-Kurubarahalli-Circle-Mahalakshmipuram-Layout/080PXX80-XX80-130222130222-T5X7_BZDET?ncatid=12091971&area=Agb%20Layout&search=%20Women%20Boutiques%20in%20Agb-Layout,%20Bangalore%20&mncatname=Ladies%20Boutiques",
"Soch Store","4th Block Basaveshwara Nagar","08043750297","4.0","234 Ratings","Open until 10:00 pm15 Years in Business","https://www.justdial.com/Bangalore/Soch-Store-Opposite-Post-Office-Basaveshwara-Nagar/080PXX80-XX80-180727150327-Y5J3_BZDET?ncatid=12091971&area=Agb%20Layout&search=%20Women%20Boutiques%20in%20Agb-Layout,%20Bangalore%20&mncatname=Ladies%20Boutiques",
"Kalpana Ladies Wear","4th Block Basaveshwara Nagar","08046465500","4.4","7 Ratings","Open until 9:00 pm29 Years in Business","https://www.justdial.com/Bangalore/Kalpana-Ladies-Wear-Opposite-to-TKS-Iyangars-Basaveshwara-Nagar/080PXX80-XX80-120614212006-D1N9_BZDET?ncatid=12091971&area=Agb%20Layout&search=%20Women%20Boutiques%20in%20Agb-Layout,%20Bangalore%20&mncatname=Ladies%20Boutiques",
"Manyavar Vedant Fashions Pvt Ltd","Extension Malleswaram West","08022667041","4.6","1,875 Ratings","Open until 9:30 pm11 Years in Business","https://www.justdial.com/Bangalore/Manyavar-Vedant-Fashions-Pvt-Ltd-Malleswaram-West/080PXX80-XX80-130119151748-P8L5_BZDET?ncatid=12091971&area=Agb%20Layout&search=%20Women%20Boutiques%20in%20Agb-Layout,%20Bangalore%20&mncatname=Ladies%20Boutiques",
"Manyavar Vedant Fashions Pvt Ltd","Main Road Basaveshwara Nagar","08041211180","4.0","566 Ratings","Open until 9:30 pm10 Years in Business","https://www.justdial.com/Bangalore/Manyavar-Vedant-Fashions-Pvt-Ltd-Next-to-Planet-Fashion-Basaveshwara-Nagar/080PXX80-XX80-130413145847-K6J9_BZDET?ncatid=12091971&area=Agb%20Layout&search=%20Women%20Boutiques%20in%20Agb-Layout,%20Bangalore%20&mncatname=Ladies%20Boutiques",
"Van Heusen","Rajajinagar","08022682019","4.2","162 Ratings","Open until 10:00 pm","https://www.justdial.com/Bangalore/Van-Heusen-Rajajinagar/080PXX80-XX80-140226110220-Z1M4_BZDET?ncatid=12091971&area=Agb%20Layout&search=%20Women%20Boutiques%20in%20Agb-Layout,%20Bangalore%20&mncatname=Ladies%20Boutiques",
"Sunags Boutique","3rd Stage Basaveshwara Nagar","09686970033","4.9","7 Ratings","Open until 8:00 pm11 Years in Business","https://www.justdial.com/Bangalore/Sunags-Boutique-Near-Carmel-School-Basaveshwara-Nagar/080PXX80-XX80-131130165725-L6Y3_BZDET?ncatid=12091971&area=Agb%20Layout&search=%20Women%20Boutiques%20in%20Agb-Layout,%20Bangalore%20&mncatname=Ladies%20Boutiques",
"Krutika's Boutique","2nd Stage Basaveshwara Nagar","08023486666","3.7","3 Ratings","Open until 8:00 pm32 Years in Business","https://www.justdial.com/Bangalore/Krutikas-Boutique-Near-Mukesh-Jewellary-Basaveshwara-Nagar/080PXX80-XX80-160729172956-C1M4_BZDET?ncatid=12091971&area=Agb%20Layout&search=%20Women%20Boutiques%20in%20Agb-Layout,%20Bangalore%20&mncatname=Ladies%20Boutiques",
"The Dresser","3rd Block Basaveshwara Nagar","09964856902","4.7","244 Ratings","Opens at 05:30 PM12 Years in Business","https://www.justdial.com/Bangalore/The-Dresser-Basaveshwara-Nagar/080PXX80-XX80-130415171507-C4X1_BZDET?ncatid=12091971&area=Agb%20Layout&search=%20Women%20Boutiques%20in%20Agb-Layout,%20Bangalore%20&mncatname=Ladies%20Boutiques",
"Om Royal Fashion","Ghuralakshmi Layout Kamalanagar","09741771673","4.8","30 Ratings","Open until 9:00 pm9 Years in Business","https://www.justdial.com/Bangalore/Om-Royal-Fashion-Near-Gowtham-Public-School-Kamalanagar/080PXX80-XX80-180309083507-M3G5_BZDET?ncatid=12091971&area=Agb%20Layout&search=%20Women%20Boutiques%20in%20Agb-Layout,%20Bangalore%20&mncatname=Ladies%20Boutiques",
"Sudeeksha Designer Couture","Colony Basaveshwara Nagar","09986696163","4.0","16 Ratings","Open until 7:30 pm9 Years in Business","https://www.justdial.com/Bangalore/Sudeeksha-Designer-Couture-Near-Sharada-Colony-Last-Bus-Stand-Basaveshwara-Nagar/080PXX80-XX80-151107113733-K7F5_BZDET?ncatid=12091971&area=Agb%20Layout&search=%20Women%20Boutiques%20in%20Agb-Layout,%20Bangalore%20&mncatname=Ladies%20Boutiques",
"Sudeeksha Boutique","Colony Basaveshwara Nagar","09986696163","3.6","13 Ratings","Open until 7:30 pm8 Years in Business","https://www.justdial.com/Bangalore/Sudeeksha-Boutique-Near-Sharada-Colony-Bus-Stop-Basaveshwara-Nagar/080PXX80-XX80-151204112601-U1F7_BZDET?ncatid=12091971&area=Agb%20Layout&search=%20Women%20Boutiques%20in%20Agb-Layout,%20Bangalore%20&mncatname=Ladies%20Boutiques",
"Alankar Designer Boutique","3rd Cross Nandini Layout","09844077073","5.0","10 Ratings","Open until 9:30 pm3 Years in Business","https://www.justdial.com/Bangalore/Alankar-Designer-Boutique-Near-Sai-Baba-Temple-Nandini-Layout/080PXX80-XX80-200316155143-D6K2_BZDET?ncatid=12091971&area=Agb%20Layout&search=%20Women%20Boutiques%20in%20Agb-Layout,%20Bangalore%20&mncatname=Ladies%20Boutiques",
"Sanskruit Boutique","KHB COLONY Basaveshwara Nagar","09686970033","4.6","10 Ratings","Open until 8:00 pm7 Years in Business","https://www.justdial.com/Bangalore/Sanskruit-Boutique-Near-Pavitra-Paradise-and-Below-Poorvika-Mobiles-Basaveshwara-Nagar/080PXX80-XX80-170502104200-F3S2_BZDET?ncatid=12091971&area=Agb%20Layout&search=%20Women%20Boutiques%20in%20Agb-Layout,%20Bangalore%20&mncatname=Ladies%20Boutiques",
"Clique Designer Studio","KHB Colony Basaveshwara Nagar","09353786680","4.7","8 Ratings","Open until 7:00 pm1 Year in Business","https://www.justdial.com/Bangalore/Clique-Designer-Studio-Next-to-Subramanya-Swamy-Temple-Basaveshwara-Nagar/080PXX80-XX80-220915113411-H3X4_BZDET?ncatid=12091971&area=Agb%20Layout&search=%20Women%20Boutiques%20in%20Agb-Layout,%20Bangalore%20&mncatname=Ladies%20Boutiques",
"A.n Boutique","3rd Stage Basaveshwara Nagar","09741980850","3.3","6 Ratings","Open until 9:30 pm8 Years in Business","https://www.justdial.com/Bangalore/An-Boutique-Opposite-Bakers-Paradise-Basaveshwara-Nagar/080PXX80-XX80-170607123009-L6M8_BZDET?ncatid=12091971&area=Agb%20Layout&search=%20Women%20Boutiques%20in%20Agb-Layout,%20Bangalore%20&mncatname=Ladies%20Boutiques",
"H B Fashion","A T Street Yeshwanthpur","07760131838","4.2","5 Ratings","Open until 8:30 pm9 Years in Business","https://www.justdial.com/Bangalore/H-B-Fashion-Near-Anjaneya-Temple-Yeshwanthpur/080PXX80-XX80-150427164642-V6H1_BZDET?ncatid=12091971&area=Agb%20Layout&search=%20Women%20Boutiques%20in%20Agb-Layout,%20Bangalore%20&mncatname=Ladies%20Boutiques",
"Fit and Fashion","3rd Stage Basaveshwara Nagar","09611257644","4.9","4 Ratings","Open until 8:30 pm10 Years in Business","https://www.justdial.com/Bangalore/Fit-and-Fashion-Behind-Liberity-ShowroomNear-Airtel-Outlet-Basaveshwara-Nagar/080PXX80-XX80-140224120317-E3D4_BZDET?ncatid=12091971&area=Agb%20Layout&search=%20Women%20Boutiques%20in%20Agb-Layout,%20Bangalore%20&mncatname=Ladies%20Boutiques",
"Skruti Designer Studio","4th Cross D Block Rajajinagar","09741907569","4.0","4 Ratings","Open until 9:00 pm6 Years in Business","https://www.justdial.com/Bangalore/Skruti-Designer-Studio-Near-Royal-Enfield-Showroom-Rajajinagar/080PXX80-XX80-170710121733-Y7I7_BZDET?ncatid=12091971&area=Agb%20Layout&search=%20Women%20Boutiques%20in%20Agb-Layout,%20Bangalore%20&mncatname=Ladies%20Boutiques",
"Usha Boutique And Designers","1st Main Road Goraguntepalya","09743321332","5.0","3 Ratings","Open until 9:00 pm11 Years in Business","https://www.justdial.com/Bangalore/Usha-Boutique-And-Designers-Near-Hanuman-Temple-Goraguntepalya/080PXX80-XX80-121022112640-W7S7_BZDET?ncatid=12091971&area=Agb%20Layout&search=%20Women%20Boutiques%20in%20Agb-Layout,%20Bangalore%20&mncatname=Ladies%20Boutiques",
"CEILO MODA Designer Boutique","1st Main Road Manjunatha Nagar","08660315902","4.8","5 Ratings","Open until 10:30 pm2 Years in Business","https://www.justdial.com/Bangalore/CEILO-MODA-Designer-Boutique-Chandus-Hotel-Manjunatha-Nagar/080PXX80-XX80-211202150502-P2A4_BZDET?ncatid=12091971&area=Agb%20Layout&search=%20Women%20Boutiques%20in%20Agb-Layout,%20Bangalore%20&mncatname=Ladies%20Boutiques",
"Sweety Boutique","Khb Colony Basaveshwara Nagar","09739847944","4.5","3 Ratings","Open until 9:30 pm14 Years in Business","https://www.justdial.com/Bangalore/Sweety-Boutique-Opposite-Punya-Hospital-Basaveshwara-Nagar/080PXX80-XX80-131212160039-A2R5_BZDET?ncatid=12091971&area=Agb%20Layout&search=%20Women%20Boutiques%20in%20Agb-Layout,%20Bangalore%20&mncatname=Ladies%20Boutiques",
"Secret Inspired By Secret Of Fashions","Th Main Road Basaveshwara Nagar","07619611576","5.0","2 Ratings","Open until 10:30 pm6 Years in Business","https://www.justdial.com/Bangalore/Secret-Inspired-By-Secret-Of-Fashions-Near-Water-Tank-Basaveshwara-Nagar/080PXX80-XX80-170810140047-F7A3_BZDET?ncatid=12091971&area=Agb%20Layout&search=%20Women%20Boutiques%20in%20Agb-Layout,%20Bangalore%20&mncatname=Ladies%20Boutiques",
"Sri Sai Fashions Designer Boutique","4th Block Basaveshwara Nagar","09449538216","4.0","2 Ratings","Open until 9:00 pm21 Years in Business","https://www.justdial.com/Bangalore/Sri-Sai-Fashions-Designer-Boutique-Near-Water-Tank-Manasa-Hospital-Basaveshwara-Nagar/080PXX80-XX80-170620195450-G3Z3_BZDET?ncatid=12091971&area=Agb%20Layout&search=%20Women%20Boutiques%20in%20Agb-Layout,%20Bangalore%20&mncatname=Ladies%20Boutiques",
"Kumar Boutiques","Shiva Nagar Rajajinagar","09845135151","4.0","2 Ratings","Open until 8:30 pm35 Years in Business","https://www.justdial.com/Bangalore/Kumar-Boutiques-Opp-Millan-Plywoods-Rajajinagar/080PXX80-XX80-101028095206-L8W8_BZDET?ncatid=12091971&area=Agb%20Layout&search=%20Women%20Boutiques%20in%20Agb-Layout,%20Bangalore%20&mncatname=Ladies%20Boutiques",
"Sandesh Tailoring","N Block Rajajinagar 1st Block","07760902433","3.5","2 Ratings","Open until 9:00 pm47 Years in Business","https://www.justdial.com/Bangalore/Sandesh-Tailoring-Opp-Vidya-Vardhaka-School-Rajajinagar-1st-Block/080PXX80-XX80-120621032706-G2M7_BZDET?ncatid=12091971&area=Agb%20Layout&search=%20Women%20Boutiques%20in%20Agb-Layout,%20Bangalore%20&mncatname=Ladies%20Boutiques",
"Sri Sai Baba Tailoring","Rajajinagar","09980502900","5.0","1 Ratings","Open until 7:30 pm4 Years in Business","https://www.justdial.com/Bangalore/Sri-Sai-Baba-Tailoring-Next-to-West-Side-Rajajinagar/080PXX80-XX80-191105112418-R1F6_BZDET?ncatid=12091971&area=Agb%20Layout&search=%20Women%20Boutiques%20in%20Agb-Layout,%20Bangalore%20&mncatname=Ladies%20Boutiques",
"Sweety Boutique","Khb Colony Basaveshwara Nagar","09739847944","5.0","1 Ratings","Open until 10:30 pm13 Years in Business","https://www.justdial.com/Bangalore/Sweety-Boutique-Opp-Puniya-Hospital-Basaveshwara-Nagar/080PXX80-XX80-120615035133-M4A1_BZDET?ncatid=12091971&area=Agb%20Layout&search=%20Women%20Boutiques%20in%20Agb-Layout,%20Bangalore%20&mncatname=Ladies%20Boutiques",
"Sn Boutique","3rd Stage Basaveshwara Nagar","09986629459","3.0","1 Ratings","Open until 9:00 pm7 Years in Business","https://www.justdial.com/Bangalore/Sn-Boutique-Near-By-Guru-Sagar-Hotel-Basaveshwarnagar-Basaveshwara-Nagar/080PXX80-XX80-160916120803-S6M8_BZDET?ncatid=12091971&area=Agb%20Layout&search=%20Women%20Boutiques%20in%20Agb-Layout,%20Bangalore%20&mncatname=Ladies%20Boutiques",
"Raj-N-Rika Boutique","3rd Stage Basaveshwara Nagar","09620810101","3.7","213 Ratings","Open until 7:30 pm26 Years in Business","https://www.justdial.com/Bangalore/Raj-N-Rika-Boutique-Behind-Priyadarshini-Grand-Basaveshwara-Nagar/080PXX80-XX80-110331191600-U3Q6_BZDET?ncatid=12091971&area=Agb%20Layout&search=%20Women%20Boutiques%20in%20Agb-Layout,%20Bangalore%20&mncatname=Ladies%20Boutiques",
"Sasha House Of Fashion","7th M M Main Road","09880507503","4.8","58 Ratings","Opens at 11:00 am tomorrow13 Years in Business","https://www.justdial.com/Bangalore/Sasha-House-Of-Fashion-M-M-Main-Road/080PXX80-XX80-190213180219-F1H7_BZDET?ncatid=12091971&area=Agb%20Layout&search=%20Women%20Boutiques%20in%20Agb-Layout,%20Bangalore%20&mncatname=Ladies%20Boutiques",
"Sparsh Boutique","KHB Colony Basaveshwara Nagar","09964209011","4.3","36 Ratings","Open until 7:00 pm23 Years in Business","https://www.justdial.com/Bangalore/Sparsh-Boutique-Near-Subramanya-Temple-Basaveshwara-Nagar/080PXX80-XX80-120530230546-B2W1_BZDET?ncatid=12091971&area=Agb%20Layout&search=%20Women%20Boutiques%20in%20Agb-Layout,%20Bangalore%20&mncatname=Ladies%20Boutiques",
"Usha Fashions","Main M M Main Road","09739999051","4.9","33 Ratings","Open until 9:00 pm6 Years in Business","https://www.justdial.com/Bangalore/Usha-Fashions-Opp-to-Helath-Plus-Pharma-M-M-Main-Road/080PXX80-XX80-210924220719-S3W8_BZDET?ncatid=12091971&area=Agb%20Layout&search=%20Women%20Boutiques%20in%20Agb-Layout,%20Bangalore%20&mncatname=Ladies%20Boutiques",
"Shlok","4th Block Basaveshwara Nagar","08041287209","4.4","30 Ratings","Open until 8:45 pm18 Years in Business","https://www.justdial.com/Bangalore/Shlok-Behind-Bank-Of-India-Basaveshwara-Nagar/080PXX80-XX80-180321153632-P7B2_BZDET?ncatid=12091971&area=Agb%20Layout&search=%20Women%20Boutiques%20in%20Agb-Layout,%20Bangalore%20&mncatname=Ladies%20Boutiques",
"Attitude Design Studio","LIC Colony Basaveshwara Nagar","09845709111","3.7","25 Ratings","Open until 9:00 pm3 Years in Business","https://www.justdial.com/Bangalore/Attitude-Design-Studio-Next-to-Chord-Road-Hospital-Basaveshwara-Nagar/080PXX80-XX80-210224130921-X9X8_BZDET?ncatid=12091971&area=Agb%20Layout&search=%20Women%20Boutiques%20in%20Agb-Layout,%20Bangalore%20&mncatname=Ladies%20Boutiques",
"PBJ Design Studio","2nd Block Basaveshwara Nagar","08042185485","4.7","19 Ratings","Open until 7:00 pm8 Years in Business","https://www.justdial.com/Bangalore/PBJ-Design-Studio-Near-Gangamma-Thimmaiah-Kalyana-Mantapa-Basaveshwara-Nagar/080PXX80-XX80-160425154757-B6J4_BZDET?ncatid=12091971&area=Agb%20Layout&search=%20Women%20Boutiques%20in%20Agb-Layout,%20Bangalore%20&mncatname=Ladies%20Boutiques",
"Broadway Fashions","2nd Stage Rajajinagar 1st Block","09845627703","4.1","19 Ratings","Open until 10:00 pm21 Years in Business","https://www.justdial.com/Bangalore/Broadway-Fashions-Near-Vani-School-Rajajinagar-1st-Block/080PXX80-XX80-151001184701-S2M7_BZDET?ncatid=12091971&area=Agb%20Layout&search=%20Women%20Boutiques%20in%20Agb-Layout,%20Bangalore%20&mncatname=Ladies%20Boutiques",
"Lavish Design Studio","Main Road Rajajinagar 1st Block","08904809774","5.0","17 Ratings","Open until 7:30 pm4 Years in Business","https://www.justdial.com/Bangalore/Lavish-Design-Studio-Near-Ananya-Hospital-Rajajinagar-1st-Block/080PXX80-XX80-190919184838-D1R2_BZDET?ncatid=12091971&area=Agb%20Layout&search=%20Women%20Boutiques%20in%20Agb-Layout,%20Bangalore%20&mncatname=Ladies%20Boutiques",
"Raj & Rika Boutique","No.578 Basaveshwara Nagar","09620810101","3.4","17 Ratings","Open until 9:30 pm","https://www.justdial.com/Bangalore/Raj-Rika-Boutique-Basaveshwara-Nagar/080PXX80-XX80-140213103252-T6V5_BZDET?ncatid=12091971&area=Agb%20Layout&search=%20Women%20Boutiques%20in%20Agb-Layout,%20Bangalore%20&mncatname=Ladies%20Boutiques",
"Archana boutique","8th main Basaveshwara Nagar","09742031881","4.4","15 Ratings","Open until 6:30 am18 Years in Business","https://www.justdial.com/Bangalore/Archana-boutique-Near-8th-main-Basaveshwara-Nagar/080PXX80-XX80-160902114214-Z6Q9_BZDET?ncatid=12091971&area=Agb%20Layout&search=%20Women%20Boutiques%20in%20Agb-Layout,%20Bangalore%20&mncatname=Ladies%20Boutiques",
"Elle Store (Orion Mall)","80 Feet Road Malleswaram West","08067282222","4.0","15 Ratings","Open until 9:30 pm11 Years in Business","https://www.justdial.com/Bangalore/Elle-Store-Orion-Mall-Brigade-Gateway-Malleswaram-West/080PXX80-XX80-130327175252-Y6K5_BZDET?ncatid=12091971&area=Agb%20Layout&search=%20Women%20Boutiques%20in%20Agb-Layout,%20Bangalore%20&mncatname=Ladies%20Boutiques",
"SAN Design","Main Road Rajajinagar 1st Block","09900297755","4.6","11 Ratings","Open until 9:00 pm9 Years in Business","https://www.justdial.com/Bangalore/SAN-Design-Opp-Canara-Bank-Rajajinagar-1st-Block/080PXX80-XX80-140924124323-B8D3_BZDET?ncatid=12091971&area=Agb%20Layout&search=%20Women%20Boutiques%20in%20Agb-Layout,%20Bangalore%20&mncatname=Ladies%20Boutiques",
"Biba Apparels Pvt Ltd","1st Block Basaveshwara Nagar","08042124048","4.3","11 Ratings","Open until 9:30 pm","https://www.justdial.com/Bangalore/Biba-Apparels-Pvt-Ltd-Basaveshwara-Nagar/080PXX80-XX80-200129144131-P9B8_BZDET?ncatid=12091971&area=Agb%20Layout&search=%20Women%20Boutiques%20in%20Agb-Layout,%20Bangalore%20&mncatname=Ladies%20Boutiques",
"Smiley Boutique","3rd Phase Rajajinagar","09483836443","4.0","10 Ratings","Open until 9:00 pm8 Years in Business","https://www.justdial.com/Bangalore/Smiley-Boutique-Opposite-Manjunath-Nagar-Park-Rajajinagar/080PXX80-XX80-161209191424-W6I2_BZDET?ncatid=12091971&area=Agb%20Layout&search=%20Women%20Boutiques%20in%20Agb-Layout,%20Bangalore%20&mncatname=Ladies%20Boutiques",
"M K Fashion Wears","3rd Stage Basaveshwara Nagar","09449668649","3.7","10 Ratings","Open until 10:00 pm","https://www.justdial.com/Bangalore/M-K-Fashion-Wears-Opposite-Total-Gaz-Basaveshwara-Nagar/080P151440_BZDET?ncatid=12091971&area=Agb%20Layout&search=%20Women%20Boutiques%20in%20Agb-Layout,%20Bangalore%20&mncatname=Ladies%20Boutiques",
"Lovely Boutique","No321 Milk Colony","06361717629","4.9","9 Ratings","Open until 9:00 pm7 Years in Business","https://www.justdial.com/Bangalore/Lovely-Boutique-8th-A-Main-Road-Huttaleshwari-Temple-Milk-Colony/080PXX80-XX80-190325180655-Q8D1_BZDET?ncatid=12091971&area=Agb%20Layout&search=%20Women%20Boutiques%20in%20Agb-Layout,%20Bangalore%20&mncatname=Ladies%20Boutiques",
"Himani Creations","N Block 10th Cross Rajajinagar","09886849499","3.0","9 Ratings","Open until 9:00 pm14 Years in Business","https://www.justdial.com/Bangalore/Himani-Creations-Next-to-Shubham-Rajajinagar/080PXX80-XX80-160321123646-A4R6_BZDET?ncatid=12091971&area=Agb%20Layout&search=%20Women%20Boutiques%20in%20Agb-Layout,%20Bangalore%20&mncatname=Ladies%20Boutiques",
"R N Boutique","Main Road Basaveshwara Nagar","07795468485","4.4","7 Ratings","Open until 8:00 pm15 Years in Business","https://www.justdial.com/Bangalore/R-N-Boutique-Near-Shankar-Matt-Signal-Basaveshwara-Nagar/080PXX80-XX80-130615112920-K9S1_BZDET?ncatid=12091971&area=Agb%20Layout&search=%20Women%20Boutiques%20in%20Agb-Layout,%20Bangalore%20&mncatname=Ladies%20Boutiques",
"G G R Fashion","80 Feet Road Basaveshwara Nagar","08904161305","4.6","6 Ratings","Open until 9:30 pm8 Years in Business","https://www.justdial.com/Bangalore/G-G-R-Fashion-Opp-Punya-Hospital-Basaveshwara-Nagar/080PXX80-XX80-160923112605-B9Q8_BZDET?ncatid=12091971&area=Agb%20Layout&search=%20Women%20Boutiques%20in%20Agb-Layout,%20Bangalore%20&mncatname=Ladies%20Boutiques",
"Samyu Boutique","4th Block Basaveshwara Nagar","09740248561","4.0","6 Ratings","Open until 9:00 pm16 Years in Business","https://www.justdial.com/Bangalore/Samyu-Boutique-Near-Pavithra-Paradise-and-Next-Titan-Eye-Care-Basaveshwara-Nagar/080PXX80-XX80-101104164500-Q6D8_BZDET?ncatid=12091971&area=Agb%20Layout&search=%20Women%20Boutiques%20in%20Agb-Layout,%20Bangalore%20&mncatname=Ladies%20Boutiques",
"Stylish Boutique","2nd Stage Rajajinagar","08048514051","5.0","5 Ratings","Open until 8:30 pm14 Years in Business","https://www.justdial.com/Bangalore/Stylish-Boutique-Rajajinagar/080PXX80-XX80-140721125616-J9I2_BZDET?ncatid=12091971&area=Agb%20Layout&search=%20Women%20Boutiques%20in%20Agb-Layout,%20Bangalore%20&mncatname=Ladies%20Boutiques",
"Mudra Creations","Kanthirava Layout-Nandini Layout","09632955003","4.6","5 Ratings","Open until 9:00 pm7 Years in Business","https://www.justdial.com/Bangalore/Mudra-Creations-Near-Nandini-Bakery-Kanthirava-Layout-Nandini-Layout/080PXX80-XX80-171005131307-I4U6_BZDET?ncatid=12091971&area=Agb%20Layout&search=%20Women%20Boutiques%20in%20Agb-Layout,%20Bangalore%20&mncatname=Ladies%20Boutiques",
"Laxmi Trading Company","1st Main Gayathri Nagar","09739993946","4.5","5 Ratings","Open until 9:00 pm13 Years in Business","https://www.justdial.com/Bangalore/Laxmi-Trading-Company-Near-Big-Ram-Temple-Gayathri-Nagar/080PXX80-XX80-140729162719-E5I4_BZDET?ncatid=12091971&area=Agb%20Layout&search=%20Women%20Boutiques%20in%20Agb-Layout,%20Bangalore%20&mncatname=Ladies%20Boutiques",
"Sonu Collections","E-Block Rajajinagar 2nd Stage","08048514051","4.4","6 Ratings","Open until 9:00 pm9 Years in Business","https://www.justdial.com/Bangalore/Sonu-Collections-Opp-Srimathi-Clinic-Rajajinagar-2nd-Stage/080PXX80-XX80-140612131725-G6Y6_BZDET?ncatid=12091971&area=Agb%20Layout&search=%20Women%20Boutiques%20in%20Agb-Layout,%20Bangalore%20&mncatname=Ladies%20Boutiques",
"Vastra Fashion House","3rd PH Basaveshwara Nagar","09019320106","4.0","5 Ratings","Open until 8:00 pm16 Years in Business","https://www.justdial.com/Bangalore/Vastra-Fashion-House-Nr-Airtel-Office-Basaveshwara-Nagar/080PXX80-XX80-121103194011-H8R3_BZDET?ncatid=12091971&area=Agb%20Layout&search=%20Women%20Boutiques%20in%20Agb-Layout,%20Bangalore%20&mncatname=Ladies%20Boutiques",
"Amritas Boutique","Dvg Road Basaveshwara Nagar","09448432128","3.9","4 Ratings","Open until 9:30 pm","https://www.justdial.com/Bangalore/Amritas-Boutique-Opp-Shankar-Mutt-Park-Basaveshwara-Nagar/080PXX80-XX80-110227135330-P7D2_BZDET?ncatid=12091971&area=Agb%20Layout&search=%20Women%20Boutiques%20in%20Agb-Layout,%20Bangalore%20&mncatname=Ladies%20Boutiques",
"Nithin Tailoring Materials","3rd Stage Basaveshwara Nagar","09448867688","3.7","4 Ratings","Open until 9:45 pm9 Years in Business","https://www.justdial.com/Bangalore/Nithin-Tailoring-Materials-Behind-Carmel-School-Near-SBI-ATM-Basaveshwara-Nagar/080PXX80-XX80-110128104420-R7M4_BZDET?ncatid=12091971&area=Agb%20Layout&search=%20Women%20Boutiques%20in%20Agb-Layout,%20Bangalore%20&mncatname=Ladies%20Boutiques",
"Praayash The Fashion Corner","17th Cross Malleswaram West","09972915868","3.4","4 Ratings","Open until 9:00 pm4 Years in Business","https://www.justdial.com/Bangalore/Praayash-The-Fashion-Corner-Near-Cloudline-Hospital-Malleswaram-West/080PXX80-XX80-190829142413-C5W7_BZDET?ncatid=12091971&area=Agb%20Layout&search=%20Women%20Boutiques%20in%20Agb-Layout,%20Bangalore%20&mncatname=Ladies%20Boutiques",
"Shreya Boutique","3rd Block Basaveshwara Nagar","09035026409","3.3","4 Ratings","Open until 8:30 pm10 Years in Business","https://www.justdial.com/Bangalore/Shreya-Boutique-Near-Florence-School-Ground-Basaveshwara-Nagar/080PXX80-XX80-131210110043-S8F8_BZDET?ncatid=12091971&area=Agb%20Layout&search=%20Women%20Boutiques%20in%20Agb-Layout,%20Bangalore%20&mncatname=Ladies%20Boutiques",
"Chandra's Dresses","2nd Block Manjunatha Nagar","09980019080","4.8","3 Ratings","Open until 9:00 pm16 Years in Business","https://www.justdial.com/Bangalore/Chandras-Dresses-Near-Netaji-Ground-Manjunatha-Nagar/080PXX80-XX80-131104173613-M7Q6_BZDET?ncatid=12091971&area=Agb%20Layout&search=%20Women%20Boutiques%20in%20Agb-Layout,%20Bangalore%20&mncatname=Ladies%20Boutiques",
"Naziya Boutique And Fashion","3rd Stage Basaveshwara Nagar","07975285947","4.8","3 Ratings","Open until 9:00 pm6 Years in Business","https://www.justdial.com/Bangalore/Naziya-Boutique-And-Fashion-Opposte-88-Bus-Stop-Basaveshwara-Nagar/080PXX80-XX80-170221113248-R4W7_BZDET?ncatid=12091971&area=Agb%20Layout&search=%20Women%20Boutiques%20in%20Agb-Layout,%20Bangalore%20&mncatname=Ladies%20Boutiques",
"Royal Ladies Tailors","Manjunatha Nagar Rajajinagar","08618341633","4.5","3 Ratings","Open until 10:00 pm17 Years in Business","https://www.justdial.com/Bangalore/Royal-Ladies-Tailors-Near-Goutham-College-Rajajinagar/080PXX80-XX80-130506124337-K2P2_BZDET?ncatid=12091971&area=Agb%20Layout&search=%20Women%20Boutiques%20in%20Agb-Layout,%20Bangalore%20&mncatname=Ladies%20Boutiques",
"M K Fashion Boutique","3rd STG Basaveshwara Nagar","09449668649","4.5","3 Ratings","Open until 9:00 pm","https://www.justdial.com/Bangalore/M-K-Fashion-Boutique-Near-Total-Gaz-Filling-Station-Basaveshwara-Nagar/080P1230381211C4B2F8_BZDET?ncatid=12091971&area=Agb%20Layout&search=%20Women%20Boutiques%20in%20Agb-Layout,%20Bangalore%20&mncatname=Ladies%20Boutiques",
"Roja Fashion Wear","2nd Stage Rajajinagar","09980004247","4.3","3 Ratings","Open until 9:00 pm17 Years in Business","https://www.justdial.com/Bangalore/Roja-Fashion-Wear-Near-Amba-Bhavani-Temple-Rajajinagar/080PXX80-XX80-131114175414-S2S7_BZDET?ncatid=12091971&area=Agb%20Layout&search=%20Women%20Boutiques%20in%20Agb-Layout,%20Bangalore%20&mncatname=Ladies%20Boutiques",
"New Work Boutique","1st Phase Manjunatha Nagar","07259672242","4.0","3 Ratings","Open until 9:00 pm14 Years in Business","https://www.justdial.com/Bangalore/New-Work-Boutique-Near-Gautama-College-Manjunatha-Nagar/080PXX80-XX80-140305210914-X9E9_BZDET?ncatid=12091971&area=Agb%20Layout&search=%20Women%20Boutiques%20in%20Agb-Layout,%20Bangalore%20&mncatname=Ladies%20Boutiques",
"Punarvi Boutique","4th Cross Laggere","08861608809","3.0","3 Ratings","Open until 9:00 pm2 Years in Business","https://www.justdial.com/Bangalore/Punarvi-Boutique-Near-Canara-Bank-Parvathi-Nagar-Laggere/080PXX80-XX80-210816164240-F1R6_BZDET?ncatid=12091971&area=Agb%20Layout&search=%20Women%20Boutiques%20in%20Agb-Layout,%20Bangalore%20&mncatname=Ladies%20Boutiques",
"Shilpa Ladies Boutique","1 Th Main Road Subramanya Nagar","09845531379","3.0","3 Ratings","Open until 9:00 pm24 Years in Business","https://www.justdial.com/Bangalore/Shilpa-Ladies-Boutique-Near-Subramayam-Nagr-Bus-Stop-Subramanya-Nagar/080PXX80-XX80-120724193342-W2K4_BZDET?ncatid=12091971&area=Agb%20Layout&search=%20Women%20Boutiques%20in%20Agb-Layout,%20Bangalore%20&mncatname=Ladies%20Boutiques",
"Srees Boutique","Main Road Rajajinagar 1st Block","09742478980","5.0","2 Ratings","Open until 8:30 pm9 Years in Business","https://www.justdial.com/Bangalore/Srees-Boutique-Near-Gokul-Veg-Restaurant-Rajajinagar-1st-Block/080PXX80-XX80-140927114425-H3U1_BZDET?ncatid=12091971&area=Agb%20Layout&search=%20Women%20Boutiques%20in%20Agb-Layout,%20Bangalore%20&mncatname=Ladies%20Boutiques",
"Gyana Designer Studio","3rd Block Basaveshwara Nagar","08023233349","5.0","2 Ratings","Open until 10:00 pm1 Year in Business","https://www.justdial.com/Bangalore/Gyana-Designer-Studio-Opposite-Reliance-Digital-Retail-Ltd-Basaveshwara-Nagar/080PXX80-XX80-221203124652-M3G7_BZDET?ncatid=12091971&area=Agb%20Layout&search=%20Women%20Boutiques%20in%20Agb-Layout,%20Bangalore%20&mncatname=Ladies%20Boutiques",
"City Fashion Stich Wear","Subramanyanagar Subramanya Nagar","08884258308","4.8","2 Ratings","Open until 8:30 pm13 Years in Business","https://www.justdial.com/Bangalore/City-Fashion-Stich-Wear-Near-East-West-School-Subramanya-Nagar/080PXX80-XX80-161216120421-X9Y7_BZDET?ncatid=12091971&area=Agb%20Layout&search=%20Women%20Boutiques%20in%20Agb-Layout,%20Bangalore%20&mncatname=Ladies%20Boutiques",
"Nisarga Real Estate","3rd Phase Rajajinagar","09900084746","4.8","2 Ratings","Open until 8:00 pm27 Years in Business","https://www.justdial.com/Bangalore/Nisarga-Real-Estate-Manjunath-Nagar-Rajajinagar/080PXX80-XX80-121116174132-K7K8_BZDET?ncatid=12091971&area=Agb%20Layout&search=%20Women%20Boutiques%20in%20Agb-Layout,%20Bangalore%20&mncatname=Ladies%20Boutiques",
"Sri Bhavani Boutique","Main Road Subramanya Nagar","09663112132","4.7","2 Ratings","Open until 9:00 pm","https://www.justdial.com/Bangalore/Sri-Bhavani-Boutique-Near-Co-operation-Choutry-Subramanya-Nagar/080PXX80-XX80-190105193513-E5R8_BZDET?ncatid=12091971&area=Agb%20Layout&search=%20Women%20Boutiques%20in%20Agb-Layout,%20Bangalore%20&mncatname=Ladies%20Boutiques",
"Manjunath","2nd Blk Nandini Layout","09880443611","4.5","2 Ratings","Open 24 Hrs","https://www.justdial.com/Bangalore/Manjunath-Opp-Raj-Vana-Nandini-Layout/080PXX80-XX80-121212110820-W7K3_BZDET?ncatid=12091971&area=Agb%20Layout&search=%20Women%20Boutiques%20in%20Agb-Layout,%20Bangalore%20&mncatname=Ladies%20Boutiques",
"ROYAL LOOK BOUTIQUE","4th Block Basaveshwara Nagar","08023485026","4.5","2 Ratings","Open until 9:00 pm1 Year in Business","https://www.justdial.com/Bangalore/ROYAL-LOOK-BOUTIQUE-Near-Aritel-Office-Basaveshwara-Nagar/080PXX80-XX80-220702131855-V2H6_BZDET?ncatid=12091971&area=Agb%20Layout&search=%20Women%20Boutiques%20in%20Agb-Layout,%20Bangalore%20&mncatname=Ladies%20Boutiques",
"Rangde Fashion Pvt Ltd","Basaveshwara Nagar","07349063175","4.5","2 Ratings","Open until 9:00 pm6 Years in Business","https://www.justdial.com/Bangalore/Rangde-Fashion-Pvt-Ltd-Opposite-to-HDFC-Bank-Basaveshwaranagar-Main-Road-Basaveshwara-Nagar/080PXX80-XX80-171201143911-W6A3_BZDET?ncatid=12091971&area=Agb%20Layout&search=%20Women%20Boutiques%20in%20Agb-Layout,%20Bangalore%20&mncatname=Ladies%20Boutiques",
"Wear Well Tailors","17th Main Road Parvathi Nagar","09901689339","4.0","2 Ratings","Open until 9:00 pm17 Years in Business","https://www.justdial.com/Bangalore/Wear-Well-Tailors-Parvathi-Nagar/080PXX80-XX80-180411133710-X2N7_BZDET?ncatid=12091971&area=Agb%20Layout&search=%20Women%20Boutiques%20in%20Agb-Layout,%20Bangalore%20&mncatname=Ladies%20Boutiques",
"Kotton Mantra","Subramanya Nagar","09738850628","4.0","2 Ratings","Open 24 Hrs","https://www.justdial.com/Bangalore/Kotton-Mantra-NEAR-EAST-WEST-SCHOOL-Subramanya-Nagar/080PXX80-XX80-170228120601-D1I8_BZDET?ncatid=12091971&area=Agb%20Layout&search=%20Women%20Boutiques%20in%20Agb-Layout,%20Bangalore%20&mncatname=Ladies%20Boutiques",
"Sagar Ladies Tailors","LG Ramanna Layout Laggere","09035986739","3.5","2 Ratings","Open until 9:00 pm21 Years in Business","https://www.justdial.com/Bangalore/Sagar-Ladies-Tailors-Near-Sharada-School-Laggere/080PXX80-XX80-150324124118-B7K6_BZDET?ncatid=12091971&area=Agb%20Layout&search=%20Women%20Boutiques%20in%20Agb-Layout,%20Bangalore%20&mncatname=Ladies%20Boutiques",
"Soundarya Boutique","","09449492299","3.5","2 Ratings","Open until 7:30 pm7 Years in Business","https://www.justdial.com/Bangalore/Soundarya-Boutique-Near-Govt-School/080PXX80-XX80-190110062622-H9Q8_BZDET?ncatid=12091971&area=Agb%20Layout&search=%20Women%20Boutiques%20in%20Agb-Layout,%20Bangalore%20&mncatname=Ladies%20Boutiques",
"G.g.r.fashion","Khbs Layout Basaveshwara Nagar","08904161305","3.0","2 Ratings","Open until 9:30 pm","https://www.justdial.com/Bangalore/Ggrfashion-Basaveshwara-Nagar/080PXX80-XX80-161118095703-P2A4_BZDET?ncatid=12091971&area=Agb%20Layout&search=%20Women%20Boutiques%20in%20Agb-Layout,%20Bangalore%20&mncatname=Ladies%20Boutiques",
"Sumas Boutique","Mkk Road Rajajinagar","09900297755","3.0","2 Ratings","Open until 7:30 pm25 Years in Business","https://www.justdial.com/Bangalore/Sumas-Boutique-Near-Navrang-Theatre-Rajajinagar/080PXX80-XX80-131211111309-C6L3_BZDET?ncatid=12091971&area=Agb%20Layout&search=%20Women%20Boutiques%20in%20Agb-Layout,%20Bangalore%20&mncatname=Ladies%20Boutiques",
"Classic Boutique","3rd Stage Basaveshwara Nagar","09844245559","3.0","2 Ratings","Open until 9:00 pm3 Years in Business","https://www.justdial.com/Bangalore/Classic-Boutique-Near-Coffee-Grand-Basaveshwara-Nagar/080PXX80-XX80-210222182554-X4H6_BZDET?ncatid=12091971&area=Agb%20Layout&search=%20Women%20Boutiques%20in%20Agb-Layout,%20Bangalore%20&mncatname=Ladies%20Boutiques",
"Alpine Boutique","4th block Basaveshwara Nagar","09620810101","2.8","2 Ratings","Opens at 10:30 am tomorrow","https://www.justdial.com/Bangalore/Alpine-Boutique-Behind-bank-of-India-Basaveshwara-Nagar/080PXX80-XX80-131018162705-D5S3_BZDET?ncatid=12091971&area=Agb%20Layout&search=%20Women%20Boutiques%20in%20Agb-Layout,%20Bangalore%20&mncatname=Ladies%20Boutiques",
"Nisarga Designers","K.H.B Colony Basaveshwara Nagar","09916163096","2.8","2 Ratings","Open until 9:00 pm13 Years in Business","https://www.justdial.com/Bangalore/Nisarga-Designers-Near-Total-Gas-Opp-Arvind-Diabetic-Centre-Basaveshwara-Nagar/080PXX80-XX80-140904111157-S9F8_BZDET?ncatid=12091971&area=Agb%20Layout&search=%20Women%20Boutiques%20in%20Agb-Layout,%20Bangalore%20&mncatname=Ladies%20Boutiques",
"Venus Fashion","Kanteerava Nagar Nandini Layout","08296425449","5.0","1 Ratings","Open until 9:00 pm10 Years in Business","https://www.justdial.com/Bangalore/Venus-Fashion-Near-to-Nandini-Bakery-Nandini-Layout/080PXX80-XX80-09061079420-IAPP_BZDET?ncatid=12091971&area=Agb%20Layout&search=%20Women%20Boutiques%20in%20Agb-Layout,%20Bangalore%20&mncatname=Ladies%20Boutiques",
"Sushil Tailors","3rd Stage Basaveshwara Nagar","08050978277","5.0","1 Ratings","Open until 8:30 pm","https://www.justdial.com/Bangalore/Sushil-Tailors-4th-Block-Basaveshwara-Nagar/080PXX80-XX80-110128130306-L1D1_BZDET?ncatid=12091971&area=Agb%20Layout&search=%20Women%20Boutiques%20in%20Agb-Layout,%20Bangalore%20&mncatname=Ladies%20Boutiques",
"Tamnna Boutique","Road 3rd Stage Manjunatha Nagar","09148318570","5.0","1 Ratings","Open until 9:00 pm","https://www.justdial.com/Bangalore/Tamnna-Boutique-Manjunatha-Nagar/080PXX80-XX80-211102173906-Y6I2_BZDET?ncatid=12091971&area=Agb%20Layout&search=%20Women%20Boutiques%20in%20Agb-Layout,%20Bangalore%20&mncatname=Ladies%20Boutiques",
"Sri Lakshmi Boutique","10main Road Manjunatha Nagar","09035591179","5.0","1 Ratings","Open until 9:30 pm17 Years in Business","https://www.justdial.com/Bangalore/Sri-Lakshmi-Boutique-Near-Nethaji-Ground-Manjunatha-Nagar/080PXX80-XX80-131205163159-J4Y9_BZDET?ncatid=12091971&area=Agb%20Layout&search=%20Women%20Boutiques%20in%20Agb-Layout,%20Bangalore%20&mncatname=Ladies%20Boutiques",
"Gajendra Boutique","1st Main Road Manjunatha Nagar","09342533809","5.0","1 Ratings","Open until 9:00 pm33 Years in Business","https://www.justdial.com/Bangalore/Gajendra-Boutique-Near-BBMP-Park-Manjunatha-Nagar/080PXX80-XX80-121124121719-H6I1_BZDET?ncatid=12091971&area=Agb%20Layout&search=%20Women%20Boutiques%20in%20Agb-Layout,%20Bangalore%20&mncatname=Ladies%20Boutiques",
"Vinatha fashion boutique","Main Road Kamakshipalya","09964209011","5.0","1 Ratings","Open until 11:00 pm11 Years in Business","https://www.justdial.com/Bangalore/Vinatha-fashion-boutique-Near-BEML-BUS-STOP-Kamakshipalya/080PXX80-XX80-160818121643-H6D6_BZDET?ncatid=12091971&area=Agb%20Layout&search=%20Women%20Boutiques%20in%20Agb-Layout,%20Bangalore%20&mncatname=Ladies%20Boutiques",
"ANUSHA","3rd Stage Basaveshwara Nagar","08105218316","5.0","1 Ratings","Open until 8:00 pm7 Years in Business","https://www.justdial.com/Bangalore/ANUSHA-Near-Babu-Wines-Basaveshwara-Nagar/080PXX80-XX80-161122121611-I9X8_BZDET?ncatid=12091971&area=Agb%20Layout&search=%20Women%20Boutiques%20in%20Agb-Layout,%20Bangalore%20&mncatname=Ladies%20Boutiques",
"Chiru Coral Fashion","Colony Basaveshwara Nagar","08023486666","5.0","1 Ratings","Open until 9:00 pm22 Years in Business","https://www.justdial.com/Bangalore/Chiru-Coral-Fashion-Basaveshwara-Nagar/080PXX80-XX80-161213114840-Q5J8_BZDET?ncatid=12091971&area=Agb%20Layout&search=%20Women%20Boutiques%20in%20Agb-Layout,%20Bangalore%20&mncatname=Ladies%20Boutiques",
"Vinay Ladies Tailor","3rd Block Basaveshwara Nagar","08197289901","5.0","1 Ratings","Open until 8:00 pm6 Years in Business","https://www.justdial.com/Bangalore/Vinay-Ladies-Tailor-Near-Pavitra-Paradise-Hotel-Basaveshwara-Nagar/080PXX80-XX80-170124113723-E7Z1_BZDET?ncatid=12091971&area=Agb%20Layout&search=%20Women%20Boutiques%20in%20Agb-Layout,%20Bangalore%20&mncatname=Ladies%20Boutiques",
"Kk Boutique","3rd Stage Basaveshwara Nagar","09880308007","5.0","1 Ratings","Open until 5:00 pm8 Years in Business","https://www.justdial.com/Bangalore/Kk-Boutique-Near-NAFL-SCHOOL-Basaveshwara-Nagar/080PXX80-XX80-170331165807-V9A1_BZDET?ncatid=12091971&area=Agb%20Layout&search=%20Women%20Boutiques%20in%20Agb-Layout,%20Bangalore%20&mncatname=Ladies%20Boutiques",
"Ish Fancy Boutique","Kn Layout Yeshwanthpur","08861255749","5.0","1 Ratings","Open until 10:00 pm11 Years in Business","https://www.justdial.com/Bangalore/Ish-Fancy-Boutique-Opp-to-Dairy-Life-Yeshwanthpur/080PXX80-XX80-140306132748-G3R7_BZDET?ncatid=12091971&area=Agb%20Layout&search=%20Women%20Boutiques%20in%20Agb-Layout,%20Bangalore%20&mncatname=Ladies%20Boutiques",
"F N Boutique","1st Main Road Yeshwanthpur","09945124142","5.0","1 Ratings","Open until 8:30 pm9 Years in Business","https://www.justdial.com/Bangalore/F-N-Boutique-Near-Divine-School-Yeshwanthpur/080PXX80-XX80-121122124823-J2M8_BZDET?ncatid=12091971&area=Agb%20Layout&search=%20Women%20Boutiques%20in%20Agb-Layout,%20Bangalore%20&mncatname=Ladies%20Boutiques",
"Elegance Boutique","3rd Cross Basaveshwara Nagar","09741980850","5.0","1 Ratings","Open until 8:00 pm9 Years in Business","https://www.justdial.com/Bangalore/Elegance-Boutique-Near-Muneshwara-Temple-Basaveshwara-Nagar/080PXX80-XX80-170306193757-R3J8_BZDET?ncatid=12091971&area=Agb%20Layout&search=%20Women%20Boutiques%20in%20Agb-Layout,%20Bangalore%20&mncatname=Ladies%20Boutiques",
"Meraj Boutique","Main Road Yeshwanthpur","09886020667","5.0","1 Ratings","Open until 8:00 pm","https://www.justdial.com/Bangalore/Meraj-Boutique-Yeshwanthpur/080PXX80-XX80-140604173531-P7E3_BZDET?ncatid=12091971&area=Agb%20Layout&search=%20Women%20Boutiques%20in%20Agb-Layout,%20Bangalore%20&mncatname=Ladies%20Boutiques",
"Sri Sai Fashion","8th Main Mahalakshmi Layout","09481922429","4.5","1 Ratings","Open until 9:30 pm9 Years in Business","https://www.justdial.com/Bangalore/Sri-Sai-Fashion-Opp-Ganga-Clinic-Mahalakshmi-Layout/080PXX80-XX80-140828122903-F1H8_BZDET?ncatid=12091971&area=Agb%20Layout&search=%20Women%20Boutiques%20in%20Agb-Layout,%20Bangalore%20&mncatname=Ladies%20Boutiques",
"Raksha Fashion","1st Main Nandini Layout","09886944649","4.5","1 Ratings","Open until 9:00 pm7 Years in Business","https://www.justdial.com/Bangalore/Raksha-Fashion-Jai-Maruthi-Nagar-Circle-Nandini-Layout/080PXX80-XX80-170227151259-G1Z3_BZDET?ncatid=12091971&area=Agb%20Layout&search=%20Women%20Boutiques%20in%20Agb-Layout,%20Bangalore%20&mncatname=Ladies%20Boutiques",
"Step In","WOC Road Basaveshwara Nagar","07975779517","4.5","1 Ratings","Open until 9:00 pm10 Years in Business","https://www.justdial.com/Bangalore/Step-In-Shankar-Matt-Circle-Basaveshwara-Nagar/080PXX80-XX80-140104174815-U4H3_BZDET?ncatid=12091971&area=Agb%20Layout&search=%20Women%20Boutiques%20in%20Agb-Layout,%20Bangalore%20&mncatname=Ladies%20Boutiques",
"Sk Embroidery","5th Cross Laggere","08792176763","4.5","1 Ratings","Open until 9:00 pm6 Years in Business","https://www.justdial.com/Bangalore/Sk-Embroidery-Near-Laggere-Main-Road-Laggere/080PXX80-XX80-180803150425-M8X8_BZDET?ncatid=12091971&area=Agb%20Layout&search=%20Women%20Boutiques%20in%20Agb-Layout,%20Bangalore%20&mncatname=Ladies%20Boutiques",
"Sri Kamakshi Fashion","Main Road D Block Rajajinagar","08050756919","4.5","1 Ratings","Open until 9:00 am10 Years in Business","https://www.justdial.com/Bangalore/Sri-Kamakshi-Fashion-Near-Ambhabhavani-Temple-Rajajinagar/080PXX80-XX80-140108112056-K1X8_BZDET?ncatid=12091971&area=Agb%20Layout&search=%20Women%20Boutiques%20in%20Agb-Layout,%20Bangalore%20&mncatname=Ladies%20Boutiques",
"Sri Sai Boutique","2nd Stage Rajajinagar","09844777266","4.5","1 Ratings","Open until 9:00 pm8 Years in Business","https://www.justdial.com/Bangalore/Sri-Sai-Boutique-Near-Kuvempu-Metro-Station-Rajajinagar/080PXX80-XX80-160701121529-C9R6_BZDET?ncatid=12091971&area=Agb%20Layout&search=%20Women%20Boutiques%20in%20Agb-Layout,%20Bangalore%20&mncatname=Ladies%20Boutiques",
"A L Boutique","Parvathi Nagar Bus Stop Laggere","08073213323","4.5","1 Ratings","Open until 9:30 pm5 Years in Business","https://www.justdial.com/Bangalore/A-L-Boutique-Bangalore-Laggere/080PXX80-XX80-190730124905-Y5F1_BZDET?ncatid=12091971&area=Agb%20Layout&search=%20Women%20Boutiques%20in%20Agb-Layout,%20Bangalore%20&mncatname=Ladies%20Boutiques",
"Miss Bling Design Studio","1st Main Road Nandini Layout","08762770848","4.0","1 Ratings","Open until 7:00 pm6 Years in Business","https://www.justdial.com/Bangalore/Miss-Bling-Design-Studio-Near-AarchJai-Maruthi-Nagar-Nandini-Layout/080PXX80-XX80-170303170055-B1L8_BZDET?ncatid=12091971&area=Agb%20Layout&search=%20Women%20Boutiques%20in%20Agb-Layout,%20Bangalore%20&mncatname=Ladies%20Boutiques",
"AMR New Ladies Tailor","Lic Colony Basaveshwara Nagar","09845757242","4.0","1 Ratings","Open until 9:30 pm6 Years in Business","https://www.justdial.com/Bangalore/AMR-New-Ladies-Tailor-Next-Pizza-Hut-Basaveshwara-Nagar/080PXX80-XX80-171013121505-U7Z4_BZDET?ncatid=12091971&area=Agb%20Layout&search=%20Women%20Boutiques%20in%20Agb-Layout,%20Bangalore%20&mncatname=Ladies%20Boutiques",
"Sangeetha Boutique","4th Main Basaveshwara Nagar","08049397000","4.0","1 Ratings","Open until 9:00 pm16 Years in Business","https://www.justdial.com/Bangalore/Sangeetha-Boutique-Near-Pavitra-Paradise-Basaveshwara-Nagar/080PXX80-XX80-140221200658-X3J3_BZDET?ncatid=12091971&area=Agb%20Layout&search=%20Women%20Boutiques%20in%20Agb-Layout,%20Bangalore%20&mncatname=Ladies%20Boutiques",
"Sri Sai Fashion","3rd Stage Basaveshwara Nagar","09449538216","4.0","1 Ratings","Open until 9:00 pm9 Years in Business","https://www.justdial.com/Bangalore/Sri-Sai-Fashion-Near-Carmel-School-Basaveshwara-Nagar/080PXX80-XX80-140811133129-H3S9_BZDET?ncatid=12091971&area=Agb%20Layout&search=%20Women%20Boutiques%20in%20Agb-Layout,%20Bangalore%20&mncatname=Ladies%20Boutiques",
"VG Fashions","Shivanagar Rajajinagar","09480321505","4.0","1 Ratings","Open until 9:30 pm16 Years in Business","https://www.justdial.com/Bangalore/VG-Fashions-Opposite-to-Venus-Educational-Institution-Rajajinagar/080PXX80-XX80-170914104334-Q5I9_BZDET?ncatid=12091971&area=Agb%20Layout&search=%20Women%20Boutiques%20in%20Agb-Layout,%20Bangalore%20&mncatname=Ladies%20Boutiques",
"Drakshayini Boutique","Jai Maruthi Nagar Nandini Layout","09611331225","3.5","1 Ratings","Open until 9:30 pm11 Years in Business","https://www.justdial.com/Bangalore/Drakshayini-Boutique-Near-HDFC-Atm-Nandini-Layout/080PXX80-XX80-160910154550-L8R7_BZDET?ncatid=12091971&area=Agb%20Layout&search=%20Women%20Boutiques%20in%20Agb-Layout,%20Bangalore%20&mncatname=Ladies%20Boutiques",
"Keerthna Boutique","Hospital Road Manjunatha Nagar","08884258308","3.5","1 Ratings","Open until 9:00 pm17 Years in Business","https://www.justdial.com/Bangalore/Keerthna-Boutique-Near-Manjunathnagar-Arch-Manjunatha-Nagar/080PXX80-XX80-170313131511-J6S4_BZDET?ncatid=12091971&area=Agb%20Layout&search=%20Women%20Boutiques%20in%20Agb-Layout,%20Bangalore%20&mncatname=Ladies%20Boutiques",
"Chandan Ladies Tailors","D Block Rajajinagar","09060497875","3.5","1 Ratings","Open until 10:00 pm23 Years in Business","https://www.justdial.com/Bangalore/Chandan-Ladies-Tailors-Near-Dcb-Bank-Rajkumar-Road-Rajajinagar/080PXX80-XX80-120726114724-L3Z6_BZDET?ncatid=12091971&area=Agb%20Layout&search=%20Women%20Boutiques%20in%20Agb-Layout,%20Bangalore%20&mncatname=Ladies%20Boutiques",
"Raj Boutique","2nd Block Basaveshwara Nagar","09620810101","3.5","1 Ratings","Open until 8:00 pm17 Years in Business","https://www.justdial.com/Bangalore/Raj-Boutique-Near-Carmel-School-Basaveshwara-Nagar/080PXX80-XX80-140910125330-P8X3_BZDET?ncatid=12091971&area=Agb%20Layout&search=%20Women%20Boutiques%20in%20Agb-Layout,%20Bangalore%20&mncatname=Ladies%20Boutiques",
"Priya","3rd Stage Basaveshwara Nagar","09845612394","3.5","1 Ratings","Open until 9:00 pm","https://www.justdial.com/Bangalore/Priya-Near-Carmel-School-Basaveshwara-Nagar/080PXX80-XX80-161214150642-K2E4_BZDET?ncatid=12091971&area=Agb%20Layout&search=%20Women%20Boutiques%20in%20Agb-Layout,%20Bangalore%20&mncatname=Ladies%20Boutiques",
"Preety Jain","Hospital Road Basaveshwara Nagar","09900061061","3.0","1 Ratings","Open until 8:00 pm8 Years in Business","https://www.justdial.com/Bangalore/Preety-Jain-Opposite-Shankar-Mutt-Park-Basaveshwara-Nagar/080PXX80-XX80-150509162703-U4U2_BZDET?ncatid=12091971&area=Agb%20Layout&search=%20Women%20Boutiques%20in%20Agb-Layout,%20Bangalore%20&mncatname=Ladies%20Boutiques",
"Kannika Ladies Tailors","1st N Block Rajajinagar","09535090843","3.0","1 Ratings","Open until 8:30 pm","https://www.justdial.com/Bangalore/Kannika-Ladies-Tailors-Balaji-Electronics-Back-Side-Rajajinagar/080PXX80-XX80-101125174931-F1X7_BZDET?ncatid=12091971&area=Agb%20Layout&search=%20Women%20Boutiques%20in%20Agb-Layout,%20Bangalore%20&mncatname=Ladies%20Boutiques",
"Utsav Boutique","Main 2nd Stage Rajajinagar","09448850954","3.0","1 Ratings","Open until 8:00 pm25 Years in Business","https://www.justdial.com/Bangalore/Utsav-Boutique-Near-Manjushree-Medicals-Rajajinagar/080PXX80-XX80-120726064550-U8R1_BZDET?ncatid=12091971&area=Agb%20Layout&search=%20Women%20Boutiques%20in%20Agb-Layout,%20Bangalore%20&mncatname=Ladies%20Boutiques",
"Sangeetha Ladies Tailors","2nd Stage Rajajinagar","09060497875","3.0","1 Ratings","Open until 9:00 pm8 Years in Business","https://www.justdial.com/Bangalore/Sangeetha-Ladies-Tailors-Near-Kuvempu-Metro-Station-Rajajinagar/080PXX80-XX80-120726073540-E8N2_BZDET?ncatid=12091971&area=Agb%20Layout&search=%20Women%20Boutiques%20in%20Agb-Layout,%20Bangalore%20&mncatname=Ladies%20Boutiques",
"Brothers Ladies Tailor","Pipeline Road Yeshwanthpur","09632802096","3.0","1 Ratings","Open until 8:30 pm","https://www.justdial.com/Bangalore/Brothers-Ladies-Tailor-Yeshwanthpur/080PXX80-XX80-131226193926-W9J2_BZDET?ncatid=12091971&area=Agb%20Layout&search=%20Women%20Boutiques%20in%20Agb-Layout,%20Bangalore%20&mncatname=Ladies%20Boutiques",
"Savitha Ladies Tailor","JC Nagar Nandini Layout","07676044372","3.5","1 Ratings","Open until 9:00 pm15 Years in Business","https://www.justdial.com/Bangalore/Savitha-Ladies-Tailor-Near-Sandeep-Bar-Nandini-Layout/080PXX80-XX80-160927112529-V5M7_BZDET?ncatid=12091971&area=Agb%20Layout&search=%20Women%20Boutiques%20in%20Agb-Layout,%20Bangalore%20&mncatname=Ladies%20Boutiques",
"Trends Boutique","11th Cross Malleswaram","09035000951","4.0","1,980 Ratings","Open until 7:00 pm13 Years in Business","https://www.justdial.com/Bangalore/Trends-Boutique-Near-Apollo-Pharmacy-Malleswaram/080PXX80-XX80-130705135052-Z3C6_BZDET?ncatid=12091971&area=Agb%20Layout&search=%20Women%20Boutiques%20in%20Agb-Layout,%20Bangalore%20&mncatname=Ladies%20Boutiques",
"Sunil's","Sampige Road Malleswaram","09606197202","4.1","170 Ratings","Open until 8:30 pm51 Years in Business","https://www.justdial.com/Bangalore/Sunils-Opposite-Karur-Vyasa-Bank-Malleswaram/080P44043_BZDET?ncatid=12091971&area=Agb%20Layout&search=%20Women%20Boutiques%20in%20Agb-Layout,%20Bangalore%20&mncatname=Ladies%20Boutiques",
"Lifestyle Store (Mantri Square Mall)","Sampige Road","18001231555","4.1","6,503 Ratings","Open until 9:30 pm13 Years in Business","https://www.justdial.com/Bangalore/Lifestyle-Store-Mantri-Square-Mall-Sampige-Road/080PXX80-XX80-100311104026-Y2Z2_BZDET?ncatid=12091971&area=Agb%20Layout&search=%20Women%20Boutiques%20in%20Agb-Layout,%20Bangalore%20&mncatname=Ladies%20Boutiques",
"Manyavar Vedant Fashions Pvt Ltd","Sampige Road Malleswaram","08022667041","4.1","1,462 Ratings","Open until 9:30 pm","https://www.justdial.com/Bangalore/Manyavar-Vedant-Fashions-Pvt-Ltd-Malleswaram/080PXX80-XX80-141027122752-I6F8_BZDET?ncatid=12091971&area=Agb%20Layout&search=%20Women%20Boutiques%20in%20Agb-Layout,%20Bangalore%20&mncatname=Ladies%20Boutiques",
"Manyavar Vedant Fashions Pvt Ltd","Sampige Road Malleswaram","08022667041","4.1","1,462 Ratings","Open until 9:30 pm","https://www.justdial.com/Bangalore/Manyavar-Vedant-Fashions-Pvt-Ltd-Malleswaram/080PXX80-XX80-170112065156-T3T1_BZDET?ncatid=12091971&area=Agb%20Layout&search=%20Women%20Boutiques%20in%20Agb-Layout,%20Bangalore%20&mncatname=Ladies%20Boutiques",
"Manyavar Vedant Fashions Pvt Ltd","New Bel Road Seenappa Layout","08041115559","4.8","1,144 Ratings","Open until 9:30 pm","https://www.justdial.com/Bangalore/Manyavar-Vedant-Fashions-Pvt-Ltd-Seenappa-Layout/080PXX80-XX80-181012151301-W5C2_BZDET?ncatid=12091971&area=Agb%20Layout&search=%20Women%20Boutiques%20in%20Agb-Layout,%20Bangalore%20&mncatname=Ladies%20Boutiques",
"Biba Store (Mantri Square Mall)","Sampige Road Malleswaram","08022667029","3.9","182 Ratings","Open until 9:30 pm13 Years in Business","https://www.justdial.com/Bangalore/Biba-Store-Mantri-Square-Mall-Malleswaram/080PXX80-XX80-100506163938-K5E2_BZDET?ncatid=12091971&area=Agb%20Layout&search=%20Women%20Boutiques%20in%20Agb-Layout,%20Bangalore%20&mncatname=Ladies%20Boutiques",
"Soch","New Rmv Extension 2nd Stage","08041320062","3.9","162 Ratings","Open until 9:30 pm11 Years in Business","https://www.justdial.com/Bangalore/Soch-Opposite-to-Nandana-Palace-Hotel-Rmv-Extension-2nd-Stage/080PXX80-XX80-141022155641-K1E8_BZDET?ncatid=12091971&area=Agb%20Layout&search=%20Women%20Boutiques%20in%20Agb-Layout,%20Bangalore%20&mncatname=Ladies%20Boutiques",
"Safa Marva Textile & Garments","RMV 2nd Stage New Bel Road","08023607478","4.0","161 Ratings","Open until 9:30 pm32 Years in Business","https://www.justdial.com/Bangalore/Safa-Marva-Textile-Garments-Opposite-Corporation-Bank-New-Bel-Road/080PXX80-XX80-130501141733-Q4W8_BZDET?ncatid=12091971&area=Agb%20Layout&search=%20Women%20Boutiques%20in%20Agb-Layout,%20Bangalore%20&mncatname=Ladies%20Boutiques",
"The Girls Collections","Margosa Road Malleswaram","09902376828","4.5","37 Ratings","Open until 9:00 pm23 Years in Business","https://www.justdial.com/Bangalore/The-Girls-Collections-Opposite-Krishniah-Chetty-Jewellers-Malleswaram/080PXX80-XX80-120725094522-K3G3_BZDET?ncatid=12091971&area=Agb%20Layout&search=%20Women%20Boutiques%20in%20Agb-Layout,%20Bangalore%20&mncatname=Ladies%20Boutiques",
"Lifestyle Store","West Gate Mall Rajajinagar","18001231555","4.0","34 Ratings","Open until 9:30 pm","https://www.justdial.com/Bangalore/Lifestyle-Store-Rajajinagar/080PXX80-XX80-161201101650-T6V2_BZDET?ncatid=12091971&area=Agb%20Layout&search=%20Women%20Boutiques%20in%20Agb-Layout,%20Bangalore%20&mncatname=Ladies%20Boutiques",
"TieKnot Fashion Boutique","1st Stage Basaveshwara Nagar","09743681571","4.8","332 Ratings","Open until 8:30 pm7 Years in Business","https://www.justdial.com/Bangalore/TieKnot-Fashion-Boutique-Opposite-to-Bank-Of-Baroda-Near-Punya-Hospital-Basaveshwara-Nagar/080PXX80-XX80-160618173147-W3J8_BZDET?ncatid=12091971&area=Agb%20Layout&search=%20Women%20Boutiques%20in%20Agb-Layout,%20Bangalore%20&mncatname=Ladies%20Boutiques",
"Fashion Spray","Govindaraj Nagar-vijaynagar","07349636081","4.8","130 Ratings","Open until 8:30 pm","https://www.justdial.com/Bangalore/Fashion-Spray-Near-Old-A2B-Basaweshwara-Nagara-Housing-Board-Govindaraj-Nagar-vijaynagar/080PXX80-XX80-190807194050-S6X6_BZDET?ncatid=12091971&area=Agb%20Layout&search=%20Women%20Boutiques%20in%20Agb-Layout,%20Bangalore%20&mncatname=Ladies%20Boutiques",
"A K Ladies Tailor And Ridas Boutique","Margosa Road Malleswaram","09242280003","3.7","115 Ratings","Open until 9:00 pm25 Years in Business","https://www.justdial.com/Bangalore/A-K-Ladies-Tailor-And-Ridas-Boutique-Near-State-Bank-Of-India-Malleswaram/080P1229889991I1U7S1_BZDET?ncatid=12091971&area=Agb%20Layout&search=%20Women%20Boutiques%20in%20Agb-Layout,%20Bangalore%20&mncatname=Ladies%20Boutiques",
"Deepashree Silks And Sarees","2nd Stage Nagarbhavi 2nd Stage","09845557605","3.6","110 Ratings","Open until 9:30 pm11 Years in Business","https://www.justdial.com/Bangalore/Deepashree-Silks-And-Sarees-Near-Kanva-Diagnostucs-Nagarbhavi-2nd-Stage/080PXX80-XX80-121107195640-U5W5_BZDET?ncatid=12091971&area=Agb%20Layout&search=%20Women%20Boutiques%20in%20Agb-Layout,%20Bangalore%20&mncatname=Ladies%20Boutiques",
"Addrezz","No 1 Malleswaram","09632165500","4.8","78 Ratings","Open until 8:30 pm7 Years in Business","https://www.justdial.com/Bangalore/Addrezz-Near-New-Vidya-Mandir-School-Near-By-5th-Main-Malleswaram/080PXX80-XX80-161108164729-R8M8_BZDET?ncatid=12091971&area=Agb%20Layout&search=%20Women%20Boutiques%20in%20Agb-Layout,%20Bangalore%20&mncatname=Ladies%20Boutiques",
"FK Fashion Womans World","7th B Cross Vijayanagar","09060669126","5.0","62 Ratings","Open until 10:00 pm12 Years in Business","https://www.justdial.com/Bangalore/FK-Fashion-Womans-World-Behind-Vijay-Nagar-Club-Near-The-Maramma-Temple-Vijayanagar/080PXX80-XX80-150915111112-K9U2_BZDET?ncatid=12091971&area=Agb%20Layout&search=%20Women%20Boutiques%20in%20Agb-Layout,%20Bangalore%20&mncatname=Ladies%20Boutiques",
"Monalisa Boutique & Creations","Layout Annapoorneswari Nagar","07483889930","4.9","47 Ratings","Open until 8:15 pm4 Years in Business","https://www.justdial.com/Bangalore/Monalisa-Boutique-Creations-Above-Vijaylakshmi-Medicals-Near-ICICI-Banc-Annapoorneswari-Nagar/080PXX80-XX80-200123114919-S6D7_BZDET?ncatid=12091971&area=Agb%20Layout&search=%20Women%20Boutiques%20in%20Agb-Layout,%20Bangalore%20&mncatname=Ladies%20Boutiques",
"Huvishka Designer Boutique","Main Road Annapoorneswari Nagar","08431318457","5.0","43 Ratings","Open until 8:00 pm4 Years in Business","https://www.justdial.com/Bangalore/Huvishka-Designer-Boutique-Next-to-Annapoorneshwari-Temple-Near-BDA-Complex-Annapoorneswari-Nagar/080PXX80-XX80-190821104735-Z4X8_BZDET?ncatid=12091971&area=Agb%20Layout&search=%20Women%20Boutiques%20in%20Agb-Layout,%20Bangalore%20&mncatname=Ladies%20Boutiques",
"Yes G Boutique","3rd Cross Malleswaram","09980183355","4.1","40 Ratings","Open until 8:30 pm12 Years in Business","https://www.justdial.com/Bangalore/Yes-G-Boutique-Opposite-Halli-Mane-Diagonally-Opposite-to-Lalithaa-Jewellery-Mart-Pvt-Ltd-Malleswaram/080PXX80-XX80-130620112218-T1V5_BZDET?ncatid=12091971&area=Agb%20Layout&search=%20Women%20Boutiques%20in%20Agb-Layout,%20Bangalore%20&mncatname=Ladies%20Boutiques",
"R World The Fashion Boutique","1st Main Road Seshadripuram","08867864340","4.7","38 Ratings","Open until 8:00 pm4 Years in Business","https://www.justdial.com/Bangalore/R-World-The-Fashion-Boutique-Near-to-S-N-Thindi-Mane-Seshadripuram/080PXX80-XX80-190712164122-K4Q7_BZDET?ncatid=12091971&area=Agb%20Layout&search=%20Women%20Boutiques%20in%20Agb-Layout,%20Bangalore%20&mncatname=Ladies%20Boutiques",
"Naaz stylish studio","1st Cross Mathikere","09066329131","4.9","33 Ratings","Open until 8:00 pm","https://www.justdial.com/Bangalore/Naaz-stylish-studio-Ms-Engineering-College-Mathikere/080PXX80-XX80-210528213031-I5L9_BZDET?ncatid=12091971&area=Agb%20Layout&search=%20Women%20Boutiques%20in%20Agb-Layout,%20Bangalore%20&mncatname=Ladies%20Boutiques",
"Modern Fashions","Margosa Road Malleswaram","08892859649","4.4","29 Ratings","Open until 9:00 pm63 Years in Business","https://www.justdial.com/Bangalore/Modern-Fashions-Near-Diagonally-Opposite-to-Idbi-Bank-Malleswaram/080PXX80-XX80-130322113532-U3E7_BZDET?ncatid=12091971&area=Agb%20Layout&search=%20Women%20Boutiques%20in%20Agb-Layout,%20Bangalore%20&mncatname=Ladies%20Boutiques",
"Fashions Boutique","15th Cross Malleswaram","08023345270","4.1","27 Ratings","Open until 7:00 pm40 Years in Business","https://www.justdial.com/Bangalore/Fashions-Boutique-Near-Telephone-Exchange-Malleswaram/080PF006435_BZDET?ncatid=12091971&area=Agb%20Layout&search=%20Women%20Boutiques%20in%20Agb-Layout,%20Bangalore%20&mncatname=Ladies%20Boutiques",
"Jay Bee Tailors","9th Main Vijayanagar","09986547373","4.5","24 Ratings","Open until 8:00 pm30 Years in Business","https://www.justdial.com/Bangalore/Jay-Bee-Tailors-Opposite-Hosahalli-Park-Vijayanagar/080PXX80-XX80-101101121823-F1Q4_BZDET?ncatid=12091971&area=Agb%20Layout&search=%20Women%20Boutiques%20in%20Agb-Layout,%20Bangalore%20&mncatname=Ladies%20Boutiques",
"D Cube Boutique","2nd Cross Vijayanagar","09945999885","3.4","24 Ratings","Open until 8:00 pm9 Years in Business","https://www.justdial.com/Bangalore/D-Cube-Boutique-Near-Vasahalli-Metro-Station-Vijayanagar/080PXX80-XX80-130622165109-K4H1_BZDET?ncatid=12091971&area=Agb%20Layout&search=%20Women%20Boutiques%20in%20Agb-Layout,%20Bangalore%20&mncatname=Ladies%20Boutiques",
"Twelve Seven Boutique","Excise Layout Vijayanagar","08023401920","4.5","21 Ratings","Open until 9:00 pm14 Years in Business","https://www.justdial.com/Bangalore/Twelve-Seven-Boutique-Near-Sundar-Kunj-Vijayanagar/080PXX80-XX80-120614042858-V9S4_BZDET?ncatid=12091971&area=Agb%20Layout&search=%20Women%20Boutiques%20in%20Agb-Layout,%20Bangalore%20&mncatname=Ladies%20Boutiques",
"G G Modern Textile","4th Block Rajajinagar","08023500939","4.6","20 Ratings","Open until 9:00 pm20 Years in Business","https://www.justdial.com/Bangalore/G-G-Modern-Textile-Near-SAI-Baba-Temple-Rajajinagar/080PXX80-XX80-100924235703-D8V1_BZDET?ncatid=12091971&area=Agb%20Layout&search=%20Women%20Boutiques%20in%20Agb-Layout,%20Bangalore%20&mncatname=Ladies%20Boutiques",
"Shabnams Boutique","8th D Cross Msr Nagar","08792382500","3.6","17 Ratings","Open until 8:30 pm18 Years in Business","https://www.justdial.com/Bangalore/Shabnams-Boutique-Msr-Nagar/080PXX80-XX80-130131200218-L8Q3_BZDET?ncatid=12091971&area=Agb%20Layout&search=%20Women%20Boutiques%20in%20Agb-Layout,%20Bangalore%20&mncatname=Ladies%20Boutiques",
"Lakshmi Boutique","Cross Malleshwaram Malleswaram","09141419638","4.4","15 Ratings","Open until 8:30 pm21 Years in Business","https://www.justdial.com/Bangalore/Lakshmi-Boutique-Opp-Ganesha-Temple-Malleswaram/080PXX80-XX80-171228200934-U1E4_BZDET?ncatid=12091971&area=Agb%20Layout&search=%20Women%20Boutiques%20in%20Agb-Layout,%20Bangalore%20&mncatname=Ladies%20Boutiques",
"Tini's Boutique","Main Road Sanjay Nagar","09108136989","4.0","14 Ratings","Open until 8:30 am23 Years in Business","https://www.justdial.com/Bangalore/Tinis-Boutique-Opp-Geddalahalli-Bus-Stop-Sanjay-Nagar/080PXX80-XX80-120530000930-W9X1_BZDET?ncatid=12091971&area=Agb%20Layout&search=%20Women%20Boutiques%20in%20Agb-Layout,%20Bangalore%20&mncatname=Ladies%20Boutiques",
"Dyuti Emporium","RHCS Layout Nagarbhavi","08050070173","3.7","13 Ratings","Open until 8:30 pm7 Years in Business","https://www.justdial.com/Bangalore/Dyuti-Emporium-Below-Post-Office-Nagarbhavi/080PXX80-XX80-120525174404-D9G5_BZDET?ncatid=12091971&area=Agb%20Layout&search=%20Women%20Boutiques%20in%20Agb-Layout,%20Bangalore%20&mncatname=Ladies%20Boutiques",
"Sams Design (samka)","KTG College Road Hegganahalli","09071584373","4.7","12 Ratings","Open until 9:00 pm7 Years in Business","https://www.justdial.com/Bangalore/Sams-Design-samka-OPP-K-T-G-COLLGE-Hegganahalli/080PXX80-XX80-160627114343-J1R4_BZDET?ncatid=12091971&area=Agb%20Layout&search=%20Women%20Boutiques%20in%20Agb-Layout,%20Bangalore%20&mncatname=Ladies%20Boutiques",
"Kikis Boutique","69th Cross Rajajinagar 5th Block","09986452222","4.4","12 Ratings","Open until 9:00 pm8 Years in Business","https://www.justdial.com/Bangalore/Kikis-Boutique-Near-Signal-Rajajinagar-5th-Block/080PXX80-XX80-160416124354-H5X5_BZDET?ncatid=12091971&area=Agb%20Layout&search=%20Women%20Boutiques%20in%20Agb-Layout,%20Bangalore%20&mncatname=Ladies%20Boutiques",
"Vijayalakshmi Boutique","Govindaraj Nagar-Vijaynagar","09986765749","4.9","11 Ratings","Open until 9:30 pm11 Years in Business","https://www.justdial.com/Bangalore/Vijayalakshmi-Boutique-Near-Surya-Bakery-Govindaraj-Nagar-Vijaynagar/080PXX80-XX80-140424154925-S2Z6_BZDET?ncatid=12091971&area=Agb%20Layout&search=%20Women%20Boutiques%20in%20Agb-Layout,%20Bangalore%20&mncatname=Ladies%20Boutiques",
"R N Creations","2nd Main Road Vijayanagar","07259159629","4.5","10 Ratings","Open until 7:30 pm7 Years in Business","https://www.justdial.com/Bangalore/R-N-Creations-Near-Sarwamangala-Apartment-Road-Vijayanagar/080PXX80-XX80-180320154214-P8W8_BZDET?ncatid=12091971&area=Agb%20Layout&search=%20Women%20Boutiques%20in%20Agb-Layout,%20Bangalore%20&mncatname=Ladies%20Boutiques",
"Fashion With U","Block Palace Guttahalli","09880695110","4.7","9 Ratings","Open until 9:00 pm12 Years in Business","https://www.justdial.com/Bangalore/Fashion-With-U-Next-to-SBI-ATM-Palace-Guttahalli/080PXX80-XX80-130302152252-B2J9_BZDET?ncatid=12091971&area=Agb%20Layout&search=%20Women%20Boutiques%20in%20Agb-Layout,%20Bangalore%20&mncatname=Ladies%20Boutiques",
"Wedding Collections","Prashanth Nagar Vijayanagar","09844712826","4.5","9 Ratings","Open until 9:00 pm8 Years in Business","https://www.justdial.com/Bangalore/Wedding-Collections-Opp-to-Liberty-Showroom-Next-to-Sbi-Banc-Vijayanagar/080PXX80-XX80-160217120910-Z7M4_BZDET?ncatid=12091971&area=Agb%20Layout&search=%20Women%20Boutiques%20in%20Agb-Layout,%20Bangalore%20&mncatname=Ladies%20Boutiques",
"Kushi Boutique","Main Road Vijayanagar","09844836510","4.3","9 Ratings","Open until 9:00 pm21 Years in Business","https://www.justdial.com/Bangalore/Kushi-Boutique-Near-Hosa-Halli-Metro-Station-Vijayanagar/080PXX80-XX80-180226112435-R5Q5_BZDET?ncatid=12091971&area=Agb%20Layout&search=%20Women%20Boutiques%20in%20Agb-Layout,%20Bangalore%20&mncatname=Ladies%20Boutiques",
"Devine Elegant Holidays","Nagarbhavi Main Road Vijayanagar","08884477558","2.7","8 Ratings","Open until 9:00 pm3 Years in Business","https://www.justdial.com/Bangalore/Devine-Elegant-Holidays-Next-to-Manglore-Kebab-Corner-Kaveri-Layout-Vijayanagar/080PXX80-XX80-200320195704-D4D5_BZDET?ncatid=12091971&area=Agb%20Layout&search=%20Women%20Boutiques%20in%20Agb-Layout,%20Bangalore%20&mncatname=Ladies%20Boutiques",
"Neel Pari","Main Road Annapoorneswari Nagar","09538211553","2.7","8 Ratings","Open until 8:30 pm7 Years in Business","https://www.justdial.com/Bangalore/Neel-Pari-Opp-to-Nagarbhavi-BDA-Complex-Near-Annapoorneshwari-Temple-Annapoorneswari-Nagar/080PXX80-XX80-160421132114-C8C7_BZDET?ncatid=12091971&area=Agb%20Layout&search=%20Women%20Boutiques%20in%20Agb-Layout,%20Bangalore%20&mncatname=Ladies%20Boutiques",
"Aarna Designer Boutique","Huchappa Road Moodalapalya","09606246161","4.7","7 Ratings","Open until 8:30 pm","https://www.justdial.com/Bangalore/Aarna-Designer-Boutique-Opp-Realiance-Fresh-Moodalapalya/080PXX80-XX80-200210164538-F9R1_BZDET?ncatid=12091971&area=Agb%20Layout&search=%20Women%20Boutiques%20in%20Agb-Layout,%20Bangalore%20&mncatname=Ladies%20Boutiques",
"Saheli Boutique","Tiffin Room Road Vijayanagar","09886328797","4.4","7 Ratings","Open until 8:00 pm20 Years in Business","https://www.justdial.com/Bangalore/Saheli-Boutique-Opposite-to-Vijayanagar-Hossali-Park-Vijayanagar/080PXX80-XX80-130325124821-U5U7_BZDET?ncatid=12091971&area=Agb%20Layout&search=%20Women%20Boutiques%20in%20Agb-Layout,%20Bangalore%20&mncatname=Ladies%20Boutiques",
"Sadiya New Fashion Ladies Tailor","Main Road. Vijayanagar","08147526740","3.6","7 Ratings","Open until 9:00 pm14 Years in Business","https://www.justdial.com/Bangalore/Sadiya-New-Fashion-Ladies-Tailor-Sai-Krupa-Hospital-Vijayanagar/080PXX80-XX80-151217125817-L4L2_BZDET?ncatid=12091971&area=Agb%20Layout&search=%20Women%20Boutiques%20in%20Agb-Layout,%20Bangalore%20&mncatname=Ladies%20Boutiques",
"Gangotri Boutique","5th Block Rajajinagar","09731595953","4.9","8 Ratings","Open until 10:00 pm9 Years in Business","https://www.justdial.com/Bangalore/Gangotri-Boutique-Near-Dhobi-Ghat-Bus-Stop-Near-Ashirvad-Supermarket-Rajajinagar/080PXX80-XX80-190531110253-L3K9_BZDET?ncatid=12091971&area=Agb%20Layout&search=%20Women%20Boutiques%20in%20Agb-Layout,%20Bangalore%20&mncatname=Ladies%20Boutiques",
"Lotus Ladies Tailor","No. 490 New Bel Road","09036992250","2.5","6 Ratings","Open until 8:00 pm12 Years in Business","https://www.justdial.com/Bangalore/Lotus-Ladies-Tailor-Near-Indian-Bank-New-Bel-Road/080PXX80-XX80-130215223812-P7J6_BZDET?ncatid=12091971&area=Agb%20Layout&search=%20Women%20Boutiques%20in%20Agb-Layout,%20Bangalore%20&mncatname=Ladies%20Boutiques",
"Bhumika Ladies Fashion","Hegganahalli Main Road","08095622728","4.6","9 Ratings","Open until 9:30 pm","https://www.justdial.com/Bangalore/Bhumika-Ladies-Fashion/080PXX80-XX80-181228191709-L1D1_BZDET?ncatid=12091971&area=Agb%20Layout&search=%20Women%20Boutiques%20in%20Agb-Layout,%20Bangalore%20&mncatname=Ladies%20Boutiques",
"Raksha Boutique","5th Block Rajajinagar","08050383125","4.3","5 Ratings","Open until 9:00 pm","https://www.justdial.com/Bangalore/Raksha-Boutique-Bashyam-Circle-Rajajinagar/080PXX80-XX80-220926143953-Q5K8_BZDET?ncatid=12091971&area=Agb%20Layout&search=%20Women%20Boutiques%20in%20Agb-Layout,%20Bangalore%20&mncatname=Ladies%20Boutiques",
"Kalatmak Rachana Designer Boutique","Ramchandra Arcade Mathikere","09902132808","5.0","4 Ratings","Open 24 Hrs9 Years in Business","https://www.justdial.com/Bangalore/Kalatmak-Rachana-Designer-Boutique-Nr-Ramiaha-College-Bus-StopIcici-Bank-Mathikere/080PXX80-XX80-150807124528-K1Y8_BZDET?ncatid=12091971&area=Agb%20Layout&search=%20Women%20Boutiques%20in%20Agb-Layout,%20Bangalore%20&mncatname=Ladies%20Boutiques",
"Jeevanand Boutique","Main Road Peenya 2nd Stage","09980694701","4.5","4 Ratings","Open until 9:00 pm15 Years in Business","https://www.justdial.com/Bangalore/Jeevanand-Boutique-Beside-Anjeneya-Temple-Peenya-2nd-Stage/080PXX80-XX80-180323210539-L6F9_BZDET?ncatid=12091971&area=Agb%20Layout&search=%20Women%20Boutiques%20in%20Agb-Layout,%20Bangalore%20&mncatname=Ladies%20Boutiques",
"Sumangali Designer Boutique","5th Nagarbhavi 2nd Stage","09611525232","2.8","4 Ratings","Open until 9:30 pm","https://www.justdial.com/Bangalore/Sumangali-Designer-Boutique-Near-Vijaya-Nethralaya-Near-Bda-Complex-Nagarbhavi-2nd-Stage/080PXX80-XX80-210201140413-F3N3_BZDET?ncatid=12091971&area=Agb%20Layout&search=%20Women%20Boutiques%20in%20Agb-Layout,%20Bangalore%20&mncatname=Ladies%20Boutiques",
"Pavithra Exsperssion","2nd Stage Hegganahalli","08041287200","5.0","3 Ratings","Open until 9:00 pm22 Years in Business","https://www.justdial.com/Bangalore/Pavithra-Exsperssion-Near-BBMP-Office-Hegganahalli/080PXX80-XX80-180424111504-C1V6_BZDET?ncatid=12091971&area=Agb%20Layout&search=%20Women%20Boutiques%20in%20Agb-Layout,%20Bangalore%20&mncatname=Ladies%20Boutiques",
