Name,Address,Phone,Reviews,Rating,Hours of operations,Link
"Shruthi's The Boutique","Sampige Road Malleswaram","09845615841","4.3","30 Ratings","Opens at 10:30 am tomorrow8 Years in Business","https://www.justdial.com/Bangalore/Shruthis-The-Boutique-Near-The-Higher-Taste-Next-to-Bosch-Showroom-Malleswaram/080PXX80-XX80-130313163404-T9Q2_BZDET?ncatid=12091971&area=Ahmed%20Sait%20Road&search=%20Women%20Boutiques%20in%20Ahmed-Sait-Road,%20Bangalore%20&mncatname=Ladies%20Boutiques",
"Blouse Well Ladies Tailor","8th Cross Malleswaram","08867563943","4.4","35 Ratings","Open until 9:30 pm15 Years in Business","https://www.justdial.com/Bangalore/Blouse-Well-Ladies-Tailor-Opposite-State-Bank-Of-India-Malleswaram/080PXX80-XX80-120927165602-V2Y3_BZDET?ncatid=12091971&area=Ahmed%20Sait%20Road&search=%20Women%20Boutiques%20in%20Ahmed-Sait-Road,%20Bangalore%20&mncatname=Ladies%20Boutiques",
"Star Boutique","Plaza 8th Cross Malleswaram","09845587315","4.1","28 Ratings","Opens at 10:30 am tomorrow12 Years in Business","https://www.justdial.com/Bangalore/Star-Boutique-Basement-Of-Varamahalakshmi-Silks-Malleswaram/080PXX80-XX80-120912234359-I9P4_BZDET?ncatid=12091971&area=Ahmed%20Sait%20Road&search=%20Women%20Boutiques%20in%20Ahmed-Sait-Road,%20Bangalore%20&mncatname=Ladies%20Boutiques",
"Atelier Aphrodite By Nags","2nd Stage Indiranagar","09845224666","4.9","5 Ratings","Opens at 11:00 am tomorrow14 Years in Business","https://www.justdial.com/Bangalore/Atelier-Aphrodite-By-Nags-Near-Esi-Hospital-Indiranagar/080PXX80-XX80-221209140835-Z7J3_BZDET?ncatid=12091971&area=Ahmed%20Sait%20Road&search=%20Women%20Boutiques%20in%20Ahmed-Sait-Road,%20Bangalore%20&mncatname=Ladies%20Boutiques",
"Ronak International","28th Cross Kilari Road","08022343646","4.0","193 Ratings","Opens at 10:00 am tomorrow10 Years in Business","https://www.justdial.com/jdmart/Bangalore/Ronak-International-Near-SBM-Kilari-Road/080PXX80-XX80-140618111429-Y7M2_BZDET/catalogue?nid=12091971",
"Silsila Clothing","Quadrant Road Shivaji Nagar","08025326565","3.8","463 Ratings","Open until 10:00 pm33 Years in Business","https://www.justdial.com/Bangalore/Silsila-Clothing-Near-Taj-Hotel-Shivaji-Nagar/080PXX80-XX80-131129145840-E5A9_BZDET?ncatid=12091971&area=Ahmed%20Sait%20Road&search=%20Women%20Boutiques%20in%20Ahmed-Sait-Road,%20Bangalore%20&mncatname=Ladies%20Boutiques",
"Gene Bridal Boutiques","RT Nagar Post Rt Nagar","09980773490","4.0","258 Ratings","Opens at 10:30 am tomorrow13 Years in Business","https://www.justdial.com/Bangalore/Gene-Bridal-Boutiques-Near-Camellia-Clothing-Store-Rt-Nagar/080PXX80-XX80-130417113317-K4J3_BZDET?ncatid=12091971&area=Ahmed%20Sait%20Road&search=%20Women%20Boutiques%20in%20Ahmed-Sait-Road,%20Bangalore%20&mncatname=Ladies%20Boutiques",
"Premila Cloth Shop","Sultanpalya Main Road Rt Nagar","07619203222","5.0","3 Ratings","Open 24 Hrs7 Years in Business","https://www.justdial.com/jdmart/Bangalore/Premila-Cloth-Shop-Near-Ehaa-Hospital-Rt-Nagar/080PXX80-XX80-201116192511-I5A1_BZDET/catalogue?nid=12091971",
"J H Consultancy Services","Church Street Lingarajapuram","09731747471","4.1","68 Ratings","Opens at 9:00 am tomorrow10 Years in Business","https://www.justdial.com/Bangalore/J-H-Consultancy-Services-Below-Fly-Over-Lingarajapuram/080PXX80-XX80-130613153328-C9T8_BZDET?ncatid=12091971&area=Ahmed%20Sait%20Road&search=%20Women%20Boutiques%20in%20Ahmed-Sait-Road,%20Bangalore%20&mncatname=Ladies%20Boutiques",
"Akira Fashion Studio & Boutique","Neharu Main Road Kammanahalli","07888988488","4.9","398 Ratings","Open until 8:30 pm5 Years in Business","https://www.justdial.com/Bangalore/Akira-Fashion-Studio-Boutique-Near-Empire-Hotel-Kammanahalli/080PXX80-XX80-180623211136-F1A7_BZDET?ncatid=12091971&area=Ahmed%20Sait%20Road&search=%20Women%20Boutiques%20in%20Ahmed-Sait-Road,%20Bangalore%20&mncatname=Ladies%20Boutiques",
"Seema Nanda Antara","Ali Asker Road Cunningham Road","08041721222","4.3","17 Ratings","Opens at 11:00 am tomorrow18 Years in Business","https://www.justdial.com/Bangalore/Seema-Nanda-Antara-Opposite-Sigma-Mall-Cunningham-Road/080PXX80-XX80-140618133143-T1Y8_BZDET?ncatid=12091971&area=Ahmed%20Sait%20Road&search=%20Women%20Boutiques%20in%20Ahmed-Sait-Road,%20Bangalore%20&mncatname=Ladies%20Boutiques",
"Nisa Family Shop","Main Road Arabic College","08025487777","4.0","80 Ratings","Open until 10:00 pm9 Years in Business","https://www.justdial.com/Bangalore/Nisa-Family-Shop-Next-to-Khadims-PT-Bus-Stop-Arabic-College/080PXX80-XX80-140611153316-X2H7_BZDET?ncatid=12091971&area=Ahmed%20Sait%20Road&search=%20Women%20Boutiques%20in%20Ahmed-Sait-Road,%20Bangalore%20&mncatname=Ladies%20Boutiques",
"Moh Mith","No 321 Commercial Street","09108466668","4.8","6,915 Ratings","Open until 9:00 pm6 Years in Business","https://www.justdial.com/Bangalore/Moh-Mith-Near-Shiv-Sager-Commercial-Street/080PXX80-XX80-170606012106-D5Y4_BZDET?ncatid=12091971&area=Ahmed%20Sait%20Road&search=%20Women%20Boutiques%20in%20Ahmed-Sait-Road,%20Bangalore%20&mncatname=Ladies%20Boutiques",
"Amyra The Fashion Studio","1st Stage HBR Layout","07259211563","4.2","81 Ratings","Opens at 10:30 am tomorrow6 Years in Business","https://www.justdial.com/Bangalore/Amyra-The-Fashion-Studio-Near-BDA-Complex-HBR-Layout/080PXX80-XX80-170818120521-N4M7_BZDET?ncatid=12091971&area=Ahmed%20Sait%20Road&search=%20Women%20Boutiques%20in%20Ahmed-Sait-Road,%20Bangalore%20&mncatname=Ladies%20Boutiques",
"Sampradaya Womens Couture","CMH Road Indira Nagar 1st Stage","09019574477","4.7","264 Ratings","Open until 8:30 pm8 Years in Business","https://www.justdial.com/Bangalore/Sampradaya-Womens-Couture-Above-Fabric-Spa-Indira-Nagar-1st-Stage/080PXX80-XX80-190314185704-J2H6_BZDET?ncatid=12091971&area=Ahmed%20Sait%20Road&search=%20Women%20Boutiques%20in%20Ahmed-Sait-Road,%20Bangalore%20&mncatname=Ladies%20Boutiques",
"Nivitha Fashions","Dollars Colony-Rmv 2nd Stage","07715059892","5.0","1 Ratings","Open until 9:00 pm1 Year in Business","https://www.justdial.com/Bangalore/Nivitha-Fashions-Near-3m-Car-Care-Dollars-Colony-Rmv-2nd-Stage/080PXX80-XX80-220929193033-T1F9_BZDET?ncatid=12091971&area=Ahmed%20Sait%20Road&search=%20Women%20Boutiques%20in%20Ahmed-Sait-Road,%20Bangalore%20&mncatname=Ladies%20Boutiques",
"Kriya Closet","3rd Cross Rt Nagar","09538040045","4.5","4 Ratings","Opens at 10:00 am tomorrow","https://www.justdial.com/Bangalore/Kriya-Closet-Near-Balaji-Sweets-Rt-Nagar/080PXX80-XX80-181025120736-Q9Y3_BZDET?ncatid=12091971&area=Ahmed%20Sait%20Road&search=%20Women%20Boutiques%20in%20Ahmed-Sait-Road,%20Bangalore%20&mncatname=Ladies%20Boutiques",
"Stylo Boutique","Manthri Square Mall Srirampuram","09036057661","3.9","69 Ratings","Open until 9:00 pm28 Years in Business","https://www.justdial.com/Bangalore/Stylo-Boutique-Behind-Hanuman-Temple-Srirampuram/080PXX80-XX80-191106115839-K8R2_BZDET?ncatid=12091971&area=Ahmed%20Sait%20Road&search=%20Women%20Boutiques%20in%20Ahmed-Sait-Road,%20Bangalore%20&mncatname=Ladies%20Boutiques",
