Name,Address,Phone,Reviews,Rating,Hours of operations,Link
"Seema Nanda Antara","Ali Asker Road Cunningham Road","08041721222","4.3","17 Ratings","Opens at 11:00 am tomorrow18 Years in Business","https://www.justdial.com/Bangalore/Seema-Nanda-Antara-Opposite-Sigma-Mall-Cunningham-Road/080PXX80-XX80-140618133143-T1Y8_BZDET?ncatid=10470288&area=Ali%20Askar%20Road&search=%20Tailors%20For%20Women%20in%20Ali-Askar-Road,%20Bangalore%20&mncatname=Ladies%20Tailors",
"Gulshan","Mudaliar Road Shivaji Nagar","09902201177","4.0","7,803 Ratings","Open until 9:30 pm32 Years in Business","https://www.justdial.com/Bangalore/Gulshan-Near-Baithul-Maal-Shadi-Mahal-Shivaji-Nagar/080PXX80-XX80-151019133343-B9L1_BZDET?ncatid=10470288&area=Ali%20Askar%20Road&search=%20Tailors%20For%20Women%20in%20Ali-Askar-Road,%20Bangalore%20&mncatname=Ladies%20Tailors",
"Farhan Traders","Jumma Majid Road Shivaji Nagar","06363101571","4.3","6 Ratings","Opens at 10:30 am tomorrow23 Years in Business","https://www.justdial.com/Bangalore/Farhan-Traders-Next-to-Bupariya-Masque-Shivaji-Nagar/080PXX80-XX80-131227180102-G9U7_BZDET?ncatid=10470288&area=Ali%20Askar%20Road&search=%20Tailors%20For%20Women%20in%20Ali-Askar-Road,%20Bangalore%20&mncatname=Ladies%20Tailors",
"Sangam Fashions","OPH Road Shivaji Nagar","08022284493","4.5","4 Ratings","Opens at 9:30 am tomorrow73 Years in Business","https://www.justdial.com/Bangalore/Sangam-Fashions-Near-Juma-Masjid-Shivaji-Nagar/080PXX80-XX80-121228175628-M8G8_BZDET?ncatid=10470288&area=Ali%20Askar%20Road&search=%20Tailors%20For%20Women%20in%20Ali-Askar-Road,%20Bangalore%20&mncatname=Ladies%20Tailors",
"Fathima Collection","Jumma Masjid Road Shivaji Nagar","09448507733","4.8","3 Ratings","Open until 10:00 pm","https://www.justdial.com/Bangalore/Fathima-Collection-Near-Masjid-E-Jumma-Shivaji-Nagar/080PXX80-XX80-190311112829-V5F5_BZDET?ncatid=10470288&area=Ali%20Askar%20Road&search=%20Tailors%20For%20Women%20in%20Ali-Askar-Road,%20Bangalore%20&mncatname=Ladies%20Tailors",
"Blouse Well Ladies Tailor","8th Cross Malleswaram","08867563943","4.4","35 Ratings","Open until 9:30 pm15 Years in Business","https://www.justdial.com/Bangalore/Blouse-Well-Ladies-Tailor-Opposite-State-Bank-Of-India-Malleswaram/080PXX80-XX80-120927165602-V2Y3_BZDET?ncatid=10470288&area=Ali%20Askar%20Road&search=%20Tailors%20For%20Women%20in%20Ali-Askar-Road,%20Bangalore%20&mncatname=Ladies%20Tailors",
"Shruthi's The Boutique","Sampige Road Malleswaram","09845615841","4.3","30 Ratings","Opens at 10:30 am tomorrow8 Years in Business","https://www.justdial.com/Bangalore/Shruthis-The-Boutique-Near-The-Higher-Taste-Next-to-Bosch-Showroom-Malleswaram/080PXX80-XX80-130313163404-T9Q2_BZDET?ncatid=10470288&area=Ali%20Askar%20Road&search=%20Tailors%20For%20Women%20in%20Ali-Askar-Road,%20Bangalore%20&mncatname=Ladies%20Tailors",
"Star Boutique","Plaza 8th Cross Malleswaram","09845587315","4.1","28 Ratings","Opens at 10:30 am tomorrow12 Years in Business","https://www.justdial.com/Bangalore/Star-Boutique-Basement-Of-Varamahalakshmi-Silks-Malleswaram/080PXX80-XX80-120912234359-I9P4_BZDET?ncatid=10470288&area=Ali%20Askar%20Road&search=%20Tailors%20For%20Women%20in%20Ali-Askar-Road,%20Bangalore%20&mncatname=Ladies%20Tailors",
"J H Consultancy Services","Church Street Lingarajapuram","09731747471","4.1","68 Ratings","Opens at 9:00 am tomorrow10 Years in Business","https://www.justdial.com/Bangalore/J-H-Consultancy-Services-Below-Fly-Over-Lingarajapuram/080PXX80-XX80-130613153328-C9T8_BZDET?ncatid=10470288&area=Ali%20Askar%20Road&search=%20Tailors%20For%20Women%20in%20Ali-Askar-Road,%20Bangalore%20&mncatname=Ladies%20Tailors",
"Nivitha Fashions","Dollars Colony-Rmv 2nd Stage","07715059892","5.0","1 Ratings","Opens at 11:00 am tomorrow1 Year in Business","https://www.justdial.com/Bangalore/Nivitha-Fashions-Near-3m-Car-Care-Dollars-Colony-Rmv-2nd-Stage/080PXX80-XX80-220929193033-T1F9_BZDET?ncatid=10470288&area=Ali%20Askar%20Road&search=%20Tailors%20For%20Women%20in%20Ali-Askar-Road,%20Bangalore%20&mncatname=Ladies%20Tailors",
"Kriya Closet","3rd Cross Rt Nagar","09538040045","4.5","4 Ratings","Opens at 10:00 am tomorrow","https://www.justdial.com/Bangalore/Kriya-Closet-Near-Balaji-Sweets-Rt-Nagar/080PXX80-XX80-181025120736-Q9Y3_BZDET?ncatid=10470288&area=Ali%20Askar%20Road&search=%20Tailors%20For%20Women%20in%20Ali-Askar-Road,%20Bangalore%20&mncatname=Ladies%20Tailors",
"Spoorthy Fashions","Subbaiah Circle Mission Road","06363696965","4.6","8 Ratings","Opens at 11:00 am tomorrow23 Years in Business","https://www.justdial.com/Bangalore/Spoorthy-Fashions-Behind-Canara-Bank-Next-to-Phinics-Hospital-Mission-Road/080PXX80-XX80-180407143518-N4R3_BZDET?ncatid=10470288&area=Ali%20Askar%20Road&search=%20Tailors%20For%20Women%20in%20Ali-Askar-Road,%20Bangalore%20&mncatname=Ladies%20Tailors",
"Stylo Boutique","Manthri Square Mall Srirampuram","09036057661","3.9","69 Ratings","Opens at 11:00 am tomorrow28 Years in Business","https://www.justdial.com/Bangalore/Stylo-Boutique-Behind-Hanuman-Temple-Srirampuram/080PXX80-XX80-191106115839-K8R2_BZDET?ncatid=10470288&area=Ali%20Askar%20Road&search=%20Tailors%20For%20Women%20in%20Ali-Askar-Road,%20Bangalore%20&mncatname=Ladies%20Tailors",
"Ss Collections","3rd Block Jayanagar Jayanagar","08026548731","5.0","5 Ratings","Open until 10:00 pm23 Years in Business","https://www.justdial.com/Bangalore/Ss-Collections-Opposite-Go-Colours-Jayanagar/080PXX80-XX80-200304125601-P3J6_BZDET?ncatid=10470288&area=Ali%20Askar%20Road&search=%20Tailors%20For%20Women%20in%20Ali-Askar-Road,%20Bangalore%20&mncatname=Ladies%20Tailors",
"Amyra The Fashion Studio","1st Stage HBR Layout","07259211563","4.2","81 Ratings","Opens at 10:30 am tomorrow6 Years in Business","https://www.justdial.com/Bangalore/Amyra-The-Fashion-Studio-Near-BDA-Complex-HBR-Layout/080PXX80-XX80-170818120521-N4M7_BZDET?ncatid=10470288&area=Ali%20Askar%20Road&search=%20Tailors%20For%20Women%20in%20Ali-Askar-Road,%20Bangalore%20&mncatname=Ladies%20Tailors",
"SPS Creations & Boutique","31st A Cross Jayanagar 7th Block","09900127477","5.0","2 Ratings","Open until 10:00 pm16 Years in Business","https://www.justdial.com/Bangalore/SPS-Creations-Boutique-Opposite-Rajathadri-Hotel-Jayanagar-7th-Block/080PXX80-XX80-151230114305-Z2Q6_BZDET?ncatid=10470288&area=Ali%20Askar%20Road&search=%20Tailors%20For%20Women%20in%20Ali-Askar-Road,%20Bangalore%20&mncatname=Ladies%20Tailors",
"Stich and Shine Digital Embroidary Designers","Cross Indira Nagar 1st Stage","09008094165","4.7","3 Ratings","Opens at 9:00 am tomorrow2 Years in Business","https://www.justdial.com/Bangalore/Stich-and-Shine-Digital-Embroidary-Designers-Near-Pristine-Public-School-Indira-Nagar-1st-Stage/080PXX80-XX80-151210125416-N7S9_BZDET?ncatid=10470288&area=Ali%20Askar%20Road&search=%20Tailors%20For%20Women%20in%20Ali-Askar-Road,%20Bangalore%20&mncatname=Ladies%20Tailors",
"Sampradaya Womens Couture","CMH Road Indira Nagar 1st Stage","09019574477","4.7","264 Ratings","Opens at 10:30 am tomorrow8 Years in Business","https://www.justdial.com/Bangalore/Sampradaya-Womens-Couture-Above-Fabric-Spa-Indira-Nagar-1st-Stage/080PXX80-XX80-190314185704-J2H6_BZDET?ncatid=10470288&area=Ali%20Askar%20Road&search=%20Tailors%20For%20Women%20in%20Ali-Askar-Road,%20Bangalore%20&mncatname=Ladies%20Tailors",
"Chimmi Garments and Saree Palace","3rd Main Road Mathikere","08023601350","4.0","570 Ratings","Opens at 9:00 am tomorrow35 Years in Business","https://www.justdial.com/Bangalore/Chimmi-Garments-and-Saree-Palace-Near-Mathikere-Bus-Stop-Mathikere/080P5153233_BZDET?ncatid=10470288&area=Ali%20Askar%20Road&search=%20Tailors%20For%20Women%20in%20Ali-Askar-Road,%20Bangalore%20&mncatname=Ladies%20Tailors",
"SHA FASHIONS","1st E Main Koramangala 8th Block","09535043471","4.7","51 Ratings","Opens at 8:00 am tomorrow8 Years in Business","https://www.justdial.com/Bangalore/SHA-FASHIONS-Near-DRBRAmbedkar-Park-Koramangala-8th-Block/080PXX80-XX80-190430131119-G7N7_BZDET?ncatid=10470288&area=Ali%20Askar%20Road&search=%20Tailors%20For%20Women%20in%20Ali-Askar-Road,%20Bangalore%20&mncatname=Ladies%20Tailors",
"Sai Collections","Southend Road Basavanagudi","09886799679","4.3","9 Ratings","Opens at 10:30 am tomorrow9 Years in Business","https://www.justdial.com/Bangalore/Sai-Collections-Above-Udupi-Grand-Hotel-Basavanagudi/080PXX80-XX80-121103112925-N1H2_BZDET?ncatid=10470288&area=Ali%20Askar%20Road&search=%20Tailors%20For%20Women%20in%20Ali-Askar-Road,%20Bangalore%20&mncatname=Ladies%20Tailors",
"Vibbhinna","Main Road Jayanagar 3rd Block","09663311799","4.3","226 Ratings","Opens at 10:00 am tomorrow9 Years in Business","https://www.justdial.com/Bangalore/Vibbhinna-Opposite-Bhavani-Kangan-Store-Jayanagar-3rd-Block/080PXX80-XX80-180220154443-M5V8_BZDET?ncatid=10470288&area=Ali%20Askar%20Road&search=%20Tailors%20For%20Women%20in%20Ali-Askar-Road,%20Bangalore%20&mncatname=Ladies%20Tailors",
"RSG By Rupa","KHB Colony Koramangala 8th Block","08065702971","4.7","62 Ratings","Opens at 11:30 am tomorrow12 Years in Business","https://www.justdial.com/Bangalore/RSG-By-Rupa-Near-Dyu-Art-Cafe-Koramangala-8th-Block/080PXX80-XX80-110307121436-M5E8_BZDET?ncatid=10470288&area=Ali%20Askar%20Road&search=%20Tailors%20For%20Women%20in%20Ali-Askar-Road,%20Bangalore%20&mncatname=Ladies%20Tailors",
"Nakoda Designer Boutique","4th Cross Madiwala","09886115721","4.3","20 Ratings","Opens at 10:00 am tomorrow9 Years in Business","https://www.justdial.com/Bangalore/Nakoda-Designer-Boutique-Next-to-Shanti-Sagar-Madiwala/080PXX80-XX80-150929121440-J6A1_BZDET?ncatid=10470288&area=Ali%20Askar%20Road&search=%20Tailors%20For%20Women%20in%20Ali-Askar-Road,%20Bangalore%20&mncatname=Ladies%20Tailors",
"Akira Fashion Studio & Boutique","Neharu Main Road Kammanahalli","07888988488","4.9","398 Ratings","Opens at 10:00 am tomorrow5 Years in Business","https://www.justdial.com/Bangalore/Akira-Fashion-Studio-Boutique-Near-Empire-Hotel-Kammanahalli/080PXX80-XX80-180623211136-F1A7_BZDET?ncatid=10470288&area=Ali%20Askar%20Road&search=%20Tailors%20For%20Women%20in%20Ali-Askar-Road,%20Bangalore%20&mncatname=Ladies%20Tailors",
"She Temple Boutique","D Jayanagar 4th Block East","09845000433","4.4","309 Ratings","Opens at 9:00 am tomorrow33 Years in Business","https://www.justdial.com/Bangalore/She-Temple-Boutique-Opposite-BSNL-Telephone-Exchange-Jayanagar-4th-Block-East/080P2903136_BZDET?ncatid=10470288&area=Ali%20Askar%20Road&search=%20Tailors%20For%20Women%20in%20Ali-Askar-Road,%20Bangalore%20&mncatname=Ladies%20Tailors",
"Shimmer A Fashion Boutique","Road Mahalakshmipuram Layout","09535455816","4.4","15 Ratings","Opens at 10:00 am tomorrow5 Years in Business","https://www.justdial.com/Bangalore/Shimmer-A-Fashion-Boutique-Near-By-Mahalakshmi-Metro-Station-Mahalakshmipuram-Layout/080PXX80-XX80-180807125941-N7Y2_BZDET?ncatid=10470288&area=Ali%20Askar%20Road&search=%20Tailors%20For%20Women%20in%20Ali-Askar-Road,%20Bangalore%20&mncatname=Ladies%20Tailors",
"Creative Fabz","Nagar Bus Stop Thanisandra","09900242211","4.5","59 Ratings","Open until 9:30 pm33 Years in Business","https://www.justdial.com/Bangalore/Creative-Fabz-Opposite-Bata-Showroom-Thanisandra/080PXX80-XX80-150309114139-D5S6_BZDET?ncatid=10470288&area=Ali%20Askar%20Road&search=%20Tailors%20For%20Women%20in%20Ali-Askar-Road,%20Bangalore%20&mncatname=Ladies%20Tailors",
"Charu Creation Designers Boutique","C V Raman Nagar","09008095984","4.4","390 Ratings","Opens at 10:30 am on Sat14 Years in Business","https://www.justdial.com/Bangalore/Charu-Creation-Designers-Boutique-Near-Sct-Engineering-College-C-V-Raman-Nagar/080P1237870319J4C7G6_BZDET?ncatid=10470288&area=Ali%20Askar%20Road&search=%20Tailors%20For%20Women%20in%20Ali-Askar-Road,%20Bangalore%20&mncatname=Ladies%20Tailors",
"Bridgit Fashion Tailors","Shop No 6 Vignana Nagar","09880431310","4.9","35 Ratings","Opens at 10:00 am tomorrow4 Years in Business","https://www.justdial.com/Bangalore/Bridgit-Fashion-Tailors-Opp-Federal-Bank-Vignana-Nagar/080PXX80-XX80-190328152559-G7N5_BZDET?ncatid=10470288&area=Ali%20Askar%20Road&search=%20Tailors%20For%20Women%20in%20Ali-Askar-Road,%20Bangalore%20&mncatname=Ladies%20Tailors",
"New Fashion Ladies Tailors","3rd Main Padmanabhanagar","08618608099","3.7","5 Ratings","Opens at 9:00 am tomorrow17 Years in Business","https://www.justdial.com/Bangalore/New-Fashion-Ladies-Tailors-Near-Devegowda-House-Padmanabhanagar/080PXX80-XX80-110120132613-J7T8_BZDET?ncatid=10470288&area=Ali%20Askar%20Road&search=%20Tailors%20For%20Women%20in%20Ali-Askar-Road,%20Bangalore%20&mncatname=Ladies%20Tailors",
"Style Diva","3rd Cross Jp Nagar 2nd Phase","09742782429","3.9","43 Ratings","Opens at 10:30 am tomorrow15 Years in Business","https://www.justdial.com/Bangalore/Style-Diva-Behind-Shanti-Sagar-Hotel-Jp-Nagar-2nd-Phase/080PXX80-XX80-121217184305-Q7C2_BZDET?ncatid=10470288&area=Ali%20Askar%20Road&search=%20Tailors%20For%20Women%20in%20Ali-Askar-Road,%20Bangalore%20&mncatname=Ladies%20Tailors",
"The Label Redefining Womens Wear","27th Main Hsr Layout Sector 1","07829311369","4.0","99 Ratings","Opens at 10:00 am tomorrow14 Years in Business","https://www.justdial.com/Bangalore/The-Label-Redefining-Womens-Wear-Near-Titan-Eye-Hsr-Layout-Sector-1/080PXX80-XX80-120417181648-M2T1_BZDET?ncatid=10470288&area=Ali%20Askar%20Road&search=%20Tailors%20For%20Women%20in%20Ali-Askar-Road,%20Bangalore%20&mncatname=Ladies%20Tailors",
"Nidhi Fashions","Chandra Layout Nagarbhavi","09663724626","4.4","63 Ratings","Opens at 9:30 am tomorrow20 Years in Business","https://www.justdial.com/Bangalore/Nidhi-Fashions-Near-Indian-Oil-Petrol-Bunk-Nagarbhavi/080P1228198033N9Y1L8_BZDET?ncatid=10470288&area=Ali%20Askar%20Road&search=%20Tailors%20For%20Women%20in%20Ali-Askar-Road,%20Bangalore%20&mncatname=Ladies%20Tailors",
"Safura Embroidery Designers","Palya Main Road Ramamurthy Nagar","07338224657","4.2","22 Ratings","Opens at 10:00 am tomorrow11 Years in Business","https://www.justdial.com/Bangalore/Safura-Embroidery-Designers-Near-R-K-ApartmentOpp-The-Family-Doctor-Hospital-Ramamurthy-Nagar/080PXX80-XX80-131121150415-R3P6_BZDET?ncatid=10470288&area=Ali%20Askar%20Road&search=%20Tailors%20For%20Women%20in%20Ali-Askar-Road,%20Bangalore%20&mncatname=Ladies%20Tailors",
"Kasturi The Designer Boutique","1st Main Kasturi Nagar","06366066712","4.2","91 Ratings","Opens at 10:30 am tomorrow11 Years in Business","https://www.justdial.com/Bangalore/Kasturi-The-Designer-Boutique-Next-to-Limra-Car-Zone-Kasturi-Nagar/080PXX80-XX80-130927162828-Y2G6_BZDET?ncatid=10470288&area=Ali%20Askar%20Road&search=%20Tailors%20For%20Women%20in%20Ali-Askar-Road,%20Bangalore%20&mncatname=Ladies%20Tailors",
"Bombay Textile and Tailors Raymondsuiting Shirtings and Silk Sarees","Main Road Krishnarajapuram","09986561696","4.0","109 Ratings","Open until 10:00 pm31 Years in Business","https://www.justdial.com/Bangalore/Bombay-Textile-and-Tailors-Raymondsuiting-Shirtings-and-Silk-Sarees-Bombay-Tailors-Ramurthi-Nagar-Krishnarajapuram/080PXX80-XX80-110522131606-Q1S8_BZDET?ncatid=10470288&area=Ali%20Askar%20Road&search=%20Tailors%20For%20Women%20in%20Ali-Askar-Road,%20Bangalore%20&mncatname=Ladies%20Tailors",
"Siri Designer Boutique","2nd Cross BTM Layout 2nd Stage","09980438140","3.4","8 Ratings","Opens at 10:30 am tomorrow8 Years in Business","https://www.justdial.com/Bangalore/Siri-Designer-Boutique-Jaydeva-Signal-BTM-Layout-2nd-Stage/080PXX80-XX80-170623131146-Z2B1_BZDET?ncatid=10470288&area=Ali%20Askar%20Road&search=%20Tailors%20For%20Women%20in%20Ali-Askar-Road,%20Bangalore%20&mncatname=Ladies%20Tailors",
"Khushbu Fancy Tailoring","# 33 5th Cross Yemlur","07619561995","3.5","2 Ratings","Open 24 Hrs7 Years in Business","https://www.justdial.com/Bangalore/Khushbu-Fancy-Tailoring-Maduramma-Temple-Yemlur/080PXX80-XX80-230106185635-W2P1_BZDET?ncatid=10470288&area=Ali%20Askar%20Road&search=%20Tailors%20For%20Women%20in%20Ali-Askar-Road,%20Bangalore%20&mncatname=Ladies%20Tailors",
"Megha Boutique","22nd Main HSR Layout","08904700145","4.3","2 Ratings","Open until 9:30 pm10 Years in Business","https://www.justdial.com/Bangalore/Megha-Boutique-Near-Medical-Shop-HSR-Layout/080PXX80-XX80-151229121008-K3Y9_BZDET?ncatid=10470288&area=Ali%20Askar%20Road&search=%20Tailors%20For%20Women%20in%20Ali-Askar-Road,%20Bangalore%20&mncatname=Ladies%20Tailors",
"Aadiquipo Designer Studio","Rajarajeshwari Nagar","07892629425","4.7","112 Ratings","Opens at 10:30 am tomorrow7 Years in Business","https://www.justdial.com/Bangalore/Aadiquipo-Designer-Studio-Near-Mantri-Alpyne-Appartment-Rajarajeshwari-Nagar/080PXX80-XX80-190604132013-S2M9_BZDET?ncatid=10470288&area=Ali%20Askar%20Road&search=%20Tailors%20For%20Women%20in%20Ali-Askar-Road,%20Bangalore%20&mncatname=Ladies%20Tailors",
"My Designer","4th Stage Rajarajeshwari Nagar","09611494385","4.5","16 Ratings","Opens at 10:00 am tomorrow11 Years in Business","https://www.justdial.com/Bangalore/My-Designer-Behind-HDFC-Bank-and-Near-Double-Road-Rajarajeshwari-Nagar/080PXX80-XX80-130519112730-F6N3_BZDET?ncatid=10470288&area=Ali%20Askar%20Road&search=%20Tailors%20For%20Women%20in%20Ali-Askar-Road,%20Bangalore%20&mncatname=Ladies%20Tailors",
"Buzzzest","Novel Tech Park Kudulu Gate","09900007879","5.0","3 Ratings","Opens at 10:30 am tomorrow1 Year in Business","https://www.justdial.com/Bangalore/Buzzzest-Kudulu-Gate/080PXX80-XX80-230120132516-Y1J9_BZDET?ncatid=10470288&area=Ali%20Askar%20Road&search=%20Tailors%20For%20Women%20in%20Ali-Askar-Road,%20Bangalore%20&mncatname=Ladies%20Tailors",
"Charmine Chaya Designer Studio Makeup Studio and Salon","T Dasarahalli","08310734322","4.5","72 Ratings","Opens at 9:00 am tomorrow15 Years in Business","https://www.justdial.com/Bangalore/Charmine-Chaya-Designer-Studio-Makeup-Studio-and-Salon-Near-Poorvika-Showroom-T-Dasarahalli/080PXX80-XX80-200314105006-F2H5_BZDET?ncatid=10470288&area=Ali%20Askar%20Road&search=%20Tailors%20For%20Women%20in%20Ali-Askar-Road,%20Bangalore%20&mncatname=Ladies%20Tailors",
"Manju Fashions","C T Street Marathahalli","09845123951","3.9","75 Ratings","Open until 9:30 pm31 Years in Business","https://www.justdial.com/Bangalore/Manju-Fashions-Next-to-Chowdeswari-Temple-Marathahalli/080PXX80-XX80-121003135833-Z3Y8_BZDET?ncatid=10470288&area=Ali%20Askar%20Road&search=%20Tailors%20For%20Women%20in%20Ali-Askar-Road,%20Bangalore%20&mncatname=Ladies%20Tailors",
"Shrusti Creation","Dinne Jp Nagar 7th Phase","09620009438","3.7","50 Ratings","Opens at 10:30 am tomorrow24 Years in Business","https://www.justdial.com/Bangalore/Shrusti-Creation-Opp-to-Podar-Jumbo-Kids-and-Next-to-Big-Bazaar-Jp-Nagar-7th-Phase/080PXX80-XX80-140430120546-K1Y8_BZDET?ncatid=10470288&area=Ali%20Askar%20Road&search=%20Tailors%20For%20Women%20in%20Ali-Askar-Road,%20Bangalore%20&mncatname=Ladies%20Tailors",
"Sri Sharda Design Studio","Doddakallasandra","08553140101","4.8","96 Ratings","Opens at 10:00 am tomorrow5 Years in Business","https://www.justdial.com/Bangalore/Sri-Sharda-Design-Studio-Gokulam-Apartment-Doddakallasandra/080PXX80-XX80-180728143007-M1V8_BZDET?ncatid=10470288&area=Ali%20Askar%20Road&search=%20Tailors%20For%20Women%20in%20Ali-Askar-Road,%20Bangalore%20&mncatname=Ladies%20Tailors",
"Jayashree Boutique","Layout Rajarajeshwari Nagar","09535043325","4.1","6 Ratings","Open until 9:30 pm9 Years in Business","https://www.justdial.com/Bangalore/Jayashree-Boutique-Jnakshi-School-Near-Rajarajeshwari-Nagar/080PXX80-XX80-160317183534-B4R8_BZDET?ncatid=10470288&area=Ali%20Askar%20Road&search=%20Tailors%20For%20Women%20in%20Ali-Askar-Road,%20Bangalore%20&mncatname=Ladies%20Tailors",
"Yukba Designer Studio","Main Road Bannerghatta Road","08040976391","4.2","86 Ratings","Opens at 10:00 am tomorrow5 Years in Business","https://www.justdial.com/Bangalore/Yukba-Designer-Studio-Opp-to-Vijaya-Bank-Arekere-Bannerghatta-Road/080PXX80-XX80-180404112023-D1C7_BZDET?ncatid=10470288&area=Ali%20Askar%20Road&search=%20Tailors%20For%20Women%20in%20Ali-Askar-Road,%20Bangalore%20&mncatname=Ladies%20Tailors",
"Savys Boutique","25th Cross Kaggadasapura Road","07795766790","4.4","712 Ratings","Opens at 10:00 am tomorrow9 Years in Business","https://www.justdial.com/Bangalore/Savys-Boutique-Near-Hemagiri-Apartments-Kaggadasapura-Road/080PXX80-XX80-140801125416-J1C4_BZDET?ncatid=10470288&area=Ali%20Askar%20Road&search=%20Tailors%20For%20Women%20in%20Ali-Askar-Road,%20Bangalore%20&mncatname=Ladies%20Tailors",
"Shruthi Designer Boutique","Hotel Side Yelahanka New Town","09590885934","4.5","34 Ratings","Opens at 10:00 am tomorrow25 Years in Business","https://www.justdial.com/Bangalore/Shruthi-Designer-Boutique-Kottakkal-Hospital-Yelahanka-New-Town/080PXX80-XX80-120709204851-N8U5_BZDET?ncatid=10470288&area=Ali%20Askar%20Road&search=%20Tailors%20For%20Women%20in%20Ali-Askar-Road,%20Bangalore%20&mncatname=Ladies%20Tailors",
"Shobha Boutique","Mother Dairy Circle Yelahanka","09805909898","4.7","135 Ratings","Opens at 10:00 am tomorrow5 Years in Business","https://www.justdial.com/Bangalore/Shobha-Boutique-Kottakkal-Arya-Vaidya-Shala-Yelahanka/080PXX80-XX80-181204135502-V6D3_BZDET?ncatid=10470288&area=Ali%20Askar%20Road&search=%20Tailors%20For%20Women%20in%20Ali-Askar-Road,%20Bangalore%20&mncatname=Ladies%20Tailors",
"Senon Boutique","Belthur Main Road Kadugodi","07349186444","4.0","151 Ratings","Opens at 10:00 am tomorrow6 Years in Business","https://www.justdial.com/Bangalore/Senon-Boutique-Near-LJ-Iyengar-Bakery-Kadugodi/080PXX80-XX80-170619115952-C8N2_BZDET?ncatid=10470288&area=Ali%20Askar%20Road&search=%20Tailors%20For%20Women%20in%20Ali-Askar-Road,%20Bangalore%20&mncatname=Ladies%20Tailors",
"Rose Petals Boutique","Immadihalli Main Road Whitefield","08970340460","4.5","490 Ratings","Opens at 10:00 am tomorrow9 Years in Business","https://www.justdial.com/Bangalore/Rose-Petals-Boutique-Near-Chikkanjeneya-Temple-Canara-Bank-ATM-Udupi-Veg-Hotel-Cauvery-Bakery-Whitefield/080PXX80-XX80-151012121435-S2Y4_BZDET?ncatid=10470288&area=Ali%20Askar%20Road&search=%20Tailors%20For%20Women%20in%20Ali-Askar-Road,%20Bangalore%20&mncatname=Ladies%20Tailors",
"Blossom Boutique","Road Electronic City Phase 1","08971145432","3.5","11 Ratings","Opens at 9:00 am tomorrow","https://www.justdial.com/Bangalore/Blossom-Boutique-Near-Fire-Station-Electronic-City-Phase-1/080PXX80-XX80-180831135655-W7G9_BZDET?ncatid=10470288&area=Ali%20Askar%20Road&search=%20Tailors%20For%20Women%20in%20Ali-Askar-Road,%20Bangalore%20&mncatname=Ladies%20Tailors",
"Sumedha Fashion Studio","Police Layout Bommasandra","09731590547","4.9","5 Ratings","Opens at 10:00 am tomorrow7 Years in Business","https://www.justdial.com/Bangalore/Sumedha-Fashion-Studio-Near-State-Bank-Of-India-Bommasandra/080PXX80-XX80-180412193357-A4R6_BZDET?ncatid=10470288&area=Ali%20Askar%20Road&search=%20Tailors%20For%20Women%20in%20Ali-Askar-Road,%20Bangalore%20&mncatname=Ladies%20Tailors",
"Dress Code Clothing Pvt Ltd","Kota-rajasthan","08406044444","4.5","100 Ratings","Opens at 8:00 am tomorrow","https://www.justdial.com/Kota-rajasthan/Dress-Code-Clothing-Pvt-Ltd/9999PX744-X744-190925182757-L4B1_BZDET?ncatid=10470288&area=Ali%20Askar%20Road&search=%20Tailors%20For%20Women%20in%20Ali-Askar-Road,%20Bangalore%20&mncatname=Ladies%20Tailors",
"My Choice Ladies Tailors","Pillai Street Shivaji Nagar","09845295039","3.9","12 Ratings","Opens at 11:00 am tomorrow6 Years in Business","https://www.justdial.com/Bangalore/My-Choice-Ladies-Tailors-Near-Neptune-Motors-Shivaji-Nagar/080PXX80-XX80-180227131525-F1Y7_BZDET?ncatid=10470288&area=Ali%20Askar%20Road&search=%20Tailors%20For%20Women%20in%20Ali-Askar-Road,%20Bangalore%20&mncatname=Ladies%20Tailors",
"Reshma Fashion","(O.P.H.) Road Shivaji Nagar","08025590545","4.5","11 Ratings","Open until 9:30 pm10 Years in Business","https://www.justdial.com/Bangalore/Reshma-Fashion-Shivaji-Nagar/080PXX80-XX80-161121130710-Y6V1_BZDET?ncatid=10470288&area=Ali%20Askar%20Road&search=%20Tailors%20For%20Women%20in%20Ali-Askar-Road,%20Bangalore%20&mncatname=Ladies%20Tailors",
"Ak Fashion Tailor","Street Cross Shivaji Nagar","09837373022","4.3","6 Ratings","Opens at 10:30 am tomorrow","https://www.justdial.com/Bangalore/Ak-Fashion-Tailor-Near-Ahmed-Guest-House-Lal-Masjid-Shivaji-Nagar/080PXX80-XX80-110125141526-P5D5_BZDET?ncatid=10470288&area=Ali%20Askar%20Road&search=%20Tailors%20For%20Women%20in%20Ali-Askar-Road,%20Bangalore%20&mncatname=Ladies%20Tailors",
"Hollywood Tailor","OPH ROAD Shivaji Nagar","09844242854","3.9","4 Ratings","Open until 10:30 pm7 Years in Business","https://www.justdial.com/Bangalore/Hollywood-Tailor-Opp-Beoparian-masjid-Shivaji-Nagar/080PXX80-XX80-170323114159-U5B2_BZDET?ncatid=10470288&area=Ali%20Askar%20Road&search=%20Tailors%20For%20Women%20in%20Ali-Askar-Road,%20Bangalore%20&mncatname=Ladies%20Tailors",
"Kalpana Ladies Tailors","No.66 Shivaji Nagar","07795636045","3.8","4 Ratings","Open until 11:00 pm28 Years in Business","https://www.justdial.com/Bangalore/Kalpana-Ladies-Tailors-Near-Muthyalamma-Temple-Shivaji-Nagar/080PXX80-XX80-120919185311-S2A9_BZDET?ncatid=10470288&area=Ali%20Askar%20Road&search=%20Tailors%20For%20Women%20in%20Ali-Askar-Road,%20Bangalore%20&mncatname=Ladies%20Tailors",
"Sidiqha Ladies Tailor","Bengaluru Shivaji Nagar","08025586944","4.0","2 Ratings","Opens at 10:00 am tomorrow","https://www.justdial.com/Bangalore/Sidiqha-Ladies-Tailor-Shivaji-Nagar/080PXX80-XX80-180223135033-P3M2_BZDET?ncatid=10470288&area=Ali%20Askar%20Road&search=%20Tailors%20For%20Women%20in%20Ali-Askar-Road,%20Bangalore%20&mncatname=Ladies%20Tailors",
"Arshiya Collection","Jumma Old Poor House Road","08065388488","3.5","2 Ratings","Opens at 10:30 am tomorrow","https://www.justdial.com/Bangalore/Arshiya-Collection-Next-To-Kohinoor-Hotel-Old-Poor-House-Road/080P1230237596J1N3R7_BZDET?ncatid=10470288&area=Ali%20Askar%20Road&search=%20Tailors%20For%20Women%20in%20Ali-Askar-Road,%20Bangalore%20&mncatname=Ladies%20Tailors",
"S I Boutique","Old Cemetery Road Shivaji Nagar","09900331137","5.0","1 Ratings","Open until 10:00 pm8 Years in Business","https://www.justdial.com/Bangalore/S-I-Boutique-Near-Behind-Ganesh-Temple-Shivaji-Nagar/080PXX80-XX80-150728135454-N5P1_BZDET?ncatid=10470288&area=Ali%20Askar%20Road&search=%20Tailors%20For%20Women%20in%20Ali-Askar-Road,%20Bangalore%20&mncatname=Ladies%20Tailors",
"Naghama Fashion Ladies Tailors","Jamia Masjid Road Shivaji Nagar","09972265235","4.5","1 Ratings","","https://www.justdial.com/Bangalore/Naghama-Fashion-Ladies-Tailors-Shivaji-Nagar/080PXX80-XX80-150428084347-J2U1_BZDET?ncatid=10470288&area=Ali%20Askar%20Road&search=%20Tailors%20For%20Women%20in%20Ali-Askar-Road,%20Bangalore%20&mncatname=Ladies%20Tailors",
"Sarah Collections","Road Arunachalam Mudaliar Street","09341626200","4.0","1 Ratings","Opens at 9:00 am tomorrow","https://www.justdial.com/Bangalore/Sarah-Collections-Arunachalam-Mudaliar-Street/080PXX80-XX80-200702010845-W6L4_BZDET?ncatid=10470288&area=Ali%20Askar%20Road&search=%20Tailors%20For%20Women%20in%20Ali-Askar-Road,%20Bangalore%20&mncatname=Ladies%20Tailors",
"H KGN Ladies Tailor","Kuppaswamy Street Shivaji Nagar","07411784414","3.0","1 Ratings","Open until 10:00 pm19 Years in Business","https://www.justdial.com/Bangalore/H-KGN-Ladies-Tailor-Near-to-Bilal-Bakery-Shivaji-Nagar/080PXX80-XX80-140311114535-C3S5_BZDET?ncatid=10470288&area=Ali%20Askar%20Road&search=%20Tailors%20For%20Women%20in%20Ali-Askar-Road,%20Bangalore%20&mncatname=Ladies%20Tailors",
"Ayesha Tailoring","Gunta Road Shivaji Nagar","09449750366","3.0","1 Ratings","Open until 10:00 pm","https://www.justdial.com/Bangalore/Ayesha-Tailoring-Near-Gulshan-Clothing-Store-Shivaji-Nagar/080P1200021_BZDET?ncatid=10470288&area=Ali%20Askar%20Road&search=%20Tailors%20For%20Women%20in%20Ali-Askar-Road,%20Bangalore%20&mncatname=Ladies%20Tailors",
"Prince Embroidery","7th Crs Jumma Masjid Road","08041323556","3.0","1 Ratings","Open until 9:30 pm33 Years in Business","https://www.justdial.com/Bangalore/Prince-Embroidery-Shivajinagar-Jumma-Masjid-Road/080P1227643097F3B6N1_BZDET?ncatid=10470288&area=Ali%20Askar%20Road&search=%20Tailors%20For%20Women%20in%20Ali-Askar-Road,%20Bangalore%20&mncatname=Ladies%20Tailors",
"Naina Boutique","Basement Commercial Street","09663667436","4.5","398 Ratings","Opens at 11:30 am tomorrow12 Years in Business","https://www.justdial.com/Bangalore/Naina-Boutique-Opposite-to-KFC-Commercial-Street/080PXX80-XX80-130212193622-P1G2_BZDET?ncatid=10470288&area=Ali%20Askar%20Road&search=%20Tailors%20For%20Women%20in%20Ali-Askar-Road,%20Bangalore%20&mncatname=Ladies%20Tailors",
"Top Kit Garment","No.112/B Brigade Road","08025583662","3.6","171 Ratings","Opens at 10:30 am tomorrow11 Years in Business","https://www.justdial.com/Bangalore/Top-Kit-Garment-Opposite-to-LEE-Showroom-Brigade-Road/080PXX80-XX80-121026182943-T5I5_BZDET?ncatid=10470288&area=Ali%20Askar%20Road&search=%20Tailors%20For%20Women%20in%20Ali-Askar-Road,%20Bangalore%20&mncatname=Ladies%20Tailors",
"L B Prakash","2nd Cross Commercial Street","08025586944","4.2","142 Ratings","Opens at 11:30 am tomorrow29 Years in Business","https://www.justdial.com/Bangalore/L-B-Prakash-Lane-Next-to-Prestige-Man-Store-Commercial-Street/080PXX80-XX80-170321155826-P3I4_BZDET?ncatid=10470288&area=Ali%20Askar%20Road&search=%20Tailors%20For%20Women%20in%20Ali-Askar-Road,%20Bangalore%20&mncatname=Ladies%20Tailors",
"Lovely Tailors","Man Lane Ebrahim Sahib Street","09886042824","4.0","55 Ratings","Opens at 11:00 am tomorrow","https://www.justdial.com/Bangalore/Lovely-Tailors-Opps-Silver-Plaza-Ebrahim-Sahib-Street/080P1227806244G6T2B8_BZDET?ncatid=10470288&area=Ali%20Askar%20Road&search=%20Tailors%20For%20Women%20in%20Ali-Askar-Road,%20Bangalore%20&mncatname=Ladies%20Tailors",
"Broadway Tailoring Shop","Link Road Malleswaram","08023564981","4.0","50 Ratings","Opens at 10:00 am tomorrow28 Years in Business","https://www.justdial.com/Bangalore/Broadway-Tailoring-Shop-Opposite-Link-Road-Bus-Stop-Malleswaram/080PXX80-XX80-151103181259-X2M5_BZDET?ncatid=10470288&area=Ali%20Askar%20Road&search=%20Tailors%20For%20Women%20in%20Ali-Askar-Road,%20Bangalore%20&mncatname=Ladies%20Tailors",
"Malikaa Couture","Couture Ebrahim Sahib Street","07019095833","4.9","52 Ratings","Open until 10:00 pm5 Years in Business","https://www.justdial.com/Bangalore/Malikaa-Couture-Plazo-Mall-Ebrahim-Sahib-Street/080PXX80-XX80-211211175702-V1B2_BZDET?ncatid=10470288&area=Ali%20Askar%20Road&search=%20Tailors%20For%20Women%20in%20Ali-Askar-Road,%20Bangalore%20&mncatname=Ladies%20Tailors",
"Flawsome Designer Boutique","Bangalore Commercial Street","08048511666","4.5","49 Ratings","Open until 10:00 pm29 Years in Business","https://www.justdial.com/Bangalore/Flawsome-Designer-Boutique-Near-Bata-Showroom-Commercial-Street/080PXX80-XX80-190204195155-S9C6_BZDET?ncatid=10470288&area=Ali%20Askar%20Road&search=%20Tailors%20For%20Women%20in%20Ali-Askar-Road,%20Bangalore%20&mncatname=Ladies%20Tailors",
"R M Desiner Boutique","Street Kamraj Road Kamaraj Road","09972831819","4.8","43 Ratings","Opens at 11:00 am tomorrow","https://www.justdial.com/Bangalore/R-M-Desiner-Boutique-Near-Mysore-Saree-Kamaraj-Road/080PXX80-XX80-190122141518-L5J4_BZDET?ncatid=10470288&area=Ali%20Askar%20Road&search=%20Tailors%20For%20Women%20in%20Ali-Askar-Road,%20Bangalore%20&mncatname=Ladies%20Tailors",
"Pretty Lady","Str 3rd Cross Commercial Street","09902678692","3.7","43 Ratings","Open until 10:00 pm","https://www.justdial.com/Bangalore/Pretty-Lady-Near-Sona-Bridal-Weae-Commercial-Street/080P8002471_BZDET?ncatid=10470288&area=Ali%20Askar%20Road&search=%20Tailors%20For%20Women%20in%20Ali-Askar-Road,%20Bangalore%20&mncatname=Ladies%20Tailors",
"Yes G Boutique","3rd Cross Malleswaram","09980183355","4.1","40 Ratings","Opens at 10:00 am tomorrow12 Years in Business","https://www.justdial.com/Bangalore/Yes-G-Boutique-Opposite-Halli-Mane-Diagonally-Opposite-to-Lalithaa-Jewellery-Mart-Pvt-Ltd-Malleswaram/080PXX80-XX80-130620112218-T1V5_BZDET?ncatid=10470288&area=Ali%20Askar%20Road&search=%20Tailors%20For%20Women%20in%20Ali-Askar-Road,%20Bangalore%20&mncatname=Ladies%20Tailors",
"R World The Fashion Boutique","1st Main Road Seshadripuram","08867864340","4.7","38 Ratings","Opens at 10:00 am tomorrow4 Years in Business","https://www.justdial.com/Bangalore/R-World-The-Fashion-Boutique-Near-to-S-N-Thindi-Mane-Seshadripuram/080PXX80-XX80-190712164122-K4Q7_BZDET?ncatid=10470288&area=Ali%20Askar%20Road&search=%20Tailors%20For%20Women%20in%20Ali-Askar-Road,%20Bangalore%20&mncatname=Ladies%20Tailors",
"Fashion With U","Block Palace Guttahalli","09880695110","4.7","9 Ratings","Opens at 9:00 am tomorrow12 Years in Business","https://www.justdial.com/Bangalore/Fashion-With-U-Next-to-SBI-ATM-Palace-Guttahalli/080PXX80-XX80-130302152252-B2J9_BZDET?ncatid=10470288&area=Ali%20Askar%20Road&search=%20Tailors%20For%20Women%20in%20Ali-Askar-Road,%20Bangalore%20&mncatname=Ladies%20Tailors",
"Darshnis Bride O Cafe","Road Junction Kempegowda Road","07022612899","5.0","7 Ratings","Opens at 10:00 am tomorrow13 Years in Business","https://www.justdial.com/Bangalore/Darshnis-Bride-O-Cafe-Opp-to-Pothys-Kempegowda-Road/080PXX80-XX80-201028151021-K6D4_BZDET?ncatid=10470288&area=Ali%20Askar%20Road&search=%20Tailors%20For%20Women%20in%20Ali-Askar-Road,%20Bangalore%20&mncatname=Ladies%20Tailors",
"Radan Madames Wear","7th Main Vasanth Nagar","09900322354","5.0","5 Ratings","Opens at 9:00 am tomorrow19 Years in Business","https://www.justdial.com/Bangalore/Radan-Madames-Wear-Opp-Mosque-Vasanth-Nagar/080PXX80-XX80-130731140158-A9C4_BZDET?ncatid=10470288&area=Ali%20Askar%20Road&search=%20Tailors%20For%20Women%20in%20Ali-Askar-Road,%20Bangalore%20&mncatname=Ladies%20Tailors",
"Nayaab Stitch Line","Sk Garden Main Road Benson Town","09108169770","3.7","4 Ratings","Opens at 10:00 am tomorrow20 Years in Business","https://www.justdial.com/Bangalore/Nayaab-Stitch-Line-Next-to-Axis-ATM-Benson-Town/080PXX80-XX80-131205105952-D7A4_BZDET?ncatid=10470288&area=Ali%20Askar%20Road&search=%20Tailors%20For%20Women%20in%20Ali-Askar-Road,%20Bangalore%20&mncatname=Ladies%20Tailors",
"Glamour Boutique","Street Commercial Street","08025582543","3.3","3 Ratings","Opens at 10:00 am tomorrow9 Years in Business","https://www.justdial.com/Bangalore/Glamour-Boutique-2nd-Parallel-Commercial-Street-Commercial-Street/080PXX80-XX80-130820113200-V6V8_BZDET?ncatid=10470288&area=Ali%20Askar%20Road&search=%20Tailors%20For%20Women%20in%20Ali-Askar-Road,%20Bangalore%20&mncatname=Ladies%20Tailors",
"Jassal Collections","Mudaliar St Commercial Street","09535663348","5.0","2 Ratings","Open until 9:30 pm20 Years in Business","https://www.justdial.com/Bangalore/Jassal-Collections-Near-Prestige-Commercial-Street/080P1227964026G5S5T4_BZDET?ncatid=10470288&area=Ali%20Askar%20Road&search=%20Tailors%20For%20Women%20in%20Ali-Askar-Road,%20Bangalore%20&mncatname=Ladies%20Tailors",
"Prakruthi Fashion Designers","Nagappa Street Vyalikaval","07892057550","4.8","2 Ratings","Open until 9:30 pm4 Years in Business","https://www.justdial.com/Bangalore/Prakruthi-Fashion-Designers-Oppsoite-Muneshwar-Temple-Vyalikaval/080PXX80-XX80-190302193747-M6N1_BZDET?ncatid=10470288&area=Ali%20Askar%20Road&search=%20Tailors%20For%20Women%20in%20Ali-Askar-Road,%20Bangalore%20&mncatname=Ladies%20Tailors",
"Babu Tailors & Textorium","6th Mn Rd Gandhi Nagar","09886424269","4.5","2 Ratings","Opens at 10:30 am tomorrow47 Years in Business","https://www.justdial.com/Bangalore/Babu-Tailors-Textorium-Opp-to-Gubbi-Veeranna-Ranga-Mandir-Gandhi-Nagar/080P5149442_BZDET?ncatid=10470288&area=Ali%20Askar%20Road&search=%20Tailors%20For%20Women%20in%20Ali-Askar-Road,%20Bangalore%20&mncatname=Ladies%20Tailors",
"Dream Stitch Ladies Tailors","Sahib Street Commercial Street","09008778644","4.5","2 Ratings","Opens at 11:00 am tomorrow16 Years in Business","https://www.justdial.com/Bangalore/Dream-Stitch-Ladies-Tailors-Opposite-Gopalan-Corner-Commercial-Street/080PXX80-XX80-121107133319-Y9Z7_BZDET?ncatid=10470288&area=Ali%20Askar%20Road&search=%20Tailors%20For%20Women%20in%20Ali-Askar-Road,%20Bangalore%20&mncatname=Ladies%20Tailors",
"M R Tailors","1st Main Road Seshadripuram","08147702661","3.5","2 Ratings","Opens at 9:00 am tomorrow","https://www.justdial.com/Bangalore/M-R-Tailors-Near-Kino-Theatre-Seshadripuram/080PXX80-XX80-151219124237-N6A4_BZDET?ncatid=10470288&area=Ali%20Askar%20Road&search=%20Tailors%20For%20Women%20in%20Ali-Askar-Road,%20Bangalore%20&mncatname=Ladies%20Tailors",
"S J Ladies Tailor","Thimmaiah Road Shivaji Nagar","08553331518","5.0","1 Ratings","Open until 9:30 pm11 Years in Business","https://www.justdial.com/Bangalore/S-J-Ladies-Tailor-Next-to-Rehamania-School-Shivaji-Nagar/080PXX80-XX80-130404143045-I2I3_BZDET?ncatid=10470288&area=Ali%20Askar%20Road&search=%20Tailors%20For%20Women%20in%20Ali-Askar-Road,%20Bangalore%20&mncatname=Ladies%20Tailors",
"Samson Ladies Dress Makers","Palace Guttahalli Malleswaram","09845296556","5.0","1 Ratings","Opens at 10:00 am tomorrow6 Years in Business","https://www.justdial.com/Bangalore/Samson-Ladies-Dress-Makers-Near-By-INDRA-Canteen-Malleswaram/080PXX80-XX80-170428115811-A5F9_BZDET?ncatid=10470288&area=Ali%20Askar%20Road&search=%20Tailors%20For%20Women%20in%20Ali-Askar-Road,%20Bangalore%20&mncatname=Ladies%20Tailors",
"Dream Stich","No.71 Ebrahim Sahib Street","09008778644","5.0","1 Ratings","Open until 10:30 pm12 Years in Business","https://www.justdial.com/Bangalore/Dream-Stich-Opposite-to-Golpan-Corner-and-Near-Sri-Annapoorneshwri-Tower-Ebrahim-Sahib-Street/080PXX80-XX80-170401123636-R9G2_BZDET?ncatid=10470288&area=Ali%20Askar%20Road&search=%20Tailors%20For%20Women%20in%20Ali-Askar-Road,%20Bangalore%20&mncatname=Ladies%20Tailors",
"Unique Creation","Kamrajroad Kamaraj Road","09902163156","5.0","1 Ratings","Opens at 11:00 am tomorrow11 Years in Business","https://www.justdial.com/Bangalore/Unique-Creation-Oppo-Commercial-Street-Entrance-Kamaraj-Road/080PXX80-XX80-121105142418-J6B7_BZDET?ncatid=10470288&area=Ali%20Askar%20Road&search=%20Tailors%20For%20Women%20in%20Ali-Askar-Road,%20Bangalore%20&mncatname=Ladies%20Tailors",
"Krishna Ladies Tailor","Rao Road Maramma Temple Street","08025975519","5.0","1 Ratings","Open until 10:00 pm44 Years in Business","https://www.justdial.com/Bangalore/Krishna-Ladies-Tailor-Near-Maramma-Temple-Maramma-Temple-Street/080PXX80-XX80-191011210541-H1F9_BZDET?ncatid=10470288&area=Ali%20Askar%20Road&search=%20Tailors%20For%20Women%20in%20Ali-Askar-Road,%20Bangalore%20&mncatname=Ladies%20Tailors",
"Arbic Tailors","Complex Commercial Street","09845295039","3.0","1 Ratings","Opens at 11:00 am tomorrow21 Years in Business","https://www.justdial.com/Bangalore/Arbic-Tailors-Commercial-Street/080PXX80-XX80-140305231036-Y7R9_BZDET?ncatid=10470288&area=Ali%20Askar%20Road&search=%20Tailors%20For%20Women%20in%20Ali-Askar-Road,%20Bangalore%20&mncatname=Ladies%20Tailors",
"P M Rao Ladies Dress Maker","2nd Cross Commercial Street","09341989931","4.5","125 Ratings","Opens at 11:00 am tomorrow24 Years in Business","https://www.justdial.com/Bangalore/P-M-Rao-Ladies-Dress-Maker-Commercial-Street/080PXX80-XX80-170109141727-U3F6_BZDET?ncatid=10470288&area=Ali%20Askar%20Road&search=%20Tailors%20For%20Women%20in%20Ali-Askar-Road,%20Bangalore%20&mncatname=Ladies%20Tailors",
"Shiny Alexxander","2nd Cross Kamaraj Road","09035653041","4.7","119 Ratings","Opens at 11:30 am tomorrow14 Years in Business","https://www.justdial.com/Bangalore/Shiny-Alexxander-Next-to-Mysore-Saree-Udyog-Kamaraj-Road/080PXX80-XX80-100611160406-H1H7_BZDET?ncatid=10470288&area=Ali%20Askar%20Road&search=%20Tailors%20For%20Women%20in%20Ali-Askar-Road,%20Bangalore%20&mncatname=Ladies%20Tailors",
"Rashmis Broadway Tailoring Shop","Link Road Malleswaram","08023564981","4.0","52 Ratings","Opens at 10:00 am tomorrow62 Years in Business","https://www.justdial.com/Bangalore/Rashmis-Broadway-Tailoring-Shop-Opposite-to-Link-Road-Bus-Stop-Malleswaram/080P5149312_BZDET?ncatid=10470288&area=Ali%20Askar%20Road&search=%20Tailors%20For%20Women%20in%20Ali-Askar-Road,%20Bangalore%20&mncatname=Ladies%20Tailors",
"Sohum Creations","K Kamaraja Road Kamaraj Road","09900169212","3.4","49 Ratings","Open until 9:30 pm8 Years in Business","https://www.justdial.com/Bangalore/Sohum-Creations-Opposite-to-Atm-Of-Corporation-Bank-Kamaraj-Road/080PXX80-XX80-151127185102-J1U3_BZDET?ncatid=10470288&area=Ali%20Askar%20Road&search=%20Tailors%20For%20Women%20in%20Ali-Askar-Road,%20Bangalore%20&mncatname=Ladies%20Tailors",
"Heena Collection","3rd Cross Commercial Street","09945002668","4.6","48 Ratings","Open until 9:30 pm","https://www.justdial.com/Bangalore/Heena-Collection-Commercial-Street/080P1227817583X1Z4C1_BZDET?ncatid=10470288&area=Ali%20Askar%20Road&search=%20Tailors%20For%20Women%20in%20Ali-Askar-Road,%20Bangalore%20&mncatname=Ladies%20Tailors",
"Soucika","Street Commercial Street","08048517558","4.2","47 Ratings","Opens at 11:00 am tomorrow9 Years in Business","https://www.justdial.com/Bangalore/Soucika-Near-to-Sriraj-Lasiba-Commercial-Street/080PXX80-XX80-141211002327-R9W3_BZDET?ncatid=10470288&area=Ali%20Askar%20Road&search=%20Tailors%20For%20Women%20in%20Ali-Askar-Road,%20Bangalore%20&mncatname=Ladies%20Tailors",
"S K Shama Rao Collection","No.42/1 Dispensary Road","09342837943","3.7","37 Ratings","Opens at 10:30 am tomorrow","https://www.justdial.com/Bangalore/S-K-Shama-Rao-Collection-Parallel-to-Commercial-Street-Near-Alice-Jewellery-Dispensary-Road/080PXX80-XX80-090810171713-Q9T5_BZDET?ncatid=10470288&area=Ali%20Askar%20Road&search=%20Tailors%20For%20Women%20in%20Ali-Askar-Road,%20Bangalore%20&mncatname=Ladies%20Tailors",
"Uttam Tailors","Kamaraj Road","07760092619","3.5","34 Ratings","Opens at 11:30 am tomorrow15 Years in Business","https://www.justdial.com/Bangalore/Uttam-Tailors-Beside-West-Side-Kamaraj-Road/080P1227307074Q4F3P3_BZDET?ncatid=10470288&area=Ali%20Askar%20Road&search=%20Tailors%20For%20Women%20in%20Ali-Askar-Road,%20Bangalore%20&mncatname=Ladies%20Tailors",
"Gold Class Tailors","Temple Street Chickpete","09845164496","3.8","30 Ratings","Open until 10:00 pm","https://www.justdial.com/Bangalore/Gold-Class-Tailors-Near-Union-bank-of-India-Chickpete/080P1227508596X8B1S7_BZDET?ncatid=10470288&area=Ali%20Askar%20Road&search=%20Tailors%20For%20Women%20in%20Ali-Askar-Road,%20Bangalore%20&mncatname=Ladies%20Tailors",
"Al Khair Collection","Quadrant Road Shivaji Nagar","09901512372","4.1","29 Ratings","Open until 10:00 pm10 Years in Business","https://www.justdial.com/Bangalore/Al-Khair-Collection-Jagadamba-Circle-Opposite-Palace-Talkies-Shivaji-Nagar/080PXX80-XX80-120911155224-F7T9_BZDET?ncatid=10470288&area=Ali%20Askar%20Road&search=%20Tailors%20For%20Women%20in%20Ali-Askar-Road,%20Bangalore%20&mncatname=Ladies%20Tailors",
"Noble Ladies Dress Maker","Dispensary Road Shivaji Nagar","07259584593","3.9","28 Ratings","Opens at 10:00 am tomorrow47 Years in Business","https://www.justdial.com/Bangalore/Noble-Ladies-Dress-Maker-Opposite-Keb-Office-Shivaji-Nagar/080PXX80-XX80-140512123812-U1I3_BZDET?ncatid=10470288&area=Ali%20Askar%20Road&search=%20Tailors%20For%20Women%20in%20Ali-Askar-Road,%20Bangalore%20&mncatname=Ladies%20Tailors",
"Shama Rao Drapers","Nc Road Dispensary Road","08041132170","3.5","27 Ratings","Opens at 10:30 am tomorrow48 Years in Business","https://www.justdial.com/Bangalore/Shama-Rao-Drapers-Opp-Keb-Office-Parallel-to-Commercial-St-Dispensary-Road/080PK003661_BZDET?ncatid=10470288&area=Ali%20Askar%20Road&search=%20Tailors%20For%20Women%20in%20Ali-Askar-Road,%20Bangalore%20&mncatname=Ladies%20Tailors",
"R N Fashion Ladies Tailoring","Ebrahim Sahib Street","09886432401","4.4","26 Ratings","Open until 10:00 pm22 Years in Business","https://www.justdial.com/Bangalore/R-N-Fashion-Ladies-Tailoring-Next-Dupatta-Centre-Ebrahim-Sahib-Street/080P4002413_BZDET?ncatid=10470288&area=Ali%20Askar%20Road&search=%20Tailors%20For%20Women%20in%20Ali-Askar-Road,%20Bangalore%20&mncatname=Ladies%20Tailors",
"Pawan Designs","Dispensery Road Shivaji Nagar","09448345939","4.0","24 Ratings","Opens at 11:30 am tomorrow","https://www.justdial.com/Bangalore/Pawan-Designs-NEAR-to-Bescom-Office-Shivaji-Nagar/080P1235559827R9R5T9_BZDET?ncatid=10470288&area=Ali%20Askar%20Road&search=%20Tailors%20For%20Women%20in%20Ali-Askar-Road,%20Bangalore%20&mncatname=Ladies%20Tailors",
"99 Collection","3rd Cross Commercial Street","09448903928","3.9","23 Ratings","Opens at 10:00 am tomorrow","https://www.justdial.com/Bangalore/99-Collection-Near-City-Centre-Shopping-Complex-Commercial-Street/080PXX80-XX80-170316052317-G5L2_BZDET?ncatid=10470288&area=Ali%20Askar%20Road&search=%20Tailors%20For%20Women%20in%20Ali-Askar-Road,%20Bangalore%20&mncatname=Ladies%20Tailors",
"Tailor Park","No.28/4 Seppings Road","09844242854","5.0","23 Ratings","Open until 10:00 pm","https://www.justdial.com/Bangalore/Tailor-Park-Nr-Coles-Park-Seppings-Road/080P1236675205W3T4G2_BZDET?ncatid=10470288&area=Ali%20Askar%20Road&search=%20Tailors%20For%20Women%20in%20Ali-Askar-Road,%20Bangalore%20&mncatname=Ladies%20Tailors",
"Fashion Waves","Sahib Street Commercial Street","09886064295","4.6","22 Ratings","Open until 9:30 pm18 Years in Business","https://www.justdial.com/Bangalore/Fashion-Waves-Oppo-Sagar-Chats-Commercial-Street/080PCLR20090414IRO628566510_BZDET?ncatid=10470288&area=Ali%20Askar%20Road&search=%20Tailors%20For%20Women%20in%20Ali-Askar-Road,%20Bangalore%20&mncatname=Ladies%20Tailors",
"Kairos Namrata G","1st Cross Lavelle Road","09008588114","3.2","22 Ratings","Opens at 8:00 am tomorrow23 Years in Business","https://www.justdial.com/Bangalore/Kairos-Namrata-G-Adjacent-to-Dental-Lavelle-Lavelle-Road/080PG007625_BZDET?ncatid=10470288&area=Ali%20Askar%20Road&search=%20Tailors%20For%20Women%20in%20Ali-Askar-Road,%20Bangalore%20&mncatname=Ladies%20Tailors",
"Ttop Stitches By Shiny Alexander","Commercial Street Shivaji Nagar","09035653041","4.9","20 Ratings","Opens at 11:30 am tomorrow14 Years in Business","https://www.justdial.com/Bangalore/Ttop-Stitches-By-Shiny-Alexander-Lane-Before-Mysore-Saree-Udyog-Shivaji-Nagar/080PXX80-XX80-181127210627-Z4P3_BZDET?ncatid=10470288&area=Ali%20Askar%20Road&search=%20Tailors%20For%20Women%20in%20Ali-Askar-Road,%20Bangalore%20&mncatname=Ladies%20Tailors",
"Punjab Tailors","2ND Cross Commercial Street","09008780526","3.3","20 Ratings","Opens at 10:00 am tomorrow71 Years in Business","https://www.justdial.com/Bangalore/Punjab-Tailors-Next-to-Prestige-Men-Store-Commercial-Street/080P5135291_BZDET?ncatid=10470288&area=Ali%20Askar%20Road&search=%20Tailors%20For%20Women%20in%20Ali-Askar-Road,%20Bangalore%20&mncatname=Ladies%20Tailors",
"Smart Collections","Street Dispensary Road","09845809234","4.4","18 Ratings","Opens at 11:30 am tomorrow47 Years in Business","https://www.justdial.com/Bangalore/Smart-Collections-Opp-Keb-Office-Dispensary-Road/080P1228328954N7V2C6_BZDET?ncatid=10470288&area=Ali%20Askar%20Road&search=%20Tailors%20For%20Women%20in%20Ali-Askar-Road,%20Bangalore%20&mncatname=Ladies%20Tailors",
"Dubai Collection","Street Ebrahim Sahib Street","08025587037","4.2","18 Ratings","Open until 9:30 pm27 Years in Business","https://www.justdial.com/Bangalore/Dubai-Collection-Opposite-to-Pooja-Jewellary-Ebrahim-Sahib-Street/080P4500812_BZDET?ncatid=10470288&area=Ali%20Askar%20Road&search=%20Tailors%20For%20Women%20in%20Ali-Askar-Road,%20Bangalore%20&mncatname=Ladies%20Tailors",
"Sequins Ladies Boutique","Haines Road Frazer Town","09066989505","4.9","17 Ratings","Opens at 10:30 am tomorrow9 Years in Business","https://www.justdial.com/Bangalore/Sequins-Ladies-Boutique-Opposite-Canopy-Cologne-Frazer-Town/080PXX80-XX80-161116221713-C6S3_BZDET?ncatid=10470288&area=Ali%20Askar%20Road&search=%20Tailors%20For%20Women%20in%20Ali-Askar-Road,%20Bangalore%20&mncatname=Ladies%20Tailors",
"Western Tailors","11th Main Road Vasanth Nagar","08022383184","4.5","16 Ratings","Opens at 10:00 am tomorrow43 Years in Business","https://www.justdial.com/Bangalore/Western-Tailors-Near-To-govt-school-Vasanth-Nagar/080P5149390_BZDET?ncatid=10470288&area=Ali%20Askar%20Road&search=%20Tailors%20For%20Women%20in%20Ali-Askar-Road,%20Bangalore%20&mncatname=Ladies%20Tailors",
"Moiras Boutique","Millers Road Cunningham Road","08022200994","3.6","16 Ratings","Opens at 10:30 am tomorrow22 Years in Business","https://www.justdial.com/Bangalore/Moiras-Boutique-Opposite-Foto-Flash-Cunningham-Road/080P4213043_BZDET?ncatid=10470288&area=Ali%20Askar%20Road&search=%20Tailors%20For%20Women%20in%20Ali-Askar-Road,%20Bangalore%20&mncatname=Ladies%20Tailors",
"Zaid Boutique","pillai street Shivaji Nagar","09341916266","3.5","16 Ratings","Opens at 9:30 am tomorrow","https://www.justdial.com/Bangalore/Zaid-Boutique-Near-by-commericial-street-Shivaji-Nagar/080PXX80-XX80-150830061752-F5G1_BZDET?ncatid=10470288&area=Ali%20Askar%20Road&search=%20Tailors%20For%20Women%20in%20Ali-Askar-Road,%20Bangalore%20&mncatname=Ladies%20Tailors",
"Kianaa","Bangalore - 46 Benson Town","08041693554","4.7","15 Ratings","Opens at 11:30 am on Sat2 Years in Business","https://www.justdial.com/Bangalore/Kianaa-Next-to-Super-Doctor-Clinic-Benson-Town/080PXX80-XX80-220303201528-Q4M9_BZDET?ncatid=10470288&area=Ali%20Askar%20Road&search=%20Tailors%20For%20Women%20in%20Ali-Askar-Road,%20Bangalore%20&mncatname=Ladies%20Tailors",
"Tailorswala.com","Shivaji Nagar Shivaji Nagar","09686064445","4.7","14 Ratings","Open 24 Hrs3 Years in Business","https://www.justdial.com/Bangalore/Tailorswalacom-Near-Commercial-Street-Police-Station-Shivaji-Nagar/080PXX80-XX80-210927154640-U3B9_BZDET?ncatid=10470288&area=Ali%20Askar%20Road&search=%20Tailors%20For%20Women%20in%20Ali-Askar-Road,%20Bangalore%20&mncatname=Ladies%20Tailors",
"Cinderella Designs","Nagappa Street Palace Guttahalli","09972175673","4.1","14 Ratings","Opens at 10:00 am tomorrow16 Years in Business","https://www.justdial.com/Bangalore/Cinderella-Designs-Near-Vinayaka-Circle-Palace-Guttahalli/080PXX80-XX80-130302144001-N3L2_BZDET?ncatid=10470288&area=Ali%20Askar%20Road&search=%20Tailors%20For%20Women%20in%20Ali-Askar-Road,%20Bangalore%20&mncatname=Ladies%20Tailors",
"A K Silk & Cotton","Kamraj Road Commercial Street","09986340859","4.0","13 Ratings","Opens at 11:00 am tomorrow10 Years in Business","https://www.justdial.com/Bangalore/A-K-Silk-Cotton-Near-Shivanshetty-Garden-Commercial-Street/080P4002372_BZDET?ncatid=10470288&area=Ali%20Askar%20Road&search=%20Tailors%20For%20Women%20in%20Ali-Askar-Road,%20Bangalore%20&mncatname=Ladies%20Tailors",
"Roopa Ladies Wear","NS Ayengar Street Seshadripuram","08023566699","3.6","13 Ratings","Opens at 9:00 am tomorrow22 Years in Business","https://www.justdial.com/Bangalore/Roopa-Ladies-Wear-Near-Seshadripuram-Composite-CollegeNear-Subramanya-Temple-Seshadripuram/080P5607128_BZDET?ncatid=10470288&area=Ali%20Askar%20Road&search=%20Tailors%20For%20Women%20in%20Ali-Askar-Road,%20Bangalore%20&mncatname=Ladies%20Tailors",
"M K Ladies Tailors","Armstrong Road","09880657726","4.4","12 Ratings","Opens at 10:00 am tomorrow17 Years in Business","https://www.justdial.com/Bangalore/M-K-Ladies-Tailors-Near-Commercial-StreetShivajinagar-Armstrong-Road/080PXX80-XX80-160326122332-F3Y5_BZDET?ncatid=10470288&area=Ali%20Askar%20Road&search=%20Tailors%20For%20Women%20in%20Ali-Askar-Road,%20Bangalore%20&mncatname=Ladies%20Tailors",
"Lovely Stitch Well","Ebrahim Sahib Street","09886042824","4.0","11 Ratings","Opens at 10:30 am tomorrow","https://www.justdial.com/Bangalore/Lovely-Stitch-Well-Next-To-S-S-Mart-Ebrahim-Sahib-Street/080P5149350_BZDET?ncatid=10470288&area=Ali%20Askar%20Road&search=%20Tailors%20For%20Women%20in%20Ali-Askar-Road,%20Bangalore%20&mncatname=Ladies%20Tailors",
"Libas","2nd Cross Commercial Street","06362291496","4.8","10 Ratings","Opens at 4:00 pm tomorrow52 Years in Business","https://www.justdial.com/Bangalore/Libas-Commercial-Street/080PXX80-XX80-121107151246-H8Y6_BZDET?ncatid=10470288&area=Ali%20Askar%20Road&search=%20Tailors%20For%20Women%20in%20Ali-Askar-Road,%20Bangalore%20&mncatname=Ladies%20Tailors",
"Stich Well Ladies Dresses","Haines Road Cross Shivaji Nagar","09035015068","4.6","10 Ratings","Opens at 9:00 am tomorrow9 Years in Business","https://www.justdial.com/Bangalore/Stich-Well-Ladies-Dresses-Near-Tamil-Wesley-Church-Shivaji-Nagar/080PXX80-XX80-150228111524-C8V2_BZDET?ncatid=10470288&area=Ali%20Askar%20Road&search=%20Tailors%20For%20Women%20in%20Ali-Askar-Road,%20Bangalore%20&mncatname=Ladies%20Tailors",
"Wahid Tailor And Textiles","Complex Narayan Pillai Street","09343878246","4.5","10 Ratings","Open 24 Hrs","https://www.justdial.com/Bangalore/Wahid-Tailor-And-Textiles-Opp-Mohi-Mit-Narayan-Pillai-Street/080PXX80-XX80-180709184313-V7A1_BZDET?ncatid=10470288&area=Ali%20Askar%20Road&search=%20Tailors%20For%20Women%20in%20Ali-Askar-Road,%20Bangalore%20&mncatname=Ladies%20Tailors",
"Naseema Fashion","Saheb Street Commercial Street","09113573392","3.1","10 Ratings","Opens at 10:00 am tomorrow16 Years in Business","https://www.justdial.com/Bangalore/Naseema-Fashion-Opposite-China-Bazzar-Commercial-Street/080PXX80-XX80-140716180216-S6T6_BZDET?ncatid=10470288&area=Ali%20Askar%20Road&search=%20Tailors%20For%20Women%20in%20Ali-Askar-Road,%20Bangalore%20&mncatname=Ladies%20Tailors",
"Adil Ladies Tailors","3rd Crs Commercial Street","09845113104","4.1","9 Ratings","Opens at 10:00 am tomorrow","https://www.justdial.com/Bangalore/Adil-Ladies-Tailors-Commercial-Street/080P4501125_BZDET?ncatid=10470288&area=Ali%20Askar%20Road&search=%20Tailors%20For%20Women%20in%20Ali-Askar-Road,%20Bangalore%20&mncatname=Ladies%20Tailors",
"Chandru Tailor","Lm Street Commercial Street","08884566852","3.8","9 Ratings","Opens at 10:00 am tomorrow28 Years in Business","https://www.justdial.com/Bangalore/Chandru-Tailor-Opposite-To-Bata-Showroom-Commercial-Street/080P5153082_BZDET?ncatid=10470288&area=Ali%20Askar%20Road&search=%20Tailors%20For%20Women%20in%20Ali-Askar-Road,%20Bangalore%20&mncatname=Ladies%20Tailors",
"L B Prakash Ladies Dress Makers & Wester Wear","Ebrahim Sahib Street","08025586944","3.4","9 Ratings","Open until 9:30 pm","https://www.justdial.com/Bangalore/L-B-Prakash-Ladies-Dress-Makers-Wester-Wear-Ebrahim-Sahib-Street/080PXX80-XX80-090615105559-S6V5_BZDET?ncatid=10470288&area=Ali%20Askar%20Road&search=%20Tailors%20For%20Women%20in%20Ali-Askar-Road,%20Bangalore%20&mncatname=Ladies%20Tailors",
"Ever Green Fancy Boutique","Matman Lane Shivaji Nagar","09901846617","3.2","9 Ratings","Opens at 10:00 am tomorrow17 Years in Business","https://www.justdial.com/Bangalore/Ever-Green-Fancy-Boutique-Lakshmi-Gallery-Shivaji-Nagar/080PXX80-XX80-180830182450-B7Q5_BZDET?ncatid=10470288&area=Ali%20Askar%20Road&search=%20Tailors%20For%20Women%20in%20Ali-Askar-Road,%20Bangalore%20&mncatname=Ladies%20Tailors",
"Raghavendra Tailors","Pillai Street Commercial Street","09448089615","4.3","8 Ratings","Opens at 10:00 am tomorrow36 Years in Business","https://www.justdial.com/Bangalore/Raghavendra-Tailors-Commercial-Street/080P5149381_BZDET?ncatid=10470288&area=Ali%20Askar%20Road&search=%20Tailors%20For%20Women%20in%20Ali-Askar-Road,%20Bangalore%20&mncatname=Ladies%20Tailors",
"Kangan Designers Boutique","St Johns Road","08025590535","4.3","8 Ratings","14 Years in Business","https://www.justdial.com/Bangalore/Kangan-Designers-Boutique-Opp-Innovations-St-Johns-Road/080PXX80-XX80-090918164706-N6S3_BZDET?ncatid=10470288&area=Ali%20Askar%20Road&search=%20Tailors%20For%20Women%20in%20Ali-Askar-Road,%20Bangalore%20&mncatname=Ladies%20Tailors",
"Arihant Designer Uniq","Jm Road Avenue Road","08042094114","4.2","8 Ratings","Opens at 11:00 am tomorrow13 Years in Business","https://www.justdial.com/Bangalore/Arihant-Designer-Uniq-Near-TO-GANESHA-TEMPLE-Avenue-Road/080PXX80-XX80-171223124016-V7V7_BZDET?ncatid=10470288&area=Ali%20Askar%20Road&search=%20Tailors%20For%20Women%20in%20Ali-Askar-Road,%20Bangalore%20&mncatname=Ladies%20Tailors",
"Aaina Commercial Street","Ebrahim Sahib Street","08025320181","2.6","8 Ratings","Open until 9:30 pm","https://www.justdial.com/Bangalore/Aaina-Commercial-Street-Parallel-To-Commercial-Street-Ebrahim-Sahib-Street/080P4300651_BZDET?ncatid=10470288&area=Ali%20Askar%20Road&search=%20Tailors%20For%20Women%20in%20Ali-Askar-Road,%20Bangalore%20&mncatname=Ladies%20Tailors",
"Sapthagiri Ladies Dress Makers","Koil Street Commercial Street","09480777797","4.5","7 Ratings","Opens at 11:30 am tomorrow23 Years in Business","https://www.justdial.com/Bangalore/Sapthagiri-Ladies-Dress-Makers-Opp-Anand-Sweets-Commercial-Street/080PXX80-XX80-120927123313-D4N9_BZDET?ncatid=10470288&area=Ali%20Askar%20Road&search=%20Tailors%20For%20Women%20in%20Ali-Askar-Road,%20Bangalore%20&mncatname=Ladies%20Tailors",
"Paradise The Design Boutique","St. John Church Road Frazer Town","09844125994","4.4","7 Ratings","Opens at 11:00 am tomorrow48 Years in Business","https://www.justdial.com/Bangalore/Paradise-The-Design-Boutique-Opp-Santosh-Diagnostic-Centre-Frazer-Town/080PXX80-XX80-160302124727-H4X3_BZDET?ncatid=10470288&area=Ali%20Askar%20Road&search=%20Tailors%20For%20Women%20in%20Ali-Askar-Road,%20Bangalore%20&mncatname=Ladies%20Tailors",
"Aarna","Serpentine Road Kumara Park West","08023463377","4.2","7 Ratings","Opens at 11:00 am tomorrow11 Years in Business","https://www.justdial.com/Bangalore/Aarna-Near-Gullus-Chats-Kumara-Park-West/080PXX80-XX80-120910173135-X1B9_BZDET?ncatid=10470288&area=Ali%20Askar%20Road&search=%20Tailors%20For%20Women%20in%20Ali-Askar-Road,%20Bangalore%20&mncatname=Ladies%20Tailors",
"Chetan's Tailors","Road Commercial Street","08025580540","3.8","7 Ratings","Opens at 11:00 am tomorrow31 Years in Business","https://www.justdial.com/Bangalore/Chetans-Tailors-Opposite-To-Keb-Office-Commercial-Street/080PXX80-XX80-131220131922-B6D1_BZDET?ncatid=10470288&area=Ali%20Askar%20Road&search=%20Tailors%20For%20Women%20in%20Ali-Askar-Road,%20Bangalore%20&mncatname=Ladies%20Tailors",
"Noorain Ladies Tailor","Mudaliar Street Shivaji Nagar","09019598981","3.4","7 Ratings","Open until 10:00 pm","https://www.justdial.com/Bangalore/Noorain-Ladies-Tailor-Near-to-Nalini-Silks-Shivaji-Nagar/080PXX80-XX80-190124162229-G7L5_BZDET?ncatid=10470288&area=Ali%20Askar%20Road&search=%20Tailors%20For%20Women%20in%20Ali-Askar-Road,%20Bangalore%20&mncatname=Ladies%20Tailors",
"Designer Boutique N Ladies Tailor Wala","Commercial Street Police Station-Shivaji Naga","09886443039","4.2","6 Ratings","Opens at 11:00 am tomorrow21 Years in Business","https://www.justdial.com/Bangalore/Designer-Boutique-N-Ladies-Tailor-Wala-Near-Commercial-Commercial-Street-Police-Station-Shivaji-Naga/080PXX80-XX80-140806103626-U2F2_BZDET?ncatid=10470288&area=Ali%20Askar%20Road&search=%20Tailors%20For%20Women%20in%20Ali-Askar-Road,%20Bangalore%20&mncatname=Ladies%20Tailors",
"Madeeha Ladies Tailors","Plaza Ground Floor Bangalore Gpo","09916094403","4.0","6 Ratings","Open until 9:30 pm","https://www.justdial.com/Bangalore/Madeeha-Ladies-Tailors-Next-To-Jumma-Masjid-Bangalore-Gpo/080PXX80-XX80-140610121143-Q6M7_BZDET?ncatid=10470288&area=Ali%20Askar%20Road&search=%20Tailors%20For%20Women%20in%20Ali-Askar-Road,%20Bangalore%20&mncatname=Ladies%20Tailors",
"Elegance","Temple Road Malleswaram","09740659374","3.8","6 Ratings","Opens at 10:00 am tomorrow15 Years in Business","https://www.justdial.com/Bangalore/Elegance-Oop-Ganesha-Temple-Malleswaram/080PXX80-XX80-090514153841-C5E6_BZDET?ncatid=10470288&area=Ali%20Askar%20Road&search=%20Tailors%20For%20Women%20in%20Ali-Askar-Road,%20Bangalore%20&mncatname=Ladies%20Tailors",
"B V Babu Rao & Sons","95 Dispensary Road","08025913100","3.6","6 Ratings","Open until 9:30 pm","https://www.justdial.com/Bangalore/B-V-Babu-Rao-Sons-Dispensary-Road/080PXX80-XX80-140118095646-F9T8_BZDET?ncatid=10470288&area=Ali%20Askar%20Road&search=%20Tailors%20For%20Women%20in%20Ali-Askar-Road,%20Bangalore%20&mncatname=Ladies%20Tailors",
"Ayesha Collection","Ebrahim Sahib Street","08041239567","2.8","6 Ratings","Opens at 9:30 am tomorrow","https://www.justdial.com/Bangalore/Ayesha-Collection-Next-To-Vishnu-Sagar-Ebrahim-Sahib-Street/080PF005098_BZDET?ncatid=10470288&area=Ali%20Askar%20Road&search=%20Tailors%20For%20Women%20in%20Ali-Askar-Road,%20Bangalore%20&mncatname=Ladies%20Tailors",
"White Weaves","BVK Iyengar Road","09901290432","5.0","5 Ratings","Opens at 9:00 am tomorrow","https://www.justdial.com/Bangalore/White-Weaves-BVK-Iyengar-Road/080PXX80-XX80-180528213534-V9X5_BZDET?ncatid=10470288&area=Ali%20Askar%20Road&search=%20Tailors%20For%20Women%20in%20Ali-Askar-Road,%20Bangalore%20&mncatname=Ladies%20Tailors",
"De La Couture","Street Commercial Street","08147918566","4.9","5 Ratings","Opens at 11:00 am tomorrow17 Years in Business","https://www.justdial.com/Bangalore/De-La-Couture-Near-Max-Showroom-Commercial-Street/080PXX80-XX80-151212124144-V8P2_BZDET?ncatid=10470288&area=Ali%20Askar%20Road&search=%20Tailors%20For%20Women%20in%20Ali-Askar-Road,%20Bangalore%20&mncatname=Ladies%20Tailors",
"Krishna Ladies Tailors","Bengaluru Anchepet","08025975519","4.6","5 Ratings","","https://www.justdial.com/Bangalore/Krishna-Ladies-Tailors-Anchepet/080PXX80-XX80-180307221033-J2J1_BZDET?ncatid=10470288&area=Ali%20Askar%20Road&search=%20Tailors%20For%20Women%20in%20Ali-Askar-Road,%20Bangalore%20&mncatname=Ladies%20Tailors",
"Shankar Rao Tailors","Saheb Street Commercial Street","09341989931","3.6","5 Ratings","Opens at 10:00 am tomorrow28 Years in Business","https://www.justdial.com/Bangalore/Shankar-Rao-Tailors-Opposite-To-Vishnu-Sagar-Hotel-Commercial-Street/080PXX80-XX80-100915185716-G2N4_BZDET?ncatid=10470288&area=Ali%20Askar%20Road&search=%20Tailors%20For%20Women%20in%20Ali-Askar-Road,%20Bangalore%20&mncatname=Ladies%20Tailors",
"Balaji Ladies Tailor","Street Commercial Street","08025586944","3.6","5 Ratings","Open 24 Hrs","https://www.justdial.com/Bangalore/Balaji-Ladies-Tailor-Opposite-Bata-Showroom-Commercial-Street/080PXX80-XX80-120917222831-Z7G6_BZDET?ncatid=10470288&area=Ali%20Askar%20Road&search=%20Tailors%20For%20Women%20in%20Ali-Askar-Road,%20Bangalore%20&mncatname=Ladies%20Tailors",
"Hafza Collection","Street Ebrahim Sahib Street","09945465887","3.3","5 Ratings","Open until 9:30 pm16 Years in Business","https://www.justdial.com/Bangalore/Hafza-Collection-Next-to-Commercial-Street-Police-Station-Ebrahim-Sahib-Street/080P1235817683S3Y1C1_BZDET?ncatid=10470288&area=Ali%20Askar%20Road&search=%20Tailors%20For%20Women%20in%20Ali-Askar-Road,%20Bangalore%20&mncatname=Ladies%20Tailors",
"Sri Akshaya Tailoring","Pillai Street Commercial Street","08041246032","4.9","4 Ratings","Opens at 10:00 am tomorrow13 Years in Business","https://www.justdial.com/Bangalore/Sri-Akshaya-Tailoring-Opposite-Grr-Kalyana-Mantapa-Commercial-Street/080PXX80-XX80-110607170118-U8R5_BZDET?ncatid=10470288&area=Ali%20Askar%20Road&search=%20Tailors%20For%20Women%20in%20Ali-Askar-Road,%20Bangalore%20&mncatname=Ladies%20Tailors",
"Mairaj Collection","Dispensary road Shivaji Nagar","09886102569","4.5","4 Ratings","Opens at 11:00 am tomorrow21 Years in Business","https://www.justdial.com/Bangalore/Mairaj-Collection-Opposite-gitanjali-jwells-Shivaji-Nagar/080P5608501_BZDET?ncatid=10470288&area=Ali%20Askar%20Road&search=%20Tailors%20For%20Women%20in%20Ali-Askar-Road,%20Bangalore%20&mncatname=Ladies%20Tailors",
"Ninety Nine Collection","N P Street Commercial Street","09448903928","4.5","4 Ratings","Opens at 11:30 am tomorrow","https://www.justdial.com/Bangalore/Ninety-Nine-Collection-Commercial-Street/080P1227909295E8T8Z9_BZDET?ncatid=10470288&area=Ali%20Askar%20Road&search=%20Tailors%20For%20Women%20in%20Ali-Askar-Road,%20Bangalore%20&mncatname=Ladies%20Tailors",
"H Y G P Fashion Point","3rd Ebrahim Sahib Street","09019239633","4.5","4 Ratings","Open until 9:30 pm","https://www.justdial.com/Bangalore/H-Y-G-P-Fashion-Point-Ebrahim-Sahib-Street/080PXX80-XX80-170109141631-Z9H3_BZDET?ncatid=10470288&area=Ali%20Askar%20Road&search=%20Tailors%20For%20Women%20in%20Ali-Askar-Road,%20Bangalore%20&mncatname=Ladies%20Tailors",
"Santosh Ladies Tailors","C.J. Road S C Road","08026669121","4.5","4 Ratings","","https://www.justdial.com/Bangalore/Santosh-Ladies-Tailors-S-C-Road/080PXX80-XX80-200630233641-E1Z9_BZDET?ncatid=10470288&area=Ali%20Askar%20Road&search=%20Tailors%20For%20Women%20in%20Ali-Askar-Road,%20Bangalore%20&mncatname=Ladies%20Tailors",
"Ingrid Fashion Studio","Sahib Street Shivaji Nagar","09902341003","4.5","4 Ratings","Open until 9:30 pm8 Years in Business","https://www.justdial.com/Bangalore/Ingrid-Fashion-Studio-Opposite-to-Dupatta-Centre-Shivaji-Nagar/080PXX80-XX80-151028150657-W5W4_BZDET?ncatid=10470288&area=Ali%20Askar%20Road&search=%20Tailors%20For%20Women%20in%20Ali-Askar-Road,%20Bangalore%20&mncatname=Ladies%20Tailors",
"Tanveer Collections","Ebrahim Sahib Street","09620244300","4.3","4 Ratings","Opens at 9:30 am tomorrow","https://www.justdial.com/Bangalore/Tanveer-Collections-Ebrahim-Sahib-Street/080PXX80-XX80-140605144857-C9P6_BZDET?ncatid=10470288&area=Ali%20Askar%20Road&search=%20Tailors%20For%20Women%20in%20Ali-Askar-Road,%20Bangalore%20&mncatname=Ladies%20Tailors",
"New An Alexander","Marappa Garden Jc Nagar","09632707486","4.2","4 Ratings","Open until 11:00 pm","https://www.justdial.com/Bangalore/New-An-Alexander-Jc-Nagar/080PXX80-XX80-180403103210-R5T6_BZDET?ncatid=10470288&area=Ali%20Askar%20Road&search=%20Tailors%20For%20Women%20in%20Ali-Askar-Road,%20Bangalore%20&mncatname=Ladies%20Tailors",
"Ann Clothing","Infantry Road","09663498290","4.0","4 Ratings","Opens at 11:00 am tomorrow9 Years in Business","https://www.justdial.com/Bangalore/Ann-Clothing-Infantry-Road/080PXX80-XX80-140713160034-K7B4_BZDET?ncatid=10470288&area=Ali%20Askar%20Road&search=%20Tailors%20For%20Women%20in%20Ali-Askar-Road,%20Bangalore%20&mncatname=Ladies%20Tailors",
"Sunil Ladies Tailor","Kamaraj Road","09880657726","4.0","4 Ratings","Opens at 10:00 am tomorrow10 Years in Business","https://www.justdial.com/Bangalore/Sunil-Ladies-Tailor-Opposite-to-Varasidhi-Showroom-Next-to-Westside-Mall-Kamaraj-Road/080PXX80-XX80-120925014505-Y4M4_BZDET?ncatid=10470288&area=Ali%20Askar%20Road&search=%20Tailors%20For%20Women%20in%20Ali-Askar-Road,%20Bangalore%20&mncatname=Ladies%20Tailors",
"Valentines Collections","Nagappa Street Palace Guttahalli","08034491224","3.8","4 Ratings","Opens at 9:00 am tomorrow27 Years in Business","https://www.justdial.com/Bangalore/Valentines-Collections-Near-Icici-Bank-ATM-Or-Opp-Sai-Ranga-Tent-House-Palace-Guttahalli/080P1229357047T5P3U9_BZDET?ncatid=10470288&area=Ali%20Askar%20Road&search=%20Tailors%20For%20Women%20in%20Ali-Askar-Road,%20Bangalore%20&mncatname=Ladies%20Tailors",
"Instyle Ladies Tailors","Kamaraj Road","09449786886","3.5","4 Ratings","Opens at 10:00 am tomorrow17 Years in Business","https://www.justdial.com/Bangalore/Instyle-Ladies-Tailors-Near-Commercial-Street-Entrance-Kamaraj-Road/080P5149337_BZDET?ncatid=10470288&area=Ali%20Askar%20Road&search=%20Tailors%20For%20Women%20in%20Ali-Askar-Road,%20Bangalore%20&mncatname=Ladies%20Tailors",
"Anil Ladies Tailor","Golar Lane Commercial Street","09845113104","2.7","4 Ratings","Opens at 10:00 am tomorrow","https://www.justdial.com/Bangalore/Anil-Ladies-Tailor-Nr-Anand-Sweets-Commercial-Street/080P1228334283T5W2L1_BZDET?ncatid=10470288&area=Ali%20Askar%20Road&search=%20Tailors%20For%20Women%20in%20Ali-Askar-Road,%20Bangalore%20&mncatname=Ladies%20Tailors",
"Masoom Fashion","pilley street Commercial Street","09902966280","5.0","3 Ratings","Open until 10:00 pm13 Years in Business","https://www.justdial.com/Bangalore/Masoom-Fashion-Near-spice-mobile-showroom-near-surya-emporium-Commercial-Street/080PXX80-XX80-170503131025-I5E7_BZDET?ncatid=10470288&area=Ali%20Askar%20Road&search=%20Tailors%20For%20Women%20in%20Ali-Askar-Road,%20Bangalore%20&mncatname=Ladies%20Tailors",
"Ri..vaah Boutique","Viva Kumara Park West","09844312222","5.0","3 Ratings","Opens at 10:30 am tomorrow7 Years in Business","https://www.justdial.com/Bangalore/Rivaah-Boutique-Near-BDA-Complex-Kumara-Park-West/080PXX80-XX80-170621181600-U9U7_BZDET?ncatid=10470288&area=Ali%20Askar%20Road&search=%20Tailors%20For%20Women%20in%20Ali-Askar-Road,%20Bangalore%20&mncatname=Ladies%20Tailors",
"Kiran Ladies Tailor","Tasker Town Shivaji Nagar","08025580084","5.0","3 Ratings","Open until 10:30 pm","https://www.justdial.com/Bangalore/Kiran-Ladies-Tailor-Sri-Venkateshwara-Textiles-Shivaji-Nagar/080PXX80-XX80-140509130122-N7Z6_BZDET?ncatid=10470288&area=Ali%20Askar%20Road&search=%20Tailors%20For%20Women%20in%20Ali-Askar-Road,%20Bangalore%20&mncatname=Ladies%20Tailors",
"Santosh Tailors","B.V.K Iyengar Road Chickpete","08022287858","5.0","3 Ratings","Opens at 10:00 am tomorrow","https://www.justdial.com/Bangalore/Santosh-Tailors-Rangaswamy-Temple-St-Chickpete/080PXX80-XX80-140514131136-P8F3_BZDET?ncatid=10470288&area=Ali%20Askar%20Road&search=%20Tailors%20For%20Women%20in%20Ali-Askar-Road,%20Bangalore%20&mncatname=Ladies%20Tailors",
"Roopa Ladies Tailor","Sahib Street Shivaji Nagar","09632153100","4.6","3 Ratings","Opens at 10:30 am tomorrow","https://www.justdial.com/Bangalore/Roopa-Ladies-Tailor-Shivaji-Nagar/080PXX80-XX80-120919182306-X1D6_BZDET?ncatid=10470288&area=Ali%20Askar%20Road&search=%20Tailors%20For%20Women%20in%20Ali-Askar-Road,%20Bangalore%20&mncatname=Ladies%20Tailors",
"M A Fashion Wear","Street Narayan Pillai Street","08660485025","4.6","3 Ratings","Opens at 10:30 am tomorrow","https://www.justdial.com/Bangalore/M-A-Fashion-Wear-Opposite-to-Sri-Balaji-Coper-Narayan-Pillai-Street/080PXX80-XX80-190328130425-N2D8_BZDET?ncatid=10470288&area=Ali%20Askar%20Road&search=%20Tailors%20For%20Women%20in%20Ali-Askar-Road,%20Bangalore%20&mncatname=Ladies%20Tailors",
"Swathi","Gollar Lane Commercial Street","08025582996","4.5","3 Ratings","Opens at 9:00 am tomorrow30 Years in Business","https://www.justdial.com/Bangalore/Swathi-Commercial-Street/080PXX80-XX80-140717164933-N3F4_BZDET?ncatid=10470288&area=Ali%20Askar%20Road&search=%20Tailors%20For%20Women%20in%20Ali-Askar-Road,%20Bangalore%20&mncatname=Ladies%20Tailors",
"Mubarak Fashion","3rd Crs Commercial Street","06362645823","4.3","3 Ratings","Opens at 11:30 am tomorrow","https://www.justdial.com/Bangalore/Mubarak-Fashion-Commercial-Street/080P1227960978N9J4Y1_BZDET?ncatid=10470288&area=Ali%20Askar%20Road&search=%20Tailors%20For%20Women%20in%20Ali-Askar-Road,%20Bangalore%20&mncatname=Ladies%20Tailors",
"STICH WILL ladies tailor","Haines Road Shivaji Nagar","09008778644","4.3","3 Ratings","","https://www.justdial.com/Bangalore/STICH-WILL-ladies-tailor-Near-tamil-weasly-charch-beside-karpaliama-temple-Shivaji-Nagar/080PXX80-XX80-130709173017-W1I7_BZDET?ncatid=10470288&area=Ali%20Askar%20Road&search=%20Tailors%20For%20Women%20in%20Ali-Askar-Road,%20Bangalore%20&mncatname=Ladies%20Tailors",
"Arun Dress Makers","Nm Street Commercial Street","09880210610","4.3","3 Ratings","Opens at 10:30 am tomorrow13 Years in Business","https://www.justdial.com/Bangalore/Arun-Dress-Makers-Near-Saravana-Bhavan-Commercial-Street/080PXX80-XX80-190918192215-R1G1_BZDET?ncatid=10470288&area=Ali%20Askar%20Road&search=%20Tailors%20For%20Women%20in%20Ali-Askar-Road,%20Bangalore%20&mncatname=Ladies%20Tailors",
"Jeevan Dresses Ladies Tailoring","2nd Cross Commercial Street","08618462372","4.3","3 Ratings","Open until 9:30 pm","https://www.justdial.com/Bangalore/Jeevan-Dresses-Ladies-Tailoring-Commercial-Street/080PXX80-XX80-110226121039-K4F6_BZDET?ncatid=10470288&area=Ali%20Askar%20Road&search=%20Tailors%20For%20Women%20in%20Ali-Askar-Road,%20Bangalore%20&mncatname=Ladies%20Tailors",
"Aada Boutique","Kemp Road Frazer Town","08660085842","4.3","3 Ratings","Opens at 11:00 am tomorrow9 Years in Business","https://www.justdial.com/Bangalore/Aada-Boutique-Behind-Coles-Park-Road-Frazer-Town/080PXX80-XX80-160120191228-X6L8_BZDET?ncatid=10470288&area=Ali%20Askar%20Road&search=%20Tailors%20For%20Women%20in%20Ali-Askar-Road,%20Bangalore%20&mncatname=Ladies%20Tailors",
"Suresh Ladies Dress Makers","Road Cross Dispensary Road","09591935222","4.3","3 Ratings","Opens at 10:30 am tomorrow","https://www.justdial.com/Bangalore/Suresh-Ladies-Dress-Makers-Kptcl-Office-Opposite-Cross-Dispensary-Road/080PXX80-XX80-161129155209-E2V8_BZDET?ncatid=10470288&area=Ali%20Askar%20Road&search=%20Tailors%20For%20Women%20in%20Ali-Askar-Road,%20Bangalore%20&mncatname=Ladies%20Tailors",
"Sohum Creations","Commercial Street","09900169212","4.3","3 Ratings","Opens at 8:00 am tomorrow","https://www.justdial.com/Bangalore/Sohum-Creations-Opp-to-Ashoks-Plaza-Commercial-Street/080PXX80-XX80-190311152204-H4E8_BZDET?ncatid=10470288&area=Ali%20Askar%20Road&search=%20Tailors%20For%20Women%20in%20Ali-Askar-Road,%20Bangalore%20&mncatname=Ladies%20Tailors",
"Ayesha Collection","Pillai Street Commercial Street","09686128883","4.0","3 Ratings","","https://www.justdial.com/Bangalore/Ayesha-Collection-Commercial-Street-3rd-Cross-Commercial-Street/080PXX80-XX80-110108025610-Q7E2_BZDET?ncatid=10470288&area=Ali%20Askar%20Road&search=%20Tailors%20For%20Women%20in%20Ali-Askar-Road,%20Bangalore%20&mncatname=Ladies%20Tailors",
"Bollywood Collection","Raja Koil Street Shivaji Nagar","07019935126","3.7","3 Ratings","Open until 10:00 pm10 Years in Business","https://www.justdial.com/Bangalore/Bollywood-Collection-Opp-to-Slisila-Shivaji-Nagar/080PXX80-XX80-140707161853-U8C8_BZDET?ncatid=10470288&area=Ali%20Askar%20Road&search=%20Tailors%20For%20Women%20in%20Ali-Askar-Road,%20Bangalore%20&mncatname=Ladies%20Tailors",
"Shilpa Ladies Dress Maker","2nd Cross Commercial Street","07259201605","3.6","3 Ratings","Opens at 9:30 am tomorrow","https://www.justdial.com/Bangalore/Shilpa-Ladies-Dress-Maker-Commercial-Street/080PXX80-XX80-120707011400-K2S1_BZDET?ncatid=10470288&area=Ali%20Askar%20Road&search=%20Tailors%20For%20Women%20in%20Ali-Askar-Road,%20Bangalore%20&mncatname=Ladies%20Tailors",
"Asian Fashion Stores","3rd Cross Commercial Street","08042230614","3.0","3 Ratings","Opens at 9:00 am tomorrow","https://www.justdial.com/Bangalore/Asian-Fashion-Stores-Commercial-Street/080P4002369_BZDET?ncatid=10470288&area=Ali%20Askar%20Road&search=%20Tailors%20For%20Women%20in%20Ali-Askar-Road,%20Bangalore%20&mncatname=Ladies%20Tailors",
"Jaipur Cottons","Street Commercial Street","09986182844","2.8","3 Ratings","Open until 9:30 pm10 Years in Business","https://www.justdial.com/Bangalore/Jaipur-Cottons-Next-to-Mysore-Silk-Udyog-Commercial-Street/080PXX80-XX80-140707152726-E5G5_BZDET?ncatid=10470288&area=Ali%20Askar%20Road&search=%20Tailors%20For%20Women%20in%20Ali-Askar-Road,%20Bangalore%20&mncatname=Ladies%20Tailors",
"Pride Tailors","1st Crs Commercial Street","09341989931","2.7","3 Ratings","Opens at 10:00 am tomorrow","https://www.justdial.com/Bangalore/Pride-Tailors-Commercial-Street/080P5149377_BZDET?ncatid=10470288&area=Ali%20Askar%20Road&search=%20Tailors%20For%20Women%20in%20Ali-Askar-Road,%20Bangalore%20&mncatname=Ladies%20Tailors",
"Good Look","Ebrahim Sahib Street","09945744304","2.6","3 Ratings","Open until 10:00 pm11 Years in Business","https://www.justdial.com/Bangalore/Good-Look-Behind-Duppata-Centre-Ebrahim-Sahib-Street/080P1228284213F1N1L7_BZDET?ncatid=10470288&area=Ali%20Askar%20Road&search=%20Tailors%20For%20Women%20in%20Ali-Askar-Road,%20Bangalore%20&mncatname=Ladies%20Tailors",
"Muskan Fashion Tailor","No. G6 Commercial Street","09632837564","5.0","2 Ratings","Open until 9:30 pm","https://www.justdial.com/Bangalore/Muskan-Fashion-Tailor-Near-Dupatta-Centre-Commercial-Street/080PXX80-XX80-140417113105-M6G8_BZDET?ncatid=10470288&area=Ali%20Askar%20Road&search=%20Tailors%20For%20Women%20in%20Ali-Askar-Road,%20Bangalore%20&mncatname=Ladies%20Tailors",
"Yasmin's","Saheb Street Commercial Street","08748012381","5.0","2 Ratings","Opens at 11:00 am tomorrow24 Years in Business","https://www.justdial.com/Bangalore/Yasmins-Next-to-Bazarcom-Commercial-Street/080PXX80-XX80-121107134018-V2L5_BZDET?ncatid=10470288&area=Ali%20Askar%20Road&search=%20Tailors%20For%20Women%20in%20Ali-Askar-Road,%20Bangalore%20&mncatname=Ladies%20Tailors",
"Pissay - The Red Carpet Boutique","1st Main Road Sampangiramnagar","09731200012","5.0","2 Ratings","Open until 10:00 pm22 Years in Business","https://www.justdial.com/Bangalore/Pissay-The-Red-Carpet-Boutique-Near-Ganapathi-Temple-Sampangiramnagar/080PXX80-XX80-190627155614-R3R5_BZDET?ncatid=10470288&area=Ali%20Askar%20Road&search=%20Tailors%20For%20Women%20in%20Ali-Askar-Road,%20Bangalore%20&mncatname=Ladies%20Tailors",
"Eswara Ladies Tailor","Rukmaji Lane Chickpete","08041220069","5.0","2 Ratings","Opens at 10:00 am tomorrow9 Years in Business","https://www.justdial.com/Bangalore/Eswara-Ladies-Tailor-Balepet-Cross-Chickpete/080PXX80-XX80-180220054039-R6S1_BZDET?ncatid=10470288&area=Ali%20Askar%20Road&search=%20Tailors%20For%20Women%20in%20Ali-Askar-Road,%20Bangalore%20&mncatname=Ladies%20Tailors",
"Khatokar & Sons","No.20/1 Kumara Park West","08023340968","4.7","2 Ratings","Opens at 10:00 am tomorrow62 Years in Business","https://www.justdial.com/Bangalore/Khatokar-Sons-Opp-Reddy-Petrol-Bunk-Kumara-Park-West/080PXX80-XX80-110909172533-S7V1_BZDET?ncatid=10470288&area=Ali%20Askar%20Road&search=%20Tailors%20For%20Women%20in%20Ali-Askar-Road,%20Bangalore%20&mncatname=Ladies%20Tailors",
"Syed's Ladies Tailors","Pillau Street Shivaji Nagar","07019896908","4.7","2 Ratings","Opens at 10:30 am tomorrow","https://www.justdial.com/Bangalore/Syeds-Ladies-Tailors-Near-Commercial-Street-3rd-Cross-Shivaji-Nagar/080PXX80-XX80-110622141455-K4X1_BZDET?ncatid=10470288&area=Ali%20Askar%20Road&search=%20Tailors%20For%20Women%20in%20Ali-Askar-Road,%20Bangalore%20&mncatname=Ladies%20Tailors",
"New creation ladies tailors","","09886063945","4.5","2 Ratings","","https://www.justdial.com/Bangalore/New-creation-ladies-tailors/080PXX80-XX80-160401160739-H6K7_BZDET?ncatid=10470288&area=Ali%20Askar%20Road&search=%20Tailors%20For%20Women%20in%20Ali-Askar-Road,%20Bangalore%20&mncatname=Ladies%20Tailors",
"Navarang Boutique","Sahib Street Shivaji Nagar","08025595566","4.5","2 Ratings","Opens at 10:00 am tomorrow8 Years in Business","https://www.justdial.com/Bangalore/Navarang-Boutique-Near-S-R-Bakery-Shivaji-Nagar/080PXX80-XX80-160118175052-X2Y3_BZDET?ncatid=10470288&area=Ali%20Askar%20Road&search=%20Tailors%20For%20Women%20in%20Ali-Askar-Road,%20Bangalore%20&mncatname=Ladies%20Tailors",
"Armani Boutique","9th Cross Jayamahal Extension","09241731551","4.5","2 Ratings","Opens at 10:00 am tomorrow9 Years in Business","https://www.justdial.com/Bangalore/Armani-Boutique-Opposite-Dhruvdesh-Honda-Service-Centre-Jayamahal-Extension/080PXX80-XX80-140720155252-M1L5_BZDET?ncatid=10470288&area=Ali%20Askar%20Road&search=%20Tailors%20For%20Women%20in%20Ali-Askar-Road,%20Bangalore%20&mncatname=Ladies%20Tailors",
"Samson Tailors","Mohalla Street Commercial Street","08041227354","4.5","2 Ratings","Opens at 9:30 am tomorrow","https://www.justdial.com/Bangalore/Samson-Tailors-Commercial-Street/080PXX80-XX80-100602104228-X7C8_BZDET?ncatid=10470288&area=Ali%20Askar%20Road&search=%20Tailors%20For%20Women%20in%20Ali-Askar-Road,%20Bangalore%20&mncatname=Ladies%20Tailors",
"Vinayaka Boutique","#669","09743500346","4.5","2 Ratings","Open until 9:30 pm7 Years in Business","https://www.justdial.com/Bangalore/Vinayaka-Boutique-NEAR-PAVITRA-PARADISE-OPP-UGADI-HOTEL/080PXX80-XX80-170209172737-K4B9_BZDET?ncatid=10470288&area=Ali%20Askar%20Road&search=%20Tailors%20For%20Women%20in%20Ali-Askar-Road,%20Bangalore%20&mncatname=Ladies%20Tailors",
"Lakshmanrao","Ggd Ln Avenue Road","09844152776","4.5","2 Ratings","Opens at 10:00 am tomorrow","https://www.justdial.com/Bangalore/Lakshmanrao-Avenue-Road/080P5149344_BZDET?ncatid=10470288&area=Ali%20Askar%20Road&search=%20Tailors%20For%20Women%20in%20Ali-Askar-Road,%20Bangalore%20&mncatname=Ladies%20Tailors",
"An Nur Ladies Boutique","Jumma Masjid Aroad Shivaji Nagar","08032486244","4.0","2 Ratings","Open until 10:00 pm21 Years in Business","https://www.justdial.com/Bangalore/An-Nur-Ladies-Boutique-Near-Jumma-Masjid-Shivaji-Nagar/080PXX80-XX80-160317161530-J5P9_BZDET?ncatid=10470288&area=Ali%20Askar%20Road&search=%20Tailors%20For%20Women%20in%20Ali-Askar-Road,%20Bangalore%20&mncatname=Ladies%20Tailors",
"Designer For The Women Of Today","Mudraya Street Commercial Street","09108466668","4.0","2 Ratings","Opens at 12:00 pm tomorrow","https://www.justdial.com/Bangalore/Designer-For-The-Women-Of-Today-Commercial-Street/080P1223976854V8A5P8_BZDET?ncatid=10470288&area=Ali%20Askar%20Road&search=%20Tailors%20For%20Women%20in%20Ali-Askar-Road,%20Bangalore%20&mncatname=Ladies%20Tailors",
"New Vishwas Fashion","6th Cross Palace Guttahalli","09845298839","4.0","2 Ratings","Opens at 9:00 am tomorrow14 Years in Business","https://www.justdial.com/Bangalore/New-Vishwas-Fashion-Near-Vinayaka-Circle-OPP-to-Jyothi-Bakery-Palace-Guttahalli/080PXX80-XX80-130302145921-I9W3_BZDET?ncatid=10470288&area=Ali%20Askar%20Road&search=%20Tailors%20For%20Women%20in%20Ali-Askar-Road,%20Bangalore%20&mncatname=Ladies%20Tailors",
"Amarnath Tailor","No.9 Commercial Street","08025553609","4.0","2 Ratings","Opens at 9:30 am tomorrow","https://www.justdial.com/Bangalore/Amarnath-Tailor-Near-Sri-Raj-Lasie-Bar-Commercial-Street/080P8002317_BZDET?ncatid=10470288&area=Ali%20Askar%20Road&search=%20Tailors%20For%20Women%20in%20Ali-Askar-Road,%20Bangalore%20&mncatname=Ladies%20Tailors",
"MS Ladies Tailor","pearl plaza Kempegowda Road","09380749681","4.0","2 Ratings","Opens at 10:00 am tomorrow11 Years in Business","https://www.justdial.com/Bangalore/MS-Ladies-Tailor-Near-Santhosh-theatre-Alankar-plaza-Kempegowda-Road/080P1227687655P7U6Q5_BZDET?ncatid=10470288&area=Ali%20Askar%20Road&search=%20Tailors%20For%20Women%20in%20Ali-Askar-Road,%20Bangalore%20&mncatname=Ladies%20Tailors",
"Excellent Fashion","Street Shivaji Nagar","09113924737","3.5","2 Ratings","Opens at 9:30 am tomorrow","https://www.justdial.com/Bangalore/Excellent-Fashion-Near-Silsila-Garments-Shivaji-Nagar/080P8002470_BZDET?ncatid=10470288&area=Ali%20Askar%20Road&search=%20Tailors%20For%20Women%20in%20Ali-Askar-Road,%20Bangalore%20&mncatname=Ladies%20Tailors",
"Fouzia Dupatta Choice","Street Ebrahim Sahib Street","09738189052","3.5","2 Ratings","Opens at 10:30 am tomorrow38 Years in Business","https://www.justdial.com/Bangalore/Fouzia-Dupatta-Choice-Opposite-to-Vysya-Bank-Ebrahim-Sahib-Street/080PXX80-XX80-100205114225-G8W6_BZDET?ncatid=10470288&area=Ali%20Askar%20Road&search=%20Tailors%20For%20Women%20in%20Ali-Askar-Road,%20Bangalore%20&mncatname=Ladies%20Tailors",
"Ameen Ladies Tailor","Pillar Street Commercial Street","09342232842","3.5","2 Ratings","Opens at 10:00 am tomorrow19 Years in Business","https://www.justdial.com/Bangalore/Ameen-Ladies-Tailor-Near-Commercial-Street-Cross-Commercial-Street/080PXX80-XX80-120502141317-U2Z1_BZDET?ncatid=10470288&area=Ali%20Askar%20Road&search=%20Tailors%20For%20Women%20in%20Ali-Askar-Road,%20Bangalore%20&mncatname=Ladies%20Tailors",
"Suhana Designer","Mudlair Street Commercial Street","09535225725","3.5","2 Ratings","Opens at 9:30 am tomorrow27 Years in Business","https://www.justdial.com/Bangalore/Suhana-Designer-Commercial-Street-2nd-Cross-Commercial-Street/080PXX80-XX80-110204000404-F1R1_BZDET?ncatid=10470288&area=Ali%20Askar%20Road&search=%20Tailors%20For%20Women%20in%20Ali-Askar-Road,%20Bangalore%20&mncatname=Ladies%20Tailors",
"Divaa Collection","Pillai Street Commercial Street","08025598570","3.5","2 Ratings","Opens at 10:00 am tomorrow","https://www.justdial.com/Bangalore/Divaa-Collection-Commercial-Street/080P1227949453Y9A3U7_BZDET?ncatid=10470288&area=Ali%20Askar%20Road&search=%20Tailors%20For%20Women%20in%20Ali-Askar-Road,%20Bangalore%20&mncatname=Ladies%20Tailors",
"Zaians Boutique","Street Shivaji Nagar","09341916266","3.5","2 Ratings","Opens at 10:30 am tomorrow13 Years in Business","https://www.justdial.com/Bangalore/Zaians-Boutique-Opposite-St-Francis-Xaviers-Church-Road-Shivaji-Nagar/080PXX80-XX80-140115191458-R1B6_BZDET?ncatid=10470288&area=Ali%20Askar%20Road&search=%20Tailors%20For%20Women%20in%20Ali-Askar-Road,%20Bangalore%20&mncatname=Ladies%20Tailors",
"Naaz Fashion","National plaza Residency Road","09880938837","3.5","2 Ratings","Opens at 10:30 am tomorrow","https://www.justdial.com/Bangalore/Naaz-Fashion-Opp-to-St-Patrick-church-Residency-Road/080PXX80-XX80-130814142129-X6F9_BZDET?ncatid=10470288&area=Ali%20Askar%20Road&search=%20Tailors%20For%20Women%20in%20Ali-Askar-Road,%20Bangalore%20&mncatname=Ladies%20Tailors",
"Kishen Ladies Tailor","Laxman Rao Road Chickpete","08025975519","3.5","2 Ratings","Opens at 12:30 pm tomorrow","https://www.justdial.com/Bangalore/Kishen-Ladies-Tailor-Chickpete/080PXX80-XX80-110510154858-R4V4_BZDET?ncatid=10470288&area=Ali%20Askar%20Road&search=%20Tailors%20For%20Women%20in%20Ali-Askar-Road,%20Bangalore%20&mncatname=Ladies%20Tailors",
"Shalini Tailor","Quadrant Circle Shivaji Nagar","08884566852","3.0","2 Ratings","Opens at 10:00 am tomorrow","https://www.justdial.com/Bangalore/Shalini-Tailor-Shivaji-Nagar/080P1227312484T8E8P7_BZDET?ncatid=10470288&area=Ali%20Askar%20Road&search=%20Tailors%20For%20Women%20in%20Ali-Askar-Road,%20Bangalore%20&mncatname=Ladies%20Tailors",
"Asmarah Couture","Main Road Seshadripuram","09986070025","3.0","2 Ratings","Opens at 11:00 am tomorrow6 Years in Business","https://www.justdial.com/Bangalore/Asmarah-Couture-Opp-to-Sanman-Canteen-Seshadripuram/080PXX80-XX80-180411211636-W9A4_BZDET?ncatid=10470288&area=Ali%20Askar%20Road&search=%20Tailors%20For%20Women%20in%20Ali-Askar-Road,%20Bangalore%20&mncatname=Ladies%20Tailors",
"Areena Fashion Point","Pillai Street Shivaji Nagar","09886550740","3.0","2 Ratings","Opens at 10:00 am tomorrow","https://www.justdial.com/Bangalore/Areena-Fashion-Point-Shivaji-Nagar/080P4002371_BZDET?ncatid=10470288&area=Ali%20Askar%20Road&search=%20Tailors%20For%20Women%20in%20Ali-Askar-Road,%20Bangalore%20&mncatname=Ladies%20Tailors",
"Princess Collection","Ebrahim Sahib Street","09844559009","3.0","2 Ratings","Opens at 9:30 am tomorrow","https://www.justdial.com/Bangalore/Princess-Collection-Opp-to-Under-Wear-World-Ebrahim-Sahib-Street/080P4305762_BZDET?ncatid=10470288&area=Ali%20Askar%20Road&search=%20Tailors%20For%20Women%20in%20Ali-Askar-Road,%20Bangalore%20&mncatname=Ladies%20Tailors",
"A M Khan And Sons","Street Commercial Street","09986630699","3.0","2 Ratings","Opens at 3:00 pm tomorrow56 Years in Business","https://www.justdial.com/Bangalore/A-M-Khan-And-Sons-Near-Prestige-Commercial-Street/080PXX80-XX80-121107160521-D8B1_BZDET?ncatid=10470288&area=Ali%20Askar%20Road&search=%20Tailors%20For%20Women%20in%20Ali-Askar-Road,%20Bangalore%20&mncatname=Ladies%20Tailors",
"Mariam Ladies Tailors","Street Commercial Street","09341989931","3.0","2 Ratings","Opens at 10:00 am tomorrow","https://www.justdial.com/Bangalore/Mariam-Ladies-Tailors-Opposite-New-City-Centre-Commercial-Street/080PXX80-XX80-170316044708-B7Y9_BZDET?ncatid=10470288&area=Ali%20Askar%20Road&search=%20Tailors%20For%20Women%20in%20Ali-Askar-Road,%20Bangalore%20&mncatname=Ladies%20Tailors",
"New Queens Stitch Well","Sonappa Block Jc Nagar","08023330088","3.0","2 Ratings","Opens at 10:30 am tomorrow23 Years in Business","https://www.justdial.com/Bangalore/New-Queens-Stitch-Well-Near-Church-Road-Jc-Nagar/080PXX80-XX80-120102154017-F3T8_BZDET?ncatid=10470288&area=Ali%20Askar%20Road&search=%20Tailors%20For%20Women%20in%20Ali-Askar-Road,%20Bangalore%20&mncatname=Ladies%20Tailors",
"Mcn Stitch Wear","Pipe line main road Malleswaram","09164786096","3.0","2 Ratings","Open until 9:00 pm28 Years in Business","https://www.justdial.com/Bangalore/Mcn-Stitch-Wear-Near-Malleshwaram-Big-Bazaar-Malleswaram/080PXX80-XX80-151125170852-M6S3_BZDET?ncatid=10470288&area=Ali%20Askar%20Road&search=%20Tailors%20For%20Women%20in%20Ali-Askar-Road,%20Bangalore%20&mncatname=Ladies%20Tailors",
"Smart Look","Siddanna Lane Cross Nagarathpet","09739503859","2.8","2 Ratings","Open until 10:00 pm","https://www.justdial.com/Bangalore/Smart-Look-Next-lane-to-Jain-Mandir-Nagarathpet/080PXX80-XX80-130426121727-P2T8_BZDET?ncatid=10470288&area=Ali%20Askar%20Road&search=%20Tailors%20For%20Women%20in%20Ali-Askar-Road,%20Bangalore%20&mncatname=Ladies%20Tailors",
"Kapali Tailors","Rama Nagar Sampangiramnagar","07795636045","2.5","2 Ratings","Open until 9:30 pm","https://www.justdial.com/Bangalore/Kapali-Tailors-Kumara-Park-East-Sampangiramnagar/080PXX80-XX80-140514130924-S1I9_BZDET?ncatid=10470288&area=Ali%20Askar%20Road&search=%20Tailors%20For%20Women%20in%20Ali-Askar-Road,%20Bangalore%20&mncatname=Ladies%20Tailors",
"M G S Tailors","P G Road Jc Nagar","09731264017","2.5","2 Ratings","Opens at 10:00 am tomorrow9 Years in Business","https://www.justdial.com/Bangalore/M-G-S-Tailors-Near-Krishna-BakeryNear-Lucky-Matton-Stall-Jc-Nagar/080PXX80-XX80-110420130130-Y8Y5_BZDET?ncatid=10470288&area=Ali%20Askar%20Road&search=%20Tailors%20For%20Women%20in%20Ali-Askar-Road,%20Bangalore%20&mncatname=Ladies%20Tailors",
"Fashion tailors","commercial street Shivaji Nagar","09845295039","5.0","1 Ratings","Opens at 11:00 am tomorrow48 Years in Business","https://www.justdial.com/Bangalore/Fashion-tailors-Near-to-masjid-Shivaji-Nagar/080PXX80-XX80-150515121110-V5T1_BZDET?ncatid=10470288&area=Ali%20Askar%20Road&search=%20Tailors%20For%20Women%20in%20Ali-Askar-Road,%20Bangalore%20&mncatname=Ladies%20Tailors",
"Poly Tex INDIA","O.K.Road Avenue Road","08022227123","5.0","1 Ratings","Opens at 10:30 am tomorrow8 Years in Business","https://www.justdial.com/Bangalore/Poly-Tex-INDIA-Near-Raja-Market-Avenue-Road/080PXX80-XX80-130729192624-T9X3_BZDET?ncatid=10470288&area=Ali%20Askar%20Road&search=%20Tailors%20For%20Women%20in%20Ali-Askar-Road,%20Bangalore%20&mncatname=Ladies%20Tailors",
"Swathi Tailors","St Cross Commercial Street","09880474713","5.0","1 Ratings","Opens at 10:30 am tomorrow31 Years in Business","https://www.justdial.com/Bangalore/Swathi-Tailors-Near-Anand-Sweets-Commercial-Street/080PXX80-XX80-111107122313-T6H7_BZDET?ncatid=10470288&area=Ali%20Askar%20Road&search=%20Tailors%20For%20Women%20in%20Ali-Askar-Road,%20Bangalore%20&mncatname=Ladies%20Tailors",
"King Parks Mens Wear","8th Main Vasanth Nagar","08022286886","5.0","1 Ratings","Open until 8:00 am","https://www.justdial.com/Bangalore/King-Parks-Mens-Wear-Vasanth-Nagar/080P5149508_BZDET?ncatid=10470288&area=Ali%20Askar%20Road&search=%20Tailors%20For%20Women%20in%20Ali-Askar-Road,%20Bangalore%20&mncatname=Ladies%20Tailors",
"Praveen Ladies Tailors","","09986444486","5.0","1 Ratings","","https://www.justdial.com/Bangalore/Praveen-Ladies-Tailors/080PXX80-XX80-140807040001-N7I2_BZDET?ncatid=10470288&area=Ali%20Askar%20Road&search=%20Tailors%20For%20Women%20in%20Ali-Askar-Road,%20Bangalore%20&mncatname=Ladies%20Tailors",
"Sameera collection","Koil Street Shivaji Nagar","08025591399","5.0","1 Ratings","Open until 10:30 pm","https://www.justdial.com/Bangalore/Sameera-collection-Shivaji-Nagar/080PXX80-XX80-121204124806-T5J7_BZDET?ncatid=10470288&area=Ali%20Askar%20Road&search=%20Tailors%20For%20Women%20in%20Ali-Askar-Road,%20Bangalore%20&mncatname=Ladies%20Tailors",
"Shama Rao Drapers","80 Dispensary Road","08041132170","5.0","1 Ratings","Opens at 9:30 am tomorrow","https://www.justdial.com/Bangalore/Shama-Rao-Drapers-Dispensary-Road/080PXX80-XX80-140331153941-J2S6_BZDET?ncatid=10470288&area=Ali%20Askar%20Road&search=%20Tailors%20For%20Women%20in%20Ali-Askar-Road,%20Bangalore%20&mncatname=Ladies%20Tailors",
"Kashish Fashion","R.r. Complex Shivaji Nagar","09108901111","5.0","1 Ratings","Opens at 10:30 am tomorrow13 Years in Business","https://www.justdial.com/Bangalore/Kashish-Fashion-Thoppa-Mudaliar-Street-Shivaji-Nagar/080PXX80-XX80-110125141203-L4K4_BZDET?ncatid=10470288&area=Ali%20Askar%20Road&search=%20Tailors%20For%20Women%20in%20Ali-Askar-Road,%20Bangalore%20&mncatname=Ladies%20Tailors",
"Komal Ladies Designer Tailor's","Arunachalam Mudliar Street","07676789178","5.0","1 Ratings","Opens at 10:00 am tomorrow11 Years in Business","https://www.justdial.com/Bangalore/Komal-Ladies-Designer-Tailors-Near-2nd-R-Cross/080PXX80-XX80-180227131539-S4L6_BZDET?ncatid=10470288&area=Ali%20Askar%20Road&search=%20Tailors%20For%20Women%20in%20Ali-Askar-Road,%20Bangalore%20&mncatname=Ladies%20Tailors",
"Merit Gents Tailor & Textiles","Veerapillai Street Shivaji Nagar","09845236901","5.0","1 Ratings","Open until 9:30 pm34 Years in Business","https://www.justdial.com/Bangalore/Merit-Gents-Tailor-Textiles-Opposite-Durga-Book-Store-Shivaji-Nagar/080PF015237_BZDET?ncatid=10470288&area=Ali%20Askar%20Road&search=%20Tailors%20For%20Women%20in%20Ali-Askar-Road,%20Bangalore%20&mncatname=Ladies%20Tailors",
"Mukthiar Ahmed Tailor","3rd Crs Commercial Street","09343037928","5.0","1 Ratings","Open until 9:30 pm","https://www.justdial.com/Bangalore/Mukthiar-Ahmed-Tailor-Next-To-Surya-Emporium-Commercial-Street/080P1227947474L8A6Q4_BZDET?ncatid=10470288&area=Ali%20Askar%20Road&search=%20Tailors%20For%20Women%20in%20Ali-Askar-Road,%20Bangalore%20&mncatname=Ladies%20Tailors",
"Modern Ladies Tailoring","Pillai Street Commercial Street","09341989931","5.0","1 Ratings","Opens at 9:30 am tomorrow","https://www.justdial.com/Bangalore/Modern-Ladies-Tailoring-3rd-Cross-Commercial-Street/080P1228250246Y8Y7Y1_BZDET?ncatid=10470288&area=Ali%20Askar%20Road&search=%20Tailors%20For%20Women%20in%20Ali-Askar-Road,%20Bangalore%20&mncatname=Ladies%20Tailors",
"Sans Ladies Dress Maker","Pillai St Commercial Street","09341989931","5.0","1 Ratings","Open until 10:00 pm","https://www.justdial.com/Bangalore/Sans-Ladies-Dress-Maker-Bs-Market-Commercial-Street/080P4500778_BZDET?ncatid=10470288&area=Ali%20Askar%20Road&search=%20Tailors%20For%20Women%20in%20Ali-Askar-Road,%20Bangalore%20&mncatname=Ladies%20Tailors",
"Arman Ladies Tailor Boutique","3rd Cross Shivaji Nagar","07760601389","5.0","1 Ratings","Open until 9:00 am3 Years in Business","https://www.justdial.com/Bangalore/Arman-Ladies-Tailor-Boutique-Ramraj-Cotton-Fabric-Shivaji-Nagar/080PXX80-XX80-180901015555-Q7B1_BZDET?ncatid=10470288&area=Ali%20Askar%20Road&search=%20Tailors%20For%20Women%20in%20Ali-Askar-Road,%20Bangalore%20&mncatname=Ladies%20Tailors",
"Dhriti Ladies Tailors","Commercialstreet Museum Road","09341989931","5.0","1 Ratings","Opens at 10:00 am tomorrow","https://www.justdial.com/Bangalore/Dhriti-Ladies-Tailors-Museum-Road/080PXX80-XX80-170109153006-M8L3_BZDET?ncatid=10470288&area=Ali%20Askar%20Road&search=%20Tailors%20For%20Women%20in%20Ali-Askar-Road,%20Bangalore%20&mncatname=Ladies%20Tailors",
"Reshma Fashion Point","No.53 Ebrahim Sahib Street","08025590545","5.0","1 Ratings","Opens at 10:30 am tomorrow19 Years in Business","https://www.justdial.com/Bangalore/Reshma-Fashion-Point-Next-Brightways-Ebrahim-Sahib-Street/080PXX80-XX80-161126155244-V1W5_BZDET?ncatid=10470288&area=Ali%20Askar%20Road&search=%20Tailors%20For%20Women%20in%20Ali-Askar-Road,%20Bangalore%20&mncatname=Ladies%20Tailors",
"B V Babu Rao & Sons","No.95 Dispensary Road","08025913100","5.0","1 Ratings","Opens at 11:00 am tomorrow36 Years in Business","https://www.justdial.com/Bangalore/B-V-Babu-Rao-Sons-Next-to-Commercial-Street-Dispensary-Road/080PF000471_BZDET?ncatid=10470288&area=Ali%20Askar%20Road&search=%20Tailors%20For%20Women%20in%20Ali-Askar-Road,%20Bangalore%20&mncatname=Ladies%20Tailors",
"Anchor Fouzia Ladies Tailor","Saheb Street Shivaji Nagar","09341096818","5.0","1 Ratings","Opens at 10:30 am tomorrow36 Years in Business","https://www.justdial.com/Bangalore/Anchor-Fouzia-Ladies-Tailor-Shivaji-Nagar/080PXX80-XX80-170317114414-C7H9_BZDET?ncatid=10470288&area=Ali%20Askar%20Road&search=%20Tailors%20For%20Women%20in%20Ali-Askar-Road,%20Bangalore%20&mncatname=Ladies%20Tailors",
"YJK Classic Company","As Mudaliar Road Kamaraj Road","08025595559","5.0","1 Ratings","Open until 10:30 pm13 Years in Business","https://www.justdial.com/Bangalore/YJK-Classic-Company-Opoosite-Ibrahim-Saheb-Street-Kamaraj-Road/080PXX80-XX80-141117162411-T2W2_BZDET?ncatid=10470288&area=Ali%20Askar%20Road&search=%20Tailors%20For%20Women%20in%20Ali-Askar-Road,%20Bangalore%20&mncatname=Ladies%20Tailors",
"Mahindrakar Ladies Dress Makers","Armstrong Road Shivaji Nagar","09448621009","5.0","1 Ratings","Opens at 8:00 am tomorrow44 Years in Business","https://www.justdial.com/Bangalore/Mahindrakar-Ladies-Dress-Makers-Near-Ganesh-Temple-Shivaji-Nagar/080PXX80-XX80-171121193050-R8T5_BZDET?ncatid=10470288&area=Ali%20Askar%20Road&search=%20Tailors%20For%20Women%20in%20Ali-Askar-Road,%20Bangalore%20&mncatname=Ladies%20Tailors",
"S S Tailors","5th Cross Rt Nagar","09902763752","5.0","1 Ratings","Opens at 11:00 am tomorrow11 Years in Business","https://www.justdial.com/Bangalore/S-S-Tailors-Near-Thimmaiah-Garden-Bus-Stop-Rt-Nagar/080PXX80-XX80-140902122106-F1N7_BZDET?ncatid=10470288&area=Ali%20Askar%20Road&search=%20Tailors%20For%20Women%20in%20Ali-Askar-Road,%20Bangalore%20&mncatname=Ladies%20Tailors",
"Mcn Stitchwear","Pipeline Malleswaram","08050033622","5.0","1 Ratings","Opens at 9:00 am tomorrow28 Years in Business","https://www.justdial.com/Bangalore/Mcn-Stitchwear-Dattatreya-Temple-Malleswaram/080PXX80-XX80-150603172538-V5V6_BZDET?ncatid=10470288&area=Ali%20Askar%20Road&search=%20Tailors%20For%20Women%20in%20Ali-Askar-Road,%20Bangalore%20&mncatname=Ladies%20Tailors",
"Poornima Boutiqe","#54 Benson Town","09964072257","5.0","1 Ratings","Opens at 10:00 am tomorrow23 Years in Business","https://www.justdial.com/Bangalore/Poornima-Boutiqe-Near-119-Bustop-Benson-Town/080PXX80-XX80-141025130034-S1C8_BZDET?ncatid=10470288&area=Ali%20Askar%20Road&search=%20Tailors%20For%20Women%20in%20Ali-Askar-Road,%20Bangalore%20&mncatname=Ladies%20Tailors",
