Name,Address,Phone,Reviews,Rating,Hours of operations,Link
"Nivitha Fashions","Dollars Colony-Rmv 2nd Stage","07715059892","5.0","1 Ratings","Opens in 25 mins1 Year in Business","https://www.justdial.com/Bangalore/Nivitha-Fashions-Near-3m-Car-Care-Dollars-Colony-Rmv-2nd-Stage/080PXX80-XX80-220929193033-T1F9_BZDET?ncatid=10470288&area=Adarsh%20Nagar%20Rt%20Nagar&search=%20Tailors%20For%20Women%20in%20Adarsh-Nagar-Rt-Nagar,%20Bangalore%20&mncatname=Ladies%20Tailors",
"Kriya Closet","3rd Cross Rt Nagar","09538040045","4.5","4 Ratings","Open until 8:00 pm","https://www.justdial.com/Bangalore/Kriya-Closet-Near-Balaji-Sweets-Rt-Nagar/080PXX80-XX80-181025120736-Q9Y3_BZDET?ncatid=10470288&area=Adarsh%20Nagar%20Rt%20Nagar&search=%20Tailors%20For%20Women%20in%20Adarsh-Nagar-Rt-Nagar,%20Bangalore%20&mncatname=Ladies%20Tailors",
"Amyra The Fashion Studio","1st Stage HBR Layout","07259211563","4.2","81 Ratings","Open until 7:30 pm6 Years in Business","https://www.justdial.com/Bangalore/Amyra-The-Fashion-Studio-Near-BDA-Complex-HBR-Layout/080PXX80-XX80-170818120521-N4M7_BZDET?ncatid=10470288&area=Adarsh%20Nagar%20Rt%20Nagar&search=%20Tailors%20For%20Women%20in%20Adarsh-Nagar-Rt-Nagar,%20Bangalore%20&mncatname=Ladies%20Tailors",
"Smaya Design House","3rd Cross Rt Nagar","07338616888","4.7","37 Ratings","Opens in 25 mins9 Years in Business","https://www.justdial.com/Bangalore/Smaya-Design-House-Near-Siddarth-School-Rt-Nagar/080PXX80-XX80-170410115005-C8N6_BZDET?ncatid=10470288&area=Adarsh%20Nagar%20Rt%20Nagar&search=%20Tailors%20For%20Women%20in%20Adarsh-Nagar-Rt-Nagar,%20Bangalore%20&mncatname=Ladies%20Tailors",
"Chunarii Punjabi Boutique","3rd Cross Rt Nagar","09845291975","3.2","19 Ratings","Open until 8:30 pm11 Years in Business","https://www.justdial.com/Bangalore/Chunarii-Punjabi-Boutique-Next-to-B-D-A-Complex-Rt-Nagar/080PXX80-XX80-130206012037-X9I6_BZDET?ncatid=10470288&area=Adarsh%20Nagar%20Rt%20Nagar&search=%20Tailors%20For%20Women%20in%20Adarsh-Nagar-Rt-Nagar,%20Bangalore%20&mncatname=Ladies%20Tailors",
"Vastra Boutique","Kanaka Nagar Main Road Rt Nagar","09980008899","4.9","4 Ratings","Open until 9:00 pm21 Years in Business","https://www.justdial.com/Bangalore/Vastra-Boutique-Near-D-Mart-Rt-Nagar/080PXX80-XX80-171023184232-M3Q6_BZDET?ncatid=10470288&area=Adarsh%20Nagar%20Rt%20Nagar&search=%20Tailors%20For%20Women%20in%20Adarsh-Nagar-Rt-Nagar,%20Bangalore%20&mncatname=Ladies%20Tailors",
"Trends Boutique","RT NAGAR POST Rt Nagar","09590835737","4.8","4 Ratings","Open until 10:00 pm11 Years in Business","https://www.justdial.com/Bangalore/Trends-Boutique-Near-Sidhartha-School-Rt-Nagar/080PXX80-XX80-130430144640-A6D4_BZDET?ncatid=10470288&area=Adarsh%20Nagar%20Rt%20Nagar&search=%20Tailors%20For%20Women%20in%20Adarsh-Nagar-Rt-Nagar,%20Bangalore%20&mncatname=Ladies%20Tailors",
"S S Collections","V Nagenahalli Main Road Rt Nagar","09900668020","4.5","2 Ratings","Open until 10:00 pm10 Years in Business","https://www.justdial.com/Bangalore/S-S-Collections-Near-Aryan-Towers-Rt-Nagar/080PXX80-XX80-140908114853-F7T9_BZDET?ncatid=10470288&area=Adarsh%20Nagar%20Rt%20Nagar&search=%20Tailors%20For%20Women%20in%20Adarsh-Nagar-Rt-Nagar,%20Bangalore%20&mncatname=Ladies%20Tailors",
"J H Consultancy Services","Church Street Lingarajapuram","08431499087","4.1","68 Ratings","Open until 6:00 pm10 Years in Business","https://www.justdial.com/Bangalore/J-H-Consultancy-Services-Below-Fly-Over-Lingarajapuram/080PXX80-XX80-130613153328-C9T8_BZDET?ncatid=10470288&area=Adarsh%20Nagar%20Rt%20Nagar&search=%20Tailors%20For%20Women%20in%20Adarsh-Nagar-Rt-Nagar,%20Bangalore%20&mncatname=Ladies%20Tailors",
"Creative Fabz","Nagar Bus Stop Thanisandra","09900242211","4.5","59 Ratings","Open until 9:30 pm33 Years in Business","https://www.justdial.com/Bangalore/Creative-Fabz-Opposite-Bata-Showroom-Thanisandra/080PXX80-XX80-150309114139-D5S6_BZDET?ncatid=10470288&area=Adarsh%20Nagar%20Rt%20Nagar&search=%20Tailors%20For%20Women%20in%20Adarsh-Nagar-Rt-Nagar,%20Bangalore%20&mncatname=Ladies%20Tailors",
"Am Creations","Main Road 12th Cross Vyalikaval","09164786096","3.5","2 Ratings","Opens in 24 mins","https://www.justdial.com/Bangalore/Am-Creations-Vyalikaval/080PXX80-XX80-210122123932-W9Z2_BZDET?ncatid=10470288&area=Adarsh%20Nagar%20Rt%20Nagar&search=%20Tailors%20For%20Women%20in%20Adarsh-Nagar-Rt-Nagar,%20Bangalore%20&mncatname=Ladies%20Tailors",
"Akira Fashion Studio & Boutique","Neharu Main Road Kammanahalli","07888988488","4.9","398 Ratings","Open until 8:30 pm5 Years in Business","https://www.justdial.com/Bangalore/Akira-Fashion-Studio-Boutique-Near-Empire-Hotel-Kammanahalli/080PXX80-XX80-180623211136-F1A7_BZDET?ncatid=10470288&area=Adarsh%20Nagar%20Rt%20Nagar&search=%20Tailors%20For%20Women%20in%20Adarsh-Nagar-Rt-Nagar,%20Bangalore%20&mncatname=Ladies%20Tailors",
"Shruthi's The Boutique","Sampige Road Malleswaram","09845615841","4.3","30 Ratings","Open until 8:00 pm8 Years in Business","https://www.justdial.com/Bangalore/Shruthis-The-Boutique-Near-The-Higher-Taste-Next-to-Bosch-Showroom-Malleswaram/080PXX80-XX80-130313163404-T9Q2_BZDET?ncatid=10470288&area=Adarsh%20Nagar%20Rt%20Nagar&search=%20Tailors%20For%20Women%20in%20Adarsh-Nagar-Rt-Nagar,%20Bangalore%20&mncatname=Ladies%20Tailors",
"Star Boutique","Plaza 8th Cross Malleswaram","09845587315","4.1","28 Ratings","Open until 8:00 pm12 Years in Business","https://www.justdial.com/Bangalore/Star-Boutique-Basement-Of-Varamahalakshmi-Silks-Malleswaram/080PXX80-XX80-120912234359-I9P4_BZDET?ncatid=10470288&area=Adarsh%20Nagar%20Rt%20Nagar&search=%20Tailors%20For%20Women%20in%20Adarsh-Nagar-Rt-Nagar,%20Bangalore%20&mncatname=Ladies%20Tailors",
"Chimmi Garments and Saree Palace","3rd Main Road Mathikere","08023601350","4.0","570 Ratings","Open until 9:00 pm35 Years in Business","https://www.justdial.com/Bangalore/Chimmi-Garments-and-Saree-Palace-Near-Mathikere-Bus-Stop-Mathikere/080P5153233_BZDET?ncatid=10470288&area=Adarsh%20Nagar%20Rt%20Nagar&search=%20Tailors%20For%20Women%20in%20Adarsh-Nagar-Rt-Nagar,%20Bangalore%20&mncatname=Ladies%20Tailors",
"Seema Nanda Antara","Ali Asker Road Cunningham Road","08041721222","4.3","17 Ratings","Opens in 24 mins18 Years in Business","https://www.justdial.com/Bangalore/Seema-Nanda-Antara-Opposite-Sigma-Mall-Cunningham-Road/080PXX80-XX80-140618133143-T1Y8_BZDET?ncatid=10470288&area=Adarsh%20Nagar%20Rt%20Nagar&search=%20Tailors%20For%20Women%20in%20Adarsh-Nagar-Rt-Nagar,%20Bangalore%20&mncatname=Ladies%20Tailors",
"Blouse Well Ladies Tailor","8th Cross Malleswaram","08867563943","4.4","35 Ratings","Opens in 24 mins15 Years in Business","https://www.justdial.com/Bangalore/Blouse-Well-Ladies-Tailor-Opposite-State-Bank-Of-India-Malleswaram/080PXX80-XX80-120927165602-V2Y3_BZDET?ncatid=10470288&area=Adarsh%20Nagar%20Rt%20Nagar&search=%20Tailors%20For%20Women%20in%20Adarsh-Nagar-Rt-Nagar,%20Bangalore%20&mncatname=Ladies%20Tailors",
"Sampradaya Womens Couture","CMH Road Indira Nagar 1st Stage","09019574477","4.7","264 Ratings","Open until 8:30 pm8 Years in Business","https://www.justdial.com/Bangalore/Sampradaya-Womens-Couture-Above-Fabric-Spa-Indira-Nagar-1st-Stage/080PXX80-XX80-190314185704-J2H6_BZDET?ncatid=10470288&area=Adarsh%20Nagar%20Rt%20Nagar&search=%20Tailors%20For%20Women%20in%20Adarsh-Nagar-Rt-Nagar,%20Bangalore%20&mncatname=Ladies%20Tailors",
"Kasturi The Designer Boutique","1st Main Kasturi Nagar","06366066712","4.2","91 Ratings","Open until 8:30 pm11 Years in Business","https://www.justdial.com/Bangalore/Kasturi-The-Designer-Boutique-Next-to-Limra-Car-Zone-Kasturi-Nagar/080PXX80-XX80-130927162828-Y2G6_BZDET?ncatid=10470288&area=Adarsh%20Nagar%20Rt%20Nagar&search=%20Tailors%20For%20Women%20in%20Adarsh-Nagar-Rt-Nagar,%20Bangalore%20&mncatname=Ladies%20Tailors",
"Stylo Boutique","Manthri Square Mall Srirampuram","09036057661","3.9","69 Ratings","Opens in 24 mins28 Years in Business","https://www.justdial.com/Bangalore/Stylo-Boutique-Behind-Hanuman-Temple-Srirampuram/080PXX80-XX80-191106115839-K8R2_BZDET?ncatid=10470288&area=Adarsh%20Nagar%20Rt%20Nagar&search=%20Tailors%20For%20Women%20in%20Adarsh-Nagar-Rt-Nagar,%20Bangalore%20&mncatname=Ladies%20Tailors",
"Safura Embroidery Designers","Palya Main Road Ramamurthy Nagar","07338224657","4.2","22 Ratings","Open until 8:30 pm11 Years in Business","https://www.justdial.com/Bangalore/Safura-Embroidery-Designers-Near-R-K-ApartmentOpp-The-Family-Doctor-Hospital-Ramamurthy-Nagar/080PXX80-XX80-131121150415-R3P6_BZDET?ncatid=10470288&area=Adarsh%20Nagar%20Rt%20Nagar&search=%20Tailors%20For%20Women%20in%20Adarsh-Nagar-Rt-Nagar,%20Bangalore%20&mncatname=Ladies%20Tailors",
"Shimmer A Fashion Boutique","Road Mahalakshmipuram Layout","09535455816","4.4","15 Ratings","Open until 9:00 pm5 Years in Business","https://www.justdial.com/Bangalore/Shimmer-A-Fashion-Boutique-Near-By-Mahalakshmi-Metro-Station-Mahalakshmipuram-Layout/080PXX80-XX80-180807125941-N7Y2_BZDET?ncatid=10470288&area=Adarsh%20Nagar%20Rt%20Nagar&search=%20Tailors%20For%20Women%20in%20Adarsh-Nagar-Rt-Nagar,%20Bangalore%20&mncatname=Ladies%20Tailors",
"Charu Creation Designers Boutique","C V Raman Nagar","09008095984","4.4","390 Ratings","Open until 8:30 pm14 Years in Business","https://www.justdial.com/Bangalore/Charu-Creation-Designers-Boutique-Near-Sct-Engineering-College-C-V-Raman-Nagar/080P1237870319J4C7G6_BZDET?ncatid=10470288&area=Adarsh%20Nagar%20Rt%20Nagar&search=%20Tailors%20For%20Women%20in%20Adarsh-Nagar-Rt-Nagar,%20Bangalore%20&mncatname=Ladies%20Tailors",
"Shruthi Designer Boutique","Hotel Side Yelahanka New Town","09590885934","4.5","34 Ratings","Open until 7:00 pm25 Years in Business","https://www.justdial.com/Bangalore/Shruthi-Designer-Boutique-Kottakkal-Hospital-Yelahanka-New-Town/080PXX80-XX80-120709204851-N8U5_BZDET?ncatid=10470288&area=Adarsh%20Nagar%20Rt%20Nagar&search=%20Tailors%20For%20Women%20in%20Adarsh-Nagar-Rt-Nagar,%20Bangalore%20&mncatname=Ladies%20Tailors",
"Shobha Boutique","Mother Dairy Circle Yelahanka","09805909898","4.7","135 Ratings","Open until 8:00 pm5 Years in Business","https://www.justdial.com/Bangalore/Shobha-Boutique-Kottakkal-Arya-Vaidya-Shala-Yelahanka/080PXX80-XX80-181204135502-V6D3_BZDET?ncatid=10470288&area=Adarsh%20Nagar%20Rt%20Nagar&search=%20Tailors%20For%20Women%20in%20Adarsh-Nagar-Rt-Nagar,%20Bangalore%20&mncatname=Ladies%20Tailors",
"Spoorthy Fashions","Subbaiah Circle Mission Road","06363696965","4.6","8 Ratings","Opens in 24 mins23 Years in Business","https://www.justdial.com/Bangalore/Spoorthy-Fashions-Behind-Canara-Bank-Next-to-Phinics-Hospital-Mission-Road/080PXX80-XX80-180407143518-N4R3_BZDET?ncatid=10470288&area=Adarsh%20Nagar%20Rt%20Nagar&search=%20Tailors%20For%20Women%20in%20Adarsh-Nagar-Rt-Nagar,%20Bangalore%20&mncatname=Ladies%20Tailors",
"Bombay Textile and Tailors Raymondsuiting Shirtings and Silk Sarees","Main Road Krishnarajapuram","09986561696","4.0","109 Ratings","Open until 10:00 pm31 Years in Business","https://www.justdial.com/Bangalore/Bombay-Textile-and-Tailors-Raymondsuiting-Shirtings-and-Silk-Sarees-Bombay-Tailors-Ramurthi-Nagar-Krishnarajapuram/080PXX80-XX80-110522131606-Q1S8_BZDET?ncatid=10470288&area=Adarsh%20Nagar%20Rt%20Nagar&search=%20Tailors%20For%20Women%20in%20Adarsh-Nagar-Rt-Nagar,%20Bangalore%20&mncatname=Ladies%20Tailors",
"Savys Boutique","25th Cross Kaggadasapura Road","07795766790","4.4","712 Ratings","Open until 9:00 pm9 Years in Business","https://www.justdial.com/Bangalore/Savys-Boutique-Near-Hemagiri-Apartments-Kaggadasapura-Road/080PXX80-XX80-140801125416-J1C4_BZDET?ncatid=10470288&area=Adarsh%20Nagar%20Rt%20Nagar&search=%20Tailors%20For%20Women%20in%20Adarsh-Nagar-Rt-Nagar,%20Bangalore%20&mncatname=Ladies%20Tailors",
"Bridgit Fashion Tailors","Shop No 6 Vignana Nagar","09880431310","4.9","35 Ratings","Open until 7:30 pm4 Years in Business","https://www.justdial.com/Bangalore/Bridgit-Fashion-Tailors-Opp-Federal-Bank-Vignana-Nagar/080PXX80-XX80-190328152559-G7N5_BZDET?ncatid=10470288&area=Adarsh%20Nagar%20Rt%20Nagar&search=%20Tailors%20For%20Women%20in%20Adarsh-Nagar-Rt-Nagar,%20Bangalore%20&mncatname=Ladies%20Tailors",
"SPS Creations & Boutique","31st A Cross Jayanagar 7th Block","09900127477","5.0","2 Ratings","Open until 10:00 pm16 Years in Business","https://www.justdial.com/Bangalore/SPS-Creations-Boutique-Opposite-Rajathadri-Hotel-Jayanagar-7th-Block/080PXX80-XX80-151230114305-Z2Q6_BZDET?ncatid=10470288&area=Adarsh%20Nagar%20Rt%20Nagar&search=%20Tailors%20For%20Women%20in%20Adarsh-Nagar-Rt-Nagar,%20Bangalore%20&mncatname=Ladies%20Tailors",
"Khushbu Fancy Tailoring","# 33 5th Cross Yemlur","07619561995","3.5","2 Ratings","Open 24 Hrs7 Years in Business","https://www.justdial.com/Bangalore/Khushbu-Fancy-Tailoring-Maduramma-Temple-Yemlur/080PXX80-XX80-230106185635-W2P1_BZDET?ncatid=10470288&area=Adarsh%20Nagar%20Rt%20Nagar&search=%20Tailors%20For%20Women%20in%20Adarsh-Nagar-Rt-Nagar,%20Bangalore%20&mncatname=Ladies%20Tailors",
"Charmine Chaya Designer Studio Makeup Studio and Salon","T Dasarahalli","08310734322","4.5","72 Ratings","Open until 8:00 pm15 Years in Business","https://www.justdial.com/Bangalore/Charmine-Chaya-Designer-Studio-Makeup-Studio-and-Salon-Near-Poorvika-Showroom-T-Dasarahalli/080PXX80-XX80-200314105006-F2H5_BZDET?ncatid=10470288&area=Adarsh%20Nagar%20Rt%20Nagar&search=%20Tailors%20For%20Women%20in%20Adarsh-Nagar-Rt-Nagar,%20Bangalore%20&mncatname=Ladies%20Tailors",
"Nidhi Fashions","Chandra Layout Nagarbhavi","09663724626","4.4","63 Ratings","Open until 8:30 pm20 Years in Business","https://www.justdial.com/Bangalore/Nidhi-Fashions-Near-Indian-Oil-Petrol-Bunk-Nagarbhavi/080P1228198033N9Y1L8_BZDET?ncatid=10470288&area=Adarsh%20Nagar%20Rt%20Nagar&search=%20Tailors%20For%20Women%20in%20Adarsh-Nagar-Rt-Nagar,%20Bangalore%20&mncatname=Ladies%20Tailors",
"SHA FASHIONS","1st E Main Koramangala 8th Block","09535043471","4.7","51 Ratings","Open until 8:00 pm8 Years in Business","https://www.justdial.com/Bangalore/SHA-FASHIONS-Near-DRBRAmbedkar-Park-Koramangala-8th-Block/080PXX80-XX80-190430131119-G7N7_BZDET?ncatid=10470288&area=Adarsh%20Nagar%20Rt%20Nagar&search=%20Tailors%20For%20Women%20in%20Adarsh-Nagar-Rt-Nagar,%20Bangalore%20&mncatname=Ladies%20Tailors",
"Vibbhinna","Main Road Jayanagar 3rd Block","09663311799","4.3","226 Ratings","Open until 8:00 pm9 Years in Business","https://www.justdial.com/Bangalore/Vibbhinna-Opposite-Bhavani-Kangan-Store-Jayanagar-3rd-Block/080PXX80-XX80-180220154443-M5V8_BZDET?ncatid=10470288&area=Adarsh%20Nagar%20Rt%20Nagar&search=%20Tailors%20For%20Women%20in%20Adarsh-Nagar-Rt-Nagar,%20Bangalore%20&mncatname=Ladies%20Tailors",
"Nakoda Designer Boutique","4th Cross Madiwala","09886115721","4.3","20 Ratings","Open until 8:00 pm9 Years in Business","https://www.justdial.com/Bangalore/Nakoda-Designer-Boutique-Next-to-Shanti-Sagar-Madiwala/080PXX80-XX80-150929121440-J6A1_BZDET?ncatid=10470288&area=Adarsh%20Nagar%20Rt%20Nagar&search=%20Tailors%20For%20Women%20in%20Adarsh-Nagar-Rt-Nagar,%20Bangalore%20&mncatname=Ladies%20Tailors",
"RSG By Rupa","KHB Colony Koramangala 8th Block","08065702971","4.7","62 Ratings","Opens at 11:30 AM12 Years in Business","https://www.justdial.com/Bangalore/RSG-By-Rupa-Near-Dyu-Art-Cafe-Koramangala-8th-Block/080PXX80-XX80-110307121436-M5E8_BZDET?ncatid=10470288&area=Adarsh%20Nagar%20Rt%20Nagar&search=%20Tailors%20For%20Women%20in%20Adarsh-Nagar-Rt-Nagar,%20Bangalore%20&mncatname=Ladies%20Tailors",
"Sai Collections","Southend Road Basavanagudi","09886799679","4.3","9 Ratings","Open until 7:00 pm9 Years in Business","https://www.justdial.com/Bangalore/Sai-Collections-Above-Udupi-Grand-Hotel-Basavanagudi/080PXX80-XX80-121103112925-N1H2_BZDET?ncatid=10470288&area=Adarsh%20Nagar%20Rt%20Nagar&search=%20Tailors%20For%20Women%20in%20Adarsh-Nagar-Rt-Nagar,%20Bangalore%20&mncatname=Ladies%20Tailors",
"Dress Code Clothing Pvt Ltd","Kota-rajasthan","08406044444","4.5","99 Ratings","Open until 7:30 pm","https://www.justdial.com/Kota-rajasthan/Dress-Code-Clothing-Pvt-Ltd/9999PX744-X744-190925182757-L4B1_BZDET?ncatid=10470288&area=Adarsh%20Nagar%20Rt%20Nagar&search=%20Tailors%20For%20Women%20in%20Adarsh-Nagar-Rt-Nagar,%20Bangalore%20&mncatname=Ladies%20Tailors",
"S S Collections","R T Nagar Rt Nagar","09900668020","4.5","2 Ratings","Open until 9:00 pm10 Years in Business","https://www.justdial.com/Bangalore/S-S-Collections-Opp-Abaucuss-Rt-Nagar/080PXX80-XX80-130430154622-R3M5_BZDET?ncatid=10470288&area=Adarsh%20Nagar%20Rt%20Nagar&search=%20Tailors%20For%20Women%20in%20Adarsh-Nagar-Rt-Nagar,%20Bangalore%20&mncatname=Ladies%20Tailors",
"Sf Stitch Point","Shampuru Main Lr Bande Road","09036938180","4.0","2 Ratings","Open until 9:00 pm4 Years in Business","https://www.justdial.com/Bangalore/Sf-Stitch-Point-Near-to-LR-Bande-Bus-Stop-Lr-Bande-Road/080PXX80-XX80-210812202236-V2N4_BZDET?ncatid=10470288&area=Adarsh%20Nagar%20Rt%20Nagar&search=%20Tailors%20For%20Women%20in%20Adarsh-Nagar-Rt-Nagar,%20Bangalore%20&mncatname=Ladies%20Tailors",
"Wania Boutique","V Nagenahalli Main Road Rt Nagar","08880699988","5.0","1 Ratings","Opens in 23 mins5 Years in Business","https://www.justdial.com/Bangalore/Wania-Boutique-Near-Al-Khair-Restaurant-Rt-Nagar/080PXX80-XX80-170103161546-H2I6_BZDET?ncatid=10470288&area=Adarsh%20Nagar%20Rt%20Nagar&search=%20Tailors%20For%20Women%20in%20Adarsh-Nagar-Rt-Nagar,%20Bangalore%20&mncatname=Ladies%20Tailors",
"Koil Creations","T Nagar Post Cholanayakanahalli","09901144716","5.0","1 Ratings","Open until 9:00 pm8 Years in Business","https://www.justdial.com/Bangalore/Koil-Creations-Near-Families-Super-Market-Cholanayakanahalli/080PXX80-XX80-160220110822-D6T2_BZDET?ncatid=10470288&area=Adarsh%20Nagar%20Rt%20Nagar&search=%20Tailors%20For%20Women%20in%20Adarsh-Nagar-Rt-Nagar,%20Bangalore%20&mncatname=Ladies%20Tailors",
"New Kajal Ladies Tailor","#32 2nd Cross Rahmath Nagar","09036961581","5.0","1 Ratings","Open until 8:30 pm5 Years in Business","https://www.justdial.com/Bangalore/New-Kajal-Ladies-Tailor-Near-By-Jahama-Masjid-Rahmath-Nagar/080PXX80-XX80-190513100648-W3Y5_BZDET?ncatid=10470288&area=Adarsh%20Nagar%20Rt%20Nagar&search=%20Tailors%20For%20Women%20in%20Adarsh-Nagar-Rt-Nagar,%20Bangalore%20&mncatname=Ladies%20Tailors",
"Om Sai Fashion","Munireddy Mattadahalli RT Nagar","09900272478","5.0","1 Ratings","Open until 9:00 pm5 Years in Business","https://www.justdial.com/Bangalore/Om-Sai-Fashion-Behind-Sri-Radhakrishna-Theatre-RT-Nagar/080PXX80-XX80-180709155224-D7V9_BZDET?ncatid=10470288&area=Adarsh%20Nagar%20Rt%20Nagar&search=%20Tailors%20For%20Women%20in%20Adarsh-Nagar-Rt-Nagar,%20Bangalore%20&mncatname=Ladies%20Tailors",
"Azhar Boutiques Studio","2nd Cross Rt Nagar","07829755855","4.5","1 Ratings","Open until 10:00 pm21 Years in Business","https://www.justdial.com/Bangalore/Azhar-Boutiques-Studio-Near-Rahath-Medicals-Rt-Nagar/080P1219897042L6R1F6_BZDET?ncatid=10470288&area=Adarsh%20Nagar%20Rt%20Nagar&search=%20Tailors%20For%20Women%20in%20Adarsh-Nagar-Rt-Nagar,%20Bangalore%20&mncatname=Ladies%20Tailors",
"H2t Boutique","Cholanayakahalli Rt Nagar","07975909863","4.8","37 Ratings","Open until 7:30 pm6 Years in Business","https://www.justdial.com/Bangalore/H2t-Boutique-Near-Achariya-College-Rt-Nagar/080PXX80-XX80-180515155819-K5J6_BZDET?ncatid=10470288&area=Adarsh%20Nagar%20Rt%20Nagar&search=%20Tailors%20For%20Women%20in%20Adarsh-Nagar-Rt-Nagar,%20Bangalore%20&mncatname=Ladies%20Tailors",
"Shahnaz Tailoring Classes","Kanaka Nagar-Rt Nagar","09880766302","4.3","37 Ratings","Open until 8:00 pm14 Years in Business","https://www.justdial.com/Bangalore/Shahnaz-Tailoring-Classes-Behind-Rk-Palace-Kanaka-Nagar-Rt-Nagar/080PXX80-XX80-120616111253-Q8W3_BZDET?ncatid=10470288&area=Adarsh%20Nagar%20Rt%20Nagar&search=%20Tailors%20For%20Women%20in%20Adarsh-Nagar-Rt-Nagar,%20Bangalore%20&mncatname=Ladies%20Tailors",
"Venus Tailor","Balaji Layout Rt Nagar","09964409057","4.9","32 Ratings","Open until 9:00 pm33 Years in Business","https://www.justdial.com/Bangalore/Venus-Tailor-Near-Anand-Nagar-Rt-Nagar/080PXX80-XX80-130119112737-S8H8_BZDET?ncatid=10470288&area=Adarsh%20Nagar%20Rt%20Nagar&search=%20Tailors%20For%20Women%20in%20Adarsh-Nagar-Rt-Nagar,%20Bangalore%20&mncatname=Ladies%20Tailors",
"Pooja Creations","CBI Road Rt Nagar","08023547730","3.7","32 Ratings","Open until 8:00 pm15 Years in Business","https://www.justdial.com/Bangalore/Pooja-Creations-Opposite-Mk-Amhed-Store-Rt-Nagar/080PXX80-XX80-131126123045-G6H5_BZDET?ncatid=10470288&area=Adarsh%20Nagar%20Rt%20Nagar&search=%20Tailors%20For%20Women%20in%20Adarsh-Nagar-Rt-Nagar,%20Bangalore%20&mncatname=Ladies%20Tailors",
"Siyan Fashion Boutique","T P Venugopal Layout Rt Nagar","07338616888","4.2","30 Ratings","Open until 7:30 pm9 Years in Business","https://www.justdial.com/Bangalore/Siyan-Fashion-Boutique-Off-CBI-Main-RoadNear-StJude-Church-and-Behind-Sai-Baba-Temple-Rt-Nagar/080PXX80-XX80-150106162324-H2B6_BZDET?ncatid=10470288&area=Adarsh%20Nagar%20Rt%20Nagar&search=%20Tailors%20For%20Women%20in%20Adarsh-Nagar-Rt-Nagar,%20Bangalore%20&mncatname=Ladies%20Tailors",
"Divine Fashion Boutique ( Jeya JR)","Dinnur Main Road Dinnur","09972942097","4.1","29 Ratings","Open until 8:00 pm","https://www.justdial.com/Bangalore/Divine-Fashion-Boutique-Jeya-JR-Opp-to-White-House-Apt-Dinnur/080PXX80-XX80-200107160338-C4H8_BZDET?ncatid=10470288&area=Adarsh%20Nagar%20Rt%20Nagar&search=%20Tailors%20For%20Women%20in%20Adarsh-Nagar-Rt-Nagar,%20Bangalore%20&mncatname=Ladies%20Tailors",
"Qamash Designer Studio","Lr Bande Main Road Rt Nagar","07829755855","4.6","28 Ratings","Opens in 23 mins","https://www.justdial.com/Bangalore/Qamash-Designer-Studio-Near-Capital-Hyper-Market-Rt-Nagar/080PXX80-XX80-140117173846-N3Y2_BZDET?ncatid=10470288&area=Adarsh%20Nagar%20Rt%20Nagar&search=%20Tailors%20For%20Women%20in%20Adarsh-Nagar-Rt-Nagar,%20Bangalore%20&mncatname=Ladies%20Tailors",
"Libas Designer Boutique","1st Cross Rt Nagar","07338616888","3.9","24 Ratings","Opens in 22 mins21 Years in Business","https://www.justdial.com/Bangalore/Libas-Designer-Boutique-Near-Sri-Radhakrishna-Theatre-Muneshwara-Temple-Rt-Nagar/080P1227954024H7D5N6_BZDET?ncatid=10470288&area=Adarsh%20Nagar%20Rt%20Nagar&search=%20Tailors%20For%20Women%20in%20Adarsh-Nagar-Rt-Nagar,%20Bangalore%20&mncatname=Ladies%20Tailors",
"Alisha Fashions","Block 3rd Cross Rt Nagar","09900965771","3.9","17 Ratings","Opens in 22 mins15 Years in Business","https://www.justdial.com/Bangalore/Alisha-Fashions-Near-Sidhartha-School-Rt-Nagar/080PXX80-XX80-110125235156-M7U9_BZDET?ncatid=10470288&area=Adarsh%20Nagar%20Rt%20Nagar&search=%20Tailors%20For%20Women%20in%20Adarsh-Nagar-Rt-Nagar,%20Bangalore%20&mncatname=Ladies%20Tailors",
"Keerthi Ladies Wear","Dinnur Main Road Rt Nagar","09036122609","3.8","13 Ratings","Open until 10:00 pm22 Years in Business","https://www.justdial.com/Bangalore/Keerthi-Ladies-Wear-Near-White-House-Rt-Nagar/080PXX80-XX80-140108123354-V9E4_BZDET?ncatid=10470288&area=Adarsh%20Nagar%20Rt%20Nagar&search=%20Tailors%20For%20Women%20in%20Adarsh-Nagar-Rt-Nagar,%20Bangalore%20&mncatname=Ladies%20Tailors",
"Peacock Tailor","1st Cross CNT Colony Rt Nagar","07338616888","3.4","13 Ratings","Open until 7:00 pm33 Years in Business","https://www.justdial.com/Bangalore/Peacock-Tailor-Behind-Shanthi-Sagar-Rt-Nagar/080P1235708942T1Y1R9_BZDET?ncatid=10470288&area=Adarsh%20Nagar%20Rt%20Nagar&search=%20Tailors%20For%20Women%20in%20Adarsh-Nagar-Rt-Nagar,%20Bangalore%20&mncatname=Ladies%20Tailors",
"Durga Ladies Tailor","Manjunatha Layout Rt Nagar","09980581433","3.5","11 Ratings","Open until 9:00 pm11 Years in Business","https://www.justdial.com/Bangalore/Durga-Ladies-Tailor-Near-Mamtha-School-Rt-Nagar/080PXX80-XX80-130330152353-H7B6_BZDET?ncatid=10470288&area=Adarsh%20Nagar%20Rt%20Nagar&search=%20Tailors%20For%20Women%20in%20Adarsh-Nagar-Rt-Nagar,%20Bangalore%20&mncatname=Ladies%20Tailors",
"New Prestige Ladies & Gents Tailors","L R Bande Road Kaval Byrasandra","09880570631","4.4","9 Ratings","Open until 10:00 pm","https://www.justdial.com/Bangalore/New-Prestige-Ladies-Gents-Tailors-Near-Quaters-Kaval-Byrasandra/080PXX80-XX80-100804114508-Z5A5_BZDET?ncatid=10470288&area=Adarsh%20Nagar%20Rt%20Nagar&search=%20Tailors%20For%20Women%20in%20Adarsh-Nagar-Rt-Nagar,%20Bangalore%20&mncatname=Ladies%20Tailors",
"Unique Ladies Tailor","Papaiah Reddy Layout Rt Nagar","09880182570","3.7","9 Ratings","Open until 9:00 pm13 Years in Business","https://www.justdial.com/Bangalore/Unique-Ladies-Tailor-Near-Chaitra-Darshini-Rt-Nagar/080P1221468151D6A5A8_BZDET?ncatid=10470288&area=Adarsh%20Nagar%20Rt%20Nagar&search=%20Tailors%20For%20Women%20in%20Adarsh-Nagar-Rt-Nagar,%20Bangalore%20&mncatname=Ladies%20Tailors",
"Varalakshmi Garments","Main Road Rt Nagar","09886977824","5.0","8 Ratings","Open until 9:00 pm","https://www.justdial.com/Bangalore/Varalakshmi-Garments-Near-Shalini-Bar-Rt-Nagar/080PXX80-XX80-190319161926-N5N5_BZDET?ncatid=10470288&area=Adarsh%20Nagar%20Rt%20Nagar&search=%20Tailors%20For%20Women%20in%20Adarsh-Nagar-Rt-Nagar,%20Bangalore%20&mncatname=Ladies%20Tailors",
"Suitable Men's Wear","Dinnur Mn Rd Rt Nagar","09880114044","4.3","8 Ratings","Open until 10:00 pm8 Years in Business","https://www.justdial.com/Bangalore/Suitable-Mens-Wear-Near-ING-Vysya-Bnk-Rt-Nagar/080P1227959404E2K1Y9_BZDET?ncatid=10470288&area=Adarsh%20Nagar%20Rt%20Nagar&search=%20Tailors%20For%20Women%20in%20Adarsh-Nagar-Rt-Nagar,%20Bangalore%20&mncatname=Ladies%20Tailors",
"Abhinay Tailoring Materials","Cross Papanna Block Ganganagar","08069917049","3.3","8 Ratings","Open until 9:00 pm41 Years in Business","https://www.justdial.com/Bangalore/Abhinay-Tailoring-Materials-Near-Raghavendra-Bakery-Road-100-Feet-Ahead-Ganganagar/080PXX80-XX80-130914133253-R5G5_BZDET?ncatid=10470288&area=Adarsh%20Nagar%20Rt%20Nagar&search=%20Tailors%20For%20Women%20in%20Adarsh-Nagar-Rt-Nagar,%20Bangalore%20&mncatname=Ladies%20Tailors",
"Padmini Stitching And Learning Centre","","08095365188","4.7","7 Ratings","Open until 6:00 pm7 Years in Business","https://www.justdial.com/Bangalore/Padmini-Stitching-And-Learning-Centre-Near-Kavitha-Mess/080PXX80-XX80-220604175010-T2V1_BZDET?ncatid=10470288&area=Adarsh%20Nagar%20Rt%20Nagar&search=%20Tailors%20For%20Women%20in%20Adarsh-Nagar-Rt-Nagar,%20Bangalore%20&mncatname=Ladies%20Tailors",
"NAAZ Art Embroidery Works","Seethappa Layout Chamundinagar","09916553962","4.4","7 Ratings","Open until 10:00 pm10 Years in Business","https://www.justdial.com/Bangalore/NAAZ-Art-Embroidery-Works-Near-Shalini-Bar-Chamundinagar/080PXX80-XX80-121225143045-L1X2_BZDET?ncatid=10470288&area=Adarsh%20Nagar%20Rt%20Nagar&search=%20Tailors%20For%20Women%20in%20Adarsh-Nagar-Rt-Nagar,%20Bangalore%20&mncatname=Ladies%20Tailors",
"Western Boutique","5th Main Ganganagar","09980476856","4.6","6 Ratings","Open until 10:00 pm14 Years in Business","https://www.justdial.com/Bangalore/Western-Boutique-Near-Kanti-Sweets-Ganganagar/080PXX80-XX80-130312115459-L7L9_BZDET?ncatid=10470288&area=Adarsh%20Nagar%20Rt%20Nagar&search=%20Tailors%20For%20Women%20in%20Adarsh-Nagar-Rt-Nagar,%20Bangalore%20&mncatname=Ladies%20Tailors",
"Lulu Boutique","kenchappa Garden Rt Nagar","09035704134","5.0","4 Ratings","Opens at 9:00 am tomorrow27 Years in Business","https://www.justdial.com/Bangalore/Lulu-Boutique-Near-Elegant-School-Rt-Nagar/080PXX80-XX80-161019105105-Y3V2_BZDET?ncatid=10470288&area=Adarsh%20Nagar%20Rt%20Nagar&search=%20Tailors%20For%20Women%20in%20Adarsh-Nagar-Rt-Nagar,%20Bangalore%20&mncatname=Ladies%20Tailors",
"Tasneems Boutique","Rt Nagar","07338616888","4.5","4 Ratings","5 Years in Business","https://www.justdial.com/Bangalore/Tasneems-Boutique-Above-Front-Line-Pharmacy-Rt-Nagar/080PXX80-XX80-180315124528-Z6S4_BZDET?ncatid=10470288&area=Adarsh%20Nagar%20Rt%20Nagar&search=%20Tailors%20For%20Women%20in%20Adarsh-Nagar-Rt-Nagar,%20Bangalore%20&mncatname=Ladies%20Tailors",
"vasthra fashions","Kavalnyrasandra Rt Nagar","09980583082","4.5","4 Ratings","Open until 8:30 pm","https://www.justdial.com/Bangalore/Vasthra-fashions-Rt-Nagar/080PXX80-XX80-100803173508-U1T3_BZDET?ncatid=10470288&area=Adarsh%20Nagar%20Rt%20Nagar&search=%20Tailors%20For%20Women%20in%20Adarsh-Nagar-Rt-Nagar,%20Bangalore%20&mncatname=Ladies%20Tailors",
"Goutham Ladies Tailor","Appanna Block Kauser Nagar","08553315886","4.5","4 Ratings","Open 24 Hrs7 Years in Business","https://www.justdial.com/Bangalore/Goutham-Ladies-Tailor-Dasappa-Garden-Kauser-Nagar/080PXX80-XX80-160912193416-F5N4_BZDET?ncatid=10470288&area=Adarsh%20Nagar%20Rt%20Nagar&search=%20Tailors%20For%20Women%20in%20Adarsh-Nagar-Rt-Nagar,%20Bangalore%20&mncatname=Ladies%20Tailors",
"Al Madeena Lovely Ladies Tailor","Cross Kausar Dinnur Main Road","09448029297","4.5","4 Ratings","Open until 10:00 pm28 Years in Business","https://www.justdial.com/Bangalore/Al-Madeena-Lovely-Ladies-Tailor-Behind-City-Medical-Dinnur-Main-Road/080P1226745366W6G6L9_BZDET?ncatid=10470288&area=Adarsh%20Nagar%20Rt%20Nagar&search=%20Tailors%20For%20Women%20in%20Adarsh-Nagar-Rt-Nagar,%20Bangalore%20&mncatname=Ladies%20Tailors",
"Anjus Ladies Tailors","Rt Nagar Po Bhuvaneshwari Nagar","09036996782","4.2","4 Ratings","Open until 10:00 pm20 Years in Business","https://www.justdial.com/Bangalore/Anjus-Ladies-Tailors-Near-Williams-International-College-Bhuvaneshwari-Nagar/080P1222087120G2I3H3_BZDET?ncatid=10470288&area=Adarsh%20Nagar%20Rt%20Nagar&search=%20Tailors%20For%20Women%20in%20Adarsh-Nagar-Rt-Nagar,%20Bangalore%20&mncatname=Ladies%20Tailors",
"Samreen Ladies Wear","Devegowda Main Road Rt Nagar","09423409000","4.0","4 Ratings","Open until 9:00 pm9 Years in Business","https://www.justdial.com/Bangalore/Samreen-Ladies-Wear-Near-V-Care-Hospital-Rt-Nagar/080PXX80-XX80-130128135307-H2S3_BZDET?ncatid=10470288&area=Adarsh%20Nagar%20Rt%20Nagar&search=%20Tailors%20For%20Women%20in%20Adarsh-Nagar-Rt-Nagar,%20Bangalore%20&mncatname=Ladies%20Tailors",
"Bharath Boutique","Ganganagar 4th main Rt Nagar","06360409076","3.7","4 Ratings","Opens at 9:00 am tomorrow6 Years in Business","https://www.justdial.com/Bangalore/Bharath-Boutique-Near-ex-mla-Rt-Nagar/080PXX80-XX80-171014160143-C5Q2_BZDET?ncatid=10470288&area=Adarsh%20Nagar%20Rt%20Nagar&search=%20Tailors%20For%20Women%20in%20Adarsh-Nagar-Rt-Nagar,%20Bangalore%20&mncatname=Ladies%20Tailors",
"Sangam Ladies Tailor","RT Nagar Post Rt Nagar","09945776549","3.4","4 Ratings","Open until 9:30 pm14 Years in Business","https://www.justdial.com/Bangalore/Sangam-Ladies-Tailor-Near-to-Chaithra-Darsani-Rt-Nagar/080PXX80-XX80-110109112851-P6R5_BZDET?ncatid=10470288&area=Adarsh%20Nagar%20Rt%20Nagar&search=%20Tailors%20For%20Women%20in%20Adarsh-Nagar-Rt-Nagar,%20Bangalore%20&mncatname=Ladies%20Tailors",
"Scale Suits (dnt)","Venkataswamappa Layout Rt Nagar","09620203434","5.0","3 Ratings","Open 24 Hrs13 Years in Business","https://www.justdial.com/Bangalore/Scale-Suits-dnt-Rt-Nagar/080PXX80-XX80-160305003007-I5N4_BZDET?ncatid=10470288&area=Adarsh%20Nagar%20Rt%20Nagar&search=%20Tailors%20For%20Women%20in%20Adarsh-Nagar-Rt-Nagar,%20Bangalore%20&mncatname=Ladies%20Tailors",
"Saba Fashion Boutique","Chamundi Nagar Main Rt Nagar","09631897029","4.3","3 Ratings","Opens in 22 mins4 Years in Business","https://www.justdial.com/Bangalore/Saba-Fashion-Boutique-Near-New-Garden-Public-School-Rt-Nagar/080PXX80-XX80-190627224510-Q9W1_BZDET?ncatid=10470288&area=Adarsh%20Nagar%20Rt%20Nagar&search=%20Tailors%20For%20Women%20in%20Adarsh-Nagar-Rt-Nagar,%20Bangalore%20&mncatname=Ladies%20Tailors",
"Fashion Wave","Choudaiah Block Rt Nagar","09535811431","4.3","3 Ratings","Open until 8:00 pm11 Years in Business","https://www.justdial.com/Bangalore/Fashion-Wave-Near-Siddhart-Public-School-Rt-Nagar/080PXX80-XX80-170910162003-C8H5_BZDET?ncatid=10470288&area=Adarsh%20Nagar%20Rt%20Nagar&search=%20Tailors%20For%20Women%20in%20Adarsh-Nagar-Rt-Nagar,%20Bangalore%20&mncatname=Ladies%20Tailors",
"Athiti Fashion Ladies Tailor","Rt Nagar","07338616888","4.3","3 Ratings","Open until 9:00 pm8 Years in Business","https://www.justdial.com/Bangalore/Athiti-Fashion-Ladies-Tailor-Near-BDA-COMPLEX-Rt-Nagar/080PXX80-XX80-161020113801-X1U8_BZDET?ncatid=10470288&area=Adarsh%20Nagar%20Rt%20Nagar&search=%20Tailors%20For%20Women%20in%20Adarsh-Nagar-Rt-Nagar,%20Bangalore%20&mncatname=Ladies%20Tailors",
"New Fashion Ladies Tailors","Palya Main Road Sultan Palya","07338616888","4.0","3 Ratings","Open until 8:00 pm13 Years in Business","https://www.justdial.com/Bangalore/New-Fashion-Ladies-Tailors-Opp-MK-Tiles-Sultan-Palya/080PXX80-XX80-100414171954-H8D9_BZDET?ncatid=10470288&area=Adarsh%20Nagar%20Rt%20Nagar&search=%20Tailors%20For%20Women%20in%20Adarsh-Nagar-Rt-Nagar,%20Bangalore%20&mncatname=Ladies%20Tailors",
"K Yash Fashions","Ex servicemen colony Rt Nagar","09886154923","4.0","3 Ratings","Open until 8:00 pm15 Years in Business","https://www.justdial.com/Bangalore/K-Yash-Fashions-Chaithanya-hospital-Rt-Nagar/080PXX80-XX80-140104120657-A8L3_BZDET?ncatid=10470288&area=Adarsh%20Nagar%20Rt%20Nagar&search=%20Tailors%20For%20Women%20in%20Adarsh-Nagar-Rt-Nagar,%20Bangalore%20&mncatname=Ladies%20Tailors",
"Rose Petal Boutique","2nd Block Rt Nagar","08041244643","3.3","3 Ratings","Open until 7:30 pm","https://www.justdial.com/Bangalore/Rose-Petal-Boutique-Near-Udyanavana-Park-Rt-Nagar/080PK010483_BZDET?ncatid=10470288&area=Adarsh%20Nagar%20Rt%20Nagar&search=%20Tailors%20For%20Women%20in%20Adarsh-Nagar-Rt-Nagar,%20Bangalore%20&mncatname=Ladies%20Tailors",
"Her Choice","Dinnur Main Road Rt Nagar","09844535185","3.0","3 Ratings","Open until 8:00 pm17 Years in Business","https://www.justdial.com/Bangalore/Her-Choice-Opp-Navodaya-Vidyaniketan-School-Rt-Nagar/080P1227849531U6I5D6_BZDET?ncatid=10470288&area=Adarsh%20Nagar%20Rt%20Nagar&search=%20Tailors%20For%20Women%20in%20Adarsh-Nagar-Rt-Nagar,%20Bangalore%20&mncatname=Ladies%20Tailors",
"Mathew Ladies Fashion Designer","Nagar Main Road Rt Nagar","09036122609","5.0","2 Ratings","Open until 9:00 pm9 Years in Business","https://www.justdial.com/Bangalore/Mathew-Ladies-Fashion-Designer-Next-to-SBI-ATM-Rt-Nagar/080PXX80-XX80-141209170639-I1X7_BZDET?ncatid=10470288&area=Adarsh%20Nagar%20Rt%20Nagar&search=%20Tailors%20For%20Women%20in%20Adarsh-Nagar-Rt-Nagar,%20Bangalore%20&mncatname=Ladies%20Tailors",
"Pooja Fashion","CIL L/o Rt Nagar","09844313304","5.0","2 Ratings","Open until 9:00 pm23 Years in Business","https://www.justdial.com/Bangalore/Pooja-Fashion-Near-Narayana-School-and-College-Rt-Nagar/080PXX80-XX80-140916120943-C5I5_BZDET?ncatid=10470288&area=Adarsh%20Nagar%20Rt%20Nagar&search=%20Tailors%20For%20Women%20in%20Adarsh-Nagar-Rt-Nagar,%20Bangalore%20&mncatname=Ladies%20Tailors",
"Nainchara designer studio","4th cross Dinnur Main Road","09663214020","5.0","2 Ratings","Open until 9:30 pm8 Years in Business","https://www.justdial.com/Bangalore/Nainchara-designer-studio-Main-road-Dinnur-Main-Road/080PXX80-XX80-150903152112-M5W1_BZDET?ncatid=10470288&area=Adarsh%20Nagar%20Rt%20Nagar&search=%20Tailors%20For%20Women%20in%20Adarsh-Nagar-Rt-Nagar,%20Bangalore%20&mncatname=Ladies%20Tailors",
"Shaheen Tailors","Papanna Block Ganganagar","07899436177","5.0","2 Ratings","Open until 9:30 pm25 Years in Business","https://www.justdial.com/Bangalore/Shaheen-Tailors-Near-Balaji-Sweets-Ganganagar/080P1230270687I1W8Y5_BZDET?ncatid=10470288&area=Adarsh%20Nagar%20Rt%20Nagar&search=%20Tailors%20For%20Women%20in%20Adarsh-Nagar-Rt-Nagar,%20Bangalore%20&mncatname=Ladies%20Tailors",
"N S M Tailoring","Sultanpalya Main Road Rt Nagar","08880222127","4.8","2 Ratings","Open until 10:00 pm11 Years in Business","https://www.justdial.com/Bangalore/N-S-M-Tailoring-Near-Gokal-Public-School-Rt-Nagar/080PXX80-XX80-140901131522-Y3Q1_BZDET?ncatid=10470288&area=Adarsh%20Nagar%20Rt%20Nagar&search=%20Tailors%20For%20Women%20in%20Adarsh-Nagar-Rt-Nagar,%20Bangalore%20&mncatname=Ladies%20Tailors",
"Neelam Boutique & Designers","Main Road Cholanayakanahalli","06362697390","4.8","2 Ratings","Open until 8:30 pm8 Years in Business","https://www.justdial.com/Bangalore/Neelam-Boutique-Designers-Near-Sub-Register-Office-Cholanayakanahalli/080PXX80-XX80-150829113102-A4U3_BZDET?ncatid=10470288&area=Adarsh%20Nagar%20Rt%20Nagar&search=%20Tailors%20For%20Women%20in%20Adarsh-Nagar-Rt-Nagar,%20Bangalore%20&mncatname=Ladies%20Tailors",
"Megha Boutique","Main Road Rt Nagar","08095252040","4.8","2 Ratings","Open until 9:00 pm18 Years in Business","https://www.justdial.com/Bangalore/Megha-Boutique-Opp-Anjaneya-Temple-Bus-Stop-Rt-Nagar/080PXX80-XX80-121215103750-F5L3_BZDET?ncatid=10470288&area=Adarsh%20Nagar%20Rt%20Nagar&search=%20Tailors%20For%20Women%20in%20Adarsh-Nagar-Rt-Nagar,%20Bangalore%20&mncatname=Ladies%20Tailors",
"Adam Tailors","Chamundi Nagar Rt Nagar","09945076005","4.7","2 Ratings","Open until 9:30 pm","https://www.justdial.com/Bangalore/Adam-Tailors-Near-Shalini-Bar-Rt-Nagar/080PXX80-XX80-180728121013-Y8T8_BZDET?ncatid=10470288&area=Adarsh%20Nagar%20Rt%20Nagar&search=%20Tailors%20For%20Women%20in%20Adarsh-Nagar-Rt-Nagar,%20Bangalore%20&mncatname=Ladies%20Tailors",
"Style Studio","Colony Main Road Rt Nagar","09008531999","4.5","2 Ratings","Open until 9:30 pm24 Years in Business","https://www.justdial.com/Bangalore/Style-Studio-Near-Bharath-Petrol-Pump-Opposite-Khb-Quarters-Rt-Nagar/080PXX80-XX80-121213170920-T1X2_BZDET?ncatid=10470288&area=Adarsh%20Nagar%20Rt%20Nagar&search=%20Tailors%20For%20Women%20in%20Adarsh-Nagar-Rt-Nagar,%20Bangalore%20&mncatname=Ladies%20Tailors",
"Unique Fashion","Nagar Main Road Rt Nagar","08095042652","4.5","2 Ratings","Open until 10:00 pm19 Years in Business","https://www.justdial.com/Bangalore/Unique-Fashion-Near-Venkateshwara-Temple-Rt-Nagar/080PXX80-XX80-131222153041-C5U3_BZDET?ncatid=10470288&area=Adarsh%20Nagar%20Rt%20Nagar&search=%20Tailors%20For%20Women%20in%20Adarsh-Nagar-Rt-Nagar,%20Bangalore%20&mncatname=Ladies%20Tailors",
"Jyoti Ladies Tailor","Vasanthappa block Ganganagar","09036692084","4.5","2 Ratings","Open until 8:30 pm17 Years in Business","https://www.justdial.com/Bangalore/Jyoti-Ladies-Tailor-Behind-KANTI-SWEETS-Ganganagar/080PXX80-XX80-161205122848-Y5W5_BZDET?ncatid=10470288&area=Adarsh%20Nagar%20Rt%20Nagar&search=%20Tailors%20For%20Women%20in%20Adarsh-Nagar-Rt-Nagar,%20Bangalore%20&mncatname=Ladies%20Tailors",
"Swara Design","Anand Nagar Rt Nagar","09886990770","4.5","2 Ratings","Open until 8:30 pm8 Years in Business","https://www.justdial.com/Bangalore/Swara-Design-Near-Atria-School-Balaji-Layout-Rt-Nagar/080PXX80-XX80-150810130310-U5C8_BZDET?ncatid=10470288&area=Adarsh%20Nagar%20Rt%20Nagar&search=%20Tailors%20For%20Women%20in%20Adarsh-Nagar-Rt-Nagar,%20Bangalore%20&mncatname=Ladies%20Tailors",
"Bhavani Ladies Tailor","MAIN GANGA NAGAR GANGANAGAR","09738976106","4.3","2 Ratings","Open until 9:00 pm","https://www.justdial.com/Bangalore/Bhavani-Ladies-Tailor-KANTI-SWEETS-GANGANAGAR/080PXX80-XX80-161218144531-J3K9_BZDET?ncatid=10470288&area=Adarsh%20Nagar%20Rt%20Nagar&search=%20Tailors%20For%20Women%20in%20Adarsh-Nagar-Rt-Nagar,%20Bangalore%20&mncatname=Ladies%20Tailors",
"F J Ladies Tailor","nagar main road Chamundinagar","08892937319","4.3","2 Ratings","Open until 9:00 pm23 Years in Business","https://www.justdial.com/Bangalore/F-J-Ladies-Tailor-Beside-CHAMUNDI-TEMPLE-Chamundinagar/080PXX80-XX80-161026164207-R8E4_BZDET?ncatid=10470288&area=Adarsh%20Nagar%20Rt%20Nagar&search=%20Tailors%20For%20Women%20in%20Adarsh-Nagar-Rt-Nagar,%20Bangalore%20&mncatname=Ladies%20Tailors",
"Fashion Abode","Modi Garden-Kaval Byrasandra","08022277075","4.3","2 Ratings","Open until 10:00 pm14 Years in Business","https://www.justdial.com/Bangalore/Fashion-Abode-Masjid-Modi-Garden-Kaval-Byrasandra/080PXX80-XX80-141218162848-L7J4_BZDET?ncatid=10470288&area=Adarsh%20Nagar%20Rt%20Nagar&search=%20Tailors%20For%20Women%20in%20Adarsh-Nagar-Rt-Nagar,%20Bangalore%20&mncatname=Ladies%20Tailors",
"Bombay Boutique Tailor","5th Main Road Ganganagar","08197985136","4.3","2 Ratings","Open until 9:00 pm29 Years in Business","https://www.justdial.com/Bangalore/Bombay-Boutique-Tailor-Near-Sree-Ganesh-Juice-Centre-Next-to-Balaji-Sweets-Ganganagar/080PXX80-XX80-130823101407-V4I2_BZDET?ncatid=10470288&area=Adarsh%20Nagar%20Rt%20Nagar&search=%20Tailors%20For%20Women%20in%20Adarsh-Nagar-Rt-Nagar,%20Bangalore%20&mncatname=Ladies%20Tailors",
"Royal Boutique Ladies Tailor","Road-R T Nagar Rt Nagar","08050152597","4.0","2 Ratings","Open until 9:30 pm7 Years in Business","https://www.justdial.com/Bangalore/Royal-Boutique-Ladies-Tailor-Beside-Church-Op-New-Gen-School-Rt-Nagar/080P1227173924B1T4F2_BZDET?ncatid=10470288&area=Adarsh%20Nagar%20Rt%20Nagar&search=%20Tailors%20For%20Women%20in%20Adarsh-Nagar-Rt-Nagar,%20Bangalore%20&mncatname=Ladies%20Tailors",
"Shabnams Boutique Hand Embroidery","3rd Cross Rt Nagar","08792382500","4.0","2 Ratings","Open until 9:30 pm","https://www.justdial.com/Bangalore/Shabnams-Boutique-Hand-Embroidery-Near-Punith-Rajkumar-Apartment-Rt-Nagar/080PXX80-XX80-181121123624-M8F7_BZDET?ncatid=10470288&area=Adarsh%20Nagar%20Rt%20Nagar&search=%20Tailors%20For%20Women%20in%20Adarsh-Nagar-Rt-Nagar,%20Bangalore%20&mncatname=Ladies%20Tailors",
"Darpan Fashion","& T Colony Rt Nagar","09845610766","4.0","2 Ratings","Open until 9:30 pm35 Years in Business","https://www.justdial.com/Bangalore/Darpan-Fashion-Near-BDA-COMPLEX-Rt-Nagar/080PXX80-XX80-130409173448-T7P5_BZDET?ncatid=10470288&area=Adarsh%20Nagar%20Rt%20Nagar&search=%20Tailors%20For%20Women%20in%20Adarsh-Nagar-Rt-Nagar,%20Bangalore%20&mncatname=Ladies%20Tailors",
"Adeeba","Rt Nagar Main Road Rt Nagar","09886096618","4.0","2 Ratings","Opens in 20 mins10 Years in Business","https://www.justdial.com/Bangalore/Adeeba-Near-Rt-Nagar-Post-Office-Rt-Nagar/080PXX80-XX80-140419180509-B4N8_BZDET?ncatid=10470288&area=Adarsh%20Nagar%20Rt%20Nagar&search=%20Tailors%20For%20Women%20in%20Adarsh-Nagar-Rt-Nagar,%20Bangalore%20&mncatname=Ladies%20Tailors",
"R V Fashion","Vasanthappa Block Ganganagar","09743542059","4.0","2 Ratings","Open until 9:30 pm","https://www.justdial.com/Bangalore/R-V-Fashion-Opp-Kanti-Sweet-Ganganagar/080PXX80-XX80-181017123718-J6W7_BZDET?ncatid=10470288&area=Adarsh%20Nagar%20Rt%20Nagar&search=%20Tailors%20For%20Women%20in%20Adarsh-Nagar-Rt-Nagar,%20Bangalore%20&mncatname=Ladies%20Tailors",
"Devangana","Cross Athmananda Colony Rt Nagar","08861943109","3.8","2 Ratings","Open until 9:00 pm7 Years in Business","https://www.justdial.com/Bangalore/Devangana-Near-Coorg-Food-Choice-Rt-Nagar/080PXX80-XX80-161125180517-P3B4_BZDET?ncatid=10470288&area=Adarsh%20Nagar%20Rt%20Nagar&search=%20Tailors%20For%20Women%20in%20Adarsh-Nagar-Rt-Nagar,%20Bangalore%20&mncatname=Ladies%20Tailors",
"Sai Creations","Rt Nagar Post Sultan Palya","09880958219","3.5","2 Ratings","Open until 8:30 pm12 Years in Business","https://www.justdial.com/Bangalore/Sai-Creations-Next-to-Honey-Land-Bakery-Sultan-Palya/080PXX80-XX80-130629121809-X8N8_BZDET?ncatid=10470288&area=Adarsh%20Nagar%20Rt%20Nagar&search=%20Tailors%20For%20Women%20in%20Adarsh-Nagar-Rt-Nagar,%20Bangalore%20&mncatname=Ladies%20Tailors",
"Saddhana's creations","Rt Nagar","07338616888","3.5","2 Ratings","Open until 7:30 pm26 Years in Business","https://www.justdial.com/Bangalore/Saddhanas-creations-Rt-Nagar/080PXX80-XX80-131214144849-B1J5_BZDET?ncatid=10470288&area=Adarsh%20Nagar%20Rt%20Nagar&search=%20Tailors%20For%20Women%20in%20Adarsh-Nagar-Rt-Nagar,%20Bangalore%20&mncatname=Ladies%20Tailors",
"N S Roa Boutique","Dinnur Main Road Rt Nagar","08147056931","3.0","2 Ratings","Open until 9:30 pm17 Years in Business","https://www.justdial.com/Bangalore/N-S-Roa-Boutique-Opposite-White-House-Rt-Nagar/080PXX80-XX80-150226134407-U6Y5_BZDET?ncatid=10470288&area=Adarsh%20Nagar%20Rt%20Nagar&search=%20Tailors%20For%20Women%20in%20Adarsh-Nagar-Rt-Nagar,%20Bangalore%20&mncatname=Ladies%20Tailors",
"Marudhar Creations","Anjannappa Block Rt Nagar","08310737679","2.5","2 Ratings","Open until 9:30 pm23 Years in Business","https://www.justdial.com/Bangalore/Marudhar-Creations-Near-Ganesha-Temple-Dinnur-Main-Road-Rt-Nagar/080PXX80-XX80-131010112801-B2M6_BZDET?ncatid=10470288&area=Adarsh%20Nagar%20Rt%20Nagar&search=%20Tailors%20For%20Women%20in%20Adarsh-Nagar-Rt-Nagar,%20Bangalore%20&mncatname=Ladies%20Tailors",
"Swagath Tailors","10th Main Road Ganganagar","09900322380","2.5","2 Ratings","Open until 9:00 pm23 Years in Business","https://www.justdial.com/Bangalore/Swagath-Tailors-Opp-to-St-Marys-Auto-Electricals-Ganganagar/080PXX80-XX80-150522111458-M2E8_BZDET?ncatid=10470288&area=Adarsh%20Nagar%20Rt%20Nagar&search=%20Tailors%20For%20Women%20in%20Adarsh-Nagar-Rt-Nagar,%20Bangalore%20&mncatname=Ladies%20Tailors",
"Alankrutha Fashion","B Block Rt Nagar","09742509965","5.0","1 Ratings","Opens at 12:00 PM","https://www.justdial.com/Bangalore/Alankrutha-Fashion-Opposite-Family-Super-Market-Kanaka-Nagar-Rt-Nagar/080PXX80-XX80-180713132058-N9Y9_BZDET?ncatid=10470288&area=Adarsh%20Nagar%20Rt%20Nagar&search=%20Tailors%20For%20Women%20in%20Adarsh-Nagar-Rt-Nagar,%20Bangalore%20&mncatname=Ladies%20Tailors",
"Style Studio Fashion Designer","Khb Colony Main Road Rt Nagar","08041516173","5.0","1 Ratings","Open until 9:00 pm24 Years in Business","https://www.justdial.com/Bangalore/Style-Studio-Fashion-Designer-Opposite-to-KHB-Quaters-Rt-Nagar/080PXX80-XX80-150213132420-V1J3_BZDET?ncatid=10470288&area=Adarsh%20Nagar%20Rt%20Nagar&search=%20Tailors%20For%20Women%20in%20Adarsh-Nagar-Rt-Nagar,%20Bangalore%20&mncatname=Ladies%20Tailors",
"Sneha Ladies Tailor","Bhuvaneshwari Nagar Rt Nagar","09972566540","5.0","1 Ratings","Open until 10:00 pm15 Years in Business","https://www.justdial.com/Bangalore/Sneha-Ladies-Tailor-Near-Acharya-College-Rt-Nagar/080PXX80-XX80-121210122010-G2P2_BZDET?ncatid=10470288&area=Adarsh%20Nagar%20Rt%20Nagar&search=%20Tailors%20For%20Women%20in%20Adarsh-Nagar-Rt-Nagar,%20Bangalore%20&mncatname=Ladies%20Tailors",
"S B Hand Embroidery","Chamundinagar Rt Nagar","09342232533","5.0","1 Ratings","Open until 8:00 pm19 Years in Business","https://www.justdial.com/Bangalore/S-B-Hand-Embroidery-Near-Fatima-Medical-R-K-Tailors-Rt-Nagar/080PXX80-XX80-130714145413-I3H3_BZDET?ncatid=10470288&area=Adarsh%20Nagar%20Rt%20Nagar&search=%20Tailors%20For%20Women%20in%20Adarsh-Nagar-Rt-Nagar,%20Bangalore%20&mncatname=Ladies%20Tailors",
"Tabassum Boutique","Sultanpalya Deadend Rt Nagar","08792382500","5.0","1 Ratings","Open until 10:00 pm20 Years in Business","https://www.justdial.com/Bangalore/Tabassum-Boutique-Opposite-to-GAGAN-DArshan-APartment-Rt-Nagar/080PXX80-XX80-161219170831-V5Q4_BZDET?ncatid=10470288&area=Adarsh%20Nagar%20Rt%20Nagar&search=%20Tailors%20For%20Women%20in%20Adarsh-Nagar-Rt-Nagar,%20Bangalore%20&mncatname=Ladies%20Tailors",
"Shree Sai Creations","KHB ROAD KANAKA NAGAR Rt Nagar","09964798211","5.0","1 Ratings","Open until 8:00 pm7 Years in Business","https://www.justdial.com/Bangalore/Shree-Sai-Creations-Near-FAMILY-SUPER-MARKET-Rt-Nagar/080PXX80-XX80-161221165228-I1K2_BZDET?ncatid=10470288&area=Adarsh%20Nagar%20Rt%20Nagar&search=%20Tailors%20For%20Women%20in%20Adarsh-Nagar-Rt-Nagar,%20Bangalore%20&mncatname=Ladies%20Tailors",
"A1 Fashions Ladies Tailors","2nd Cross Rt Nagar","09900965771","5.0","1 Ratings","Open until 9:30 pm9 Years in Business","https://www.justdial.com/Bangalore/A1-Fashions-Ladies-Tailors-Near-Families-Super-Market-and-Acharya-College-Rt-Nagar/080PXX80-XX80-150827113838-F4E4_BZDET?ncatid=10470288&area=Adarsh%20Nagar%20Rt%20Nagar&search=%20Tailors%20For%20Women%20in%20Adarsh-Nagar-Rt-Nagar,%20Bangalore%20&mncatname=Ladies%20Tailors",
"HKGN ladies tailor","14th cross Manorayana Palya","09066291489","5.0","1 Ratings","Open until 11:00 pm21 Years in Business","https://www.justdial.com/Bangalore/HKGN-ladies-tailor-Near-ai-bakery-Manorayana-Palya/080PXX80-XX80-131218123841-F9D1_BZDET?ncatid=10470288&area=Adarsh%20Nagar%20Rt%20Nagar&search=%20Tailors%20For%20Women%20in%20Adarsh-Nagar-Rt-Nagar,%20Bangalore%20&mncatname=Ladies%20Tailors",
"Ms Khan","KHB Road Rt Nagar","09686601734","5.0","1 Ratings","Open until 9:30 pm","https://www.justdial.com/Bangalore/Ms-Khan-Near-P-T-Quarters-Rt-Nagar/080PXX80-XX80-140111114818-Y1X6_BZDET?ncatid=10470288&area=Adarsh%20Nagar%20Rt%20Nagar&search=%20Tailors%20For%20Women%20in%20Adarsh-Nagar-Rt-Nagar,%20Bangalore%20&mncatname=Ladies%20Tailors",
"Divine Fashion Designer","Dinnur Main Road","09972942097","5.0","1 Ratings","Open until 8:30 pm14 Years in Business","https://www.justdial.com/Bangalore/Divine-Fashion-Designer-Opposite-To-White-House-Dinnur-Main-Road/080PXX80-XX80-130721100847-F8H7_BZDET?ncatid=10470288&area=Adarsh%20Nagar%20Rt%20Nagar&search=%20Tailors%20For%20Women%20in%20Adarsh-Nagar-Rt-Nagar,%20Bangalore%20&mncatname=Ladies%20Tailors",
