Name,Address,Phone,Reviews,Rating,Hours of operations,Link
"Shruthi Designer Boutique","Hotel Side Yelahanka New Town","09590885934","4.5","34 Ratings","Open until 7:00 pm25 Years in Business","https://www.justdial.com/Bangalore/Shruthi-Designer-Boutique-Kottakkal-Hospital-Yelahanka-New-Town/080PXX80-XX80-120709204851-N8U5_BZDET?ncatid=10470288&area=Anantapura&search=%20Tailors%20For%20Women%20in%20Anantapura,%20Bangalore%20&mncatname=Ladies%20Tailors",
"Shobha Boutique","Mother Dairy Circle Yelahanka","09805909898","4.7","135 Ratings","Open until 8:00 pm5 Years in Business","https://www.justdial.com/Bangalore/Shobha-Boutique-Kottakkal-Arya-Vaidya-Shala-Yelahanka/080PXX80-XX80-181204135502-V6D3_BZDET?ncatid=10470288&area=Anantapura&search=%20Tailors%20For%20Women%20in%20Anantapura,%20Bangalore%20&mncatname=Ladies%20Tailors",
"Bhavana Ladies Tailor","Hospital Road Yelahanka","09986231333","3.7","506 Ratings","Open until 2:00 pm16 Years in Business","https://www.justdial.com/Bangalore/Bhavana-Ladies-Tailor-Near-Bus-Stand-Yelahanka/080PXX80-XX80-140731114250-L1T4_BZDET?ncatid=10470288&area=Anantapura&search=%20Tailors%20For%20Women%20in%20Anantapura,%20Bangalore%20&mncatname=Ladies%20Tailors",
"Angalakruthi Bridal Boutique","Service Road Yelahanka","08884347333","4.6","215 Ratings","Open until 6:00 pm7 Years in Business","https://www.justdial.com/Bangalore/Angalakruthi-Bridal-Boutique-Above-Vinayaka-Steel-Shop-Enkatala-Village-Busstop-Yelahanka/080PXX80-XX80-160528003318-I9M9_BZDET?ncatid=10470288&area=Anantapura&search=%20Tailors%20For%20Women%20in%20Anantapura,%20Bangalore%20&mncatname=Ladies%20Tailors",
"Ayesha Fashion Designer","Nagar Yelahanka Yelahanka","09606313423","4.8","14 Ratings","Open until 9:00 pm","https://www.justdial.com/Bangalore/Ayesha-Fashion-Designer-MwdtbYi-Sappthgiri-Traders-Yelahanka/080PXX80-XX80-190719131424-P4E8_BZDET?ncatid=10470288&area=Anantapura&search=%20Tailors%20For%20Women%20in%20Anantapura,%20Bangalore%20&mncatname=Ladies%20Tailors",
"Pearls Fashion","Telecom Layout-Jakkur","09663982857","4.8","13 Ratings","Open until 8:00 pm3 Years in Business","https://www.justdial.com/Bangalore/Pearls-Fashion-Telecom-Layout-Jakkur/080PXX80-XX80-210406133909-M5J6_BZDET?ncatid=10470288&area=Anantapura&search=%20Tailors%20For%20Women%20in%20Anantapura,%20Bangalore%20&mncatname=Ladies%20Tailors",
"Trend Tailor Boutique","B Main Yelahanka New Town","09590885934","5.0","4 Ratings","Open until 8:30 pm","https://www.justdial.com/Bangalore/Trend-Tailor-Boutique-Near-Mother-Dairy-Circle-Opp-Khadims-Yelahanka-New-Town/080PXX80-XX80-190207192430-F3M6_BZDET?ncatid=10470288&area=Anantapura&search=%20Tailors%20For%20Women%20in%20Anantapura,%20Bangalore%20&mncatname=Ladies%20Tailors",
"Creative Fabz","Nagar Bus Stop Thanisandra","09900242211","4.5","59 Ratings","Open until 9:30 pm33 Years in Business","https://www.justdial.com/Bangalore/Creative-Fabz-Opposite-Bata-Showroom-Thanisandra/080PXX80-XX80-150309114139-D5S6_BZDET?ncatid=10470288&area=Anantapura&search=%20Tailors%20For%20Women%20in%20Anantapura,%20Bangalore%20&mncatname=Ladies%20Tailors",
"Charmine Chaya Designer Studio Makeup Studio and Salon","T Dasarahalli","08310734322","4.5","72 Ratings","Open until 8:00 pm15 Years in Business","https://www.justdial.com/Bangalore/Charmine-Chaya-Designer-Studio-Makeup-Studio-and-Salon-Near-Poorvika-Showroom-T-Dasarahalli/080PXX80-XX80-200314105006-F2H5_BZDET?ncatid=10470288&area=Anantapura&search=%20Tailors%20For%20Women%20in%20Anantapura,%20Bangalore%20&mncatname=Ladies%20Tailors",
"Chimmi Garments and Saree Palace","3rd Main Road Mathikere","08023601350","4.0","570 Ratings","Open until 9:00 pm35 Years in Business","https://www.justdial.com/Bangalore/Chimmi-Garments-and-Saree-Palace-Near-Mathikere-Bus-Stop-Mathikere/080P5153233_BZDET?ncatid=10470288&area=Anantapura&search=%20Tailors%20For%20Women%20in%20Anantapura,%20Bangalore%20&mncatname=Ladies%20Tailors",
"Nivitha Fashions","Dollars Colony-Rmv 2nd Stage","07715059892","5.0","1 Ratings","Opens in 6 mins1 Year in Business","https://www.justdial.com/Bangalore/Nivitha-Fashions-Near-3m-Car-Care-Dollars-Colony-Rmv-2nd-Stage/080PXX80-XX80-220929193033-T1F9_BZDET?ncatid=10470288&area=Anantapura&search=%20Tailors%20For%20Women%20in%20Anantapura,%20Bangalore%20&mncatname=Ladies%20Tailors",
"Amyra The Fashion Studio","1st Stage HBR Layout","07259211563","4.2","81 Ratings","Open until 7:30 pm6 Years in Business","https://www.justdial.com/Bangalore/Amyra-The-Fashion-Studio-Near-BDA-Complex-HBR-Layout/080PXX80-XX80-170818120521-N4M7_BZDET?ncatid=10470288&area=Anantapura&search=%20Tailors%20For%20Women%20in%20Anantapura,%20Bangalore%20&mncatname=Ladies%20Tailors",
"Shruthi's The Boutique","Sampige Road Malleswaram","09845615841","4.3","30 Ratings","Open until 8:00 pm8 Years in Business","https://www.justdial.com/Bangalore/Shruthis-The-Boutique-Near-The-Higher-Taste-Next-to-Bosch-Showroom-Malleswaram/080PXX80-XX80-130313163404-T9Q2_BZDET?ncatid=10470288&area=Anantapura&search=%20Tailors%20For%20Women%20in%20Anantapura,%20Bangalore%20&mncatname=Ladies%20Tailors",
"Kriya Closet","3rd Cross Rt Nagar","09538040045","4.5","4 Ratings","Open until 8:00 pm","https://www.justdial.com/Bangalore/Kriya-Closet-Near-Balaji-Sweets-Rt-Nagar/080PXX80-XX80-181025120736-Q9Y3_BZDET?ncatid=10470288&area=Anantapura&search=%20Tailors%20For%20Women%20in%20Anantapura,%20Bangalore%20&mncatname=Ladies%20Tailors",
"Shimmer A Fashion Boutique","Road Mahalakshmipuram Layout","09535455816","4.4","15 Ratings","Open until 9:00 pm5 Years in Business","https://www.justdial.com/Bangalore/Shimmer-A-Fashion-Boutique-Near-By-Mahalakshmi-Metro-Station-Mahalakshmipuram-Layout/080PXX80-XX80-180807125941-N7Y2_BZDET?ncatid=10470288&area=Anantapura&search=%20Tailors%20For%20Women%20in%20Anantapura,%20Bangalore%20&mncatname=Ladies%20Tailors",
"Am Creations","Main Road 12th Cross Vyalikaval","09164786096","3.5","2 Ratings","Opens in 6 mins","https://www.justdial.com/Bangalore/Am-Creations-Vyalikaval/080PXX80-XX80-210122123932-W9Z2_BZDET?ncatid=10470288&area=Anantapura&search=%20Tailors%20For%20Women%20in%20Anantapura,%20Bangalore%20&mncatname=Ladies%20Tailors",
"Seema Nanda Antara","Ali Asker Road Cunningham Road","08041721222","4.3","17 Ratings","Opens in 6 mins18 Years in Business","https://www.justdial.com/Bangalore/Seema-Nanda-Antara-Opposite-Sigma-Mall-Cunningham-Road/080PXX80-XX80-140618133143-T1Y8_BZDET?ncatid=10470288&area=Anantapura&search=%20Tailors%20For%20Women%20in%20Anantapura,%20Bangalore%20&mncatname=Ladies%20Tailors",
"Star Boutique","Plaza 8th Cross Malleswaram","09845587315","4.1","28 Ratings","Open until 8:00 pm12 Years in Business","https://www.justdial.com/Bangalore/Star-Boutique-Basement-Of-Varamahalakshmi-Silks-Malleswaram/080PXX80-XX80-120912234359-I9P4_BZDET?ncatid=10470288&area=Anantapura&search=%20Tailors%20For%20Women%20in%20Anantapura,%20Bangalore%20&mncatname=Ladies%20Tailors",
"Blouse Well Ladies Tailor","8th Cross Malleswaram","08867563943","4.4","35 Ratings","Opens in 6 mins15 Years in Business","https://www.justdial.com/Bangalore/Blouse-Well-Ladies-Tailor-Opposite-State-Bank-Of-India-Malleswaram/080PXX80-XX80-120927165602-V2Y3_BZDET?ncatid=10470288&area=Anantapura&search=%20Tailors%20For%20Women%20in%20Anantapura,%20Bangalore%20&mncatname=Ladies%20Tailors",
"J H Consultancy Services","Church Street Lingarajapuram","09731747471","4.1","68 Ratings","Open until 6:00 pm10 Years in Business","https://www.justdial.com/Bangalore/J-H-Consultancy-Services-Below-Fly-Over-Lingarajapuram/080PXX80-XX80-130613153328-C9T8_BZDET?ncatid=10470288&area=Anantapura&search=%20Tailors%20For%20Women%20in%20Anantapura,%20Bangalore%20&mncatname=Ladies%20Tailors",
"Stylo Boutique","Manthri Square Mall Srirampuram","09036057661","3.9","69 Ratings","Opens in 5 mins28 Years in Business","https://www.justdial.com/Bangalore/Stylo-Boutique-Behind-Hanuman-Temple-Srirampuram/080PXX80-XX80-191106115839-K8R2_BZDET?ncatid=10470288&area=Anantapura&search=%20Tailors%20For%20Women%20in%20Anantapura,%20Bangalore%20&mncatname=Ladies%20Tailors",
"Akira Fashion Studio & Boutique","Neharu Main Road Kammanahalli","07888988488","4.9","398 Ratings","Open until 8:30 pm5 Years in Business","https://www.justdial.com/Bangalore/Akira-Fashion-Studio-Boutique-Near-Empire-Hotel-Kammanahalli/080PXX80-XX80-180623211136-F1A7_BZDET?ncatid=10470288&area=Anantapura&search=%20Tailors%20For%20Women%20in%20Anantapura,%20Bangalore%20&mncatname=Ladies%20Tailors",
"Sampradaya Womens Couture","CMH Road Indira Nagar 1st Stage","09019574477","4.7","264 Ratings","Open until 8:30 pm8 Years in Business","https://www.justdial.com/Bangalore/Sampradaya-Womens-Couture-Above-Fabric-Spa-Indira-Nagar-1st-Stage/080PXX80-XX80-190314185704-J2H6_BZDET?ncatid=10470288&area=Anantapura&search=%20Tailors%20For%20Women%20in%20Anantapura,%20Bangalore%20&mncatname=Ladies%20Tailors",
"Kasturi The Designer Boutique","1st Main Kasturi Nagar","06366066712","4.2","91 Ratings","Open until 8:30 pm11 Years in Business","https://www.justdial.com/Bangalore/Kasturi-The-Designer-Boutique-Next-to-Limra-Car-Zone-Kasturi-Nagar/080PXX80-XX80-130927162828-Y2G6_BZDET?ncatid=10470288&area=Anantapura&search=%20Tailors%20For%20Women%20in%20Anantapura,%20Bangalore%20&mncatname=Ladies%20Tailors",
"Spoorthy Fashions","Subbaiah Circle Mission Road","06363696965","4.6","8 Ratings","Opens in 5 mins23 Years in Business","https://www.justdial.com/Bangalore/Spoorthy-Fashions-Behind-Canara-Bank-Next-to-Phinics-Hospital-Mission-Road/080PXX80-XX80-180407143518-N4R3_BZDET?ncatid=10470288&area=Anantapura&search=%20Tailors%20For%20Women%20in%20Anantapura,%20Bangalore%20&mncatname=Ladies%20Tailors",
"Safura Embroidery Designers","Palya Main Road Ramamurthy Nagar","07338224657","4.2","22 Ratings","Open until 8:30 pm11 Years in Business","https://www.justdial.com/Bangalore/Safura-Embroidery-Designers-Near-R-K-ApartmentOpp-The-Family-Doctor-Hospital-Ramamurthy-Nagar/080PXX80-XX80-131121150415-R3P6_BZDET?ncatid=10470288&area=Anantapura&search=%20Tailors%20For%20Women%20in%20Anantapura,%20Bangalore%20&mncatname=Ladies%20Tailors",
"Bombay Textile and Tailors Raymondsuiting Shirtings and Silk Sarees","Main Road Krishnarajapuram","09986561696","4.0","109 Ratings","Open until 10:00 pm31 Years in Business","https://www.justdial.com/Bangalore/Bombay-Textile-and-Tailors-Raymondsuiting-Shirtings-and-Silk-Sarees-Bombay-Tailors-Ramurthi-Nagar-Krishnarajapuram/080PXX80-XX80-110522131606-Q1S8_BZDET?ncatid=10470288&area=Anantapura&search=%20Tailors%20For%20Women%20in%20Anantapura,%20Bangalore%20&mncatname=Ladies%20Tailors",
"Charu Creation Designers Boutique","C V Raman Nagar","09008095984","4.4","390 Ratings","Open until 8:30 pm14 Years in Business","https://www.justdial.com/Bangalore/Charu-Creation-Designers-Boutique-Near-Sct-Engineering-College-C-V-Raman-Nagar/080P1237870319J4C7G6_BZDET?ncatid=10470288&area=Anantapura&search=%20Tailors%20For%20Women%20in%20Anantapura,%20Bangalore%20&mncatname=Ladies%20Tailors",
"Nidhi Fashions","Chandra Layout Nagarbhavi","09663724626","4.4","63 Ratings","Open until 8:30 pm20 Years in Business","https://www.justdial.com/Bangalore/Nidhi-Fashions-Near-Indian-Oil-Petrol-Bunk-Nagarbhavi/080P1228198033N9Y1L8_BZDET?ncatid=10470288&area=Anantapura&search=%20Tailors%20For%20Women%20in%20Anantapura,%20Bangalore%20&mncatname=Ladies%20Tailors",
"Sai Collections","Southend Road Basavanagudi","09886799679","4.3","9 Ratings","Open until 7:00 pm9 Years in Business","https://www.justdial.com/Bangalore/Sai-Collections-Above-Udupi-Grand-Hotel-Basavanagudi/080PXX80-XX80-121103112925-N1H2_BZDET?ncatid=10470288&area=Anantapura&search=%20Tailors%20For%20Women%20in%20Anantapura,%20Bangalore%20&mncatname=Ladies%20Tailors",
"Savys Boutique","25th Cross Kaggadasapura Road","07795766790","4.4","712 Ratings","Open until 9:00 pm9 Years in Business","https://www.justdial.com/Bangalore/Savys-Boutique-Near-Hemagiri-Apartments-Kaggadasapura-Road/080PXX80-XX80-140801125416-J1C4_BZDET?ncatid=10470288&area=Anantapura&search=%20Tailors%20For%20Women%20in%20Anantapura,%20Bangalore%20&mncatname=Ladies%20Tailors",
"New Fashion Ladies Tailors","3rd Main Padmanabhanagar","08618608099","3.7","5 Ratings","Open until 9:00 pm17 Years in Business","https://www.justdial.com/Bangalore/New-Fashion-Ladies-Tailors-Near-Devegowda-House-Padmanabhanagar/080PXX80-XX80-110120132613-J7T8_BZDET?ncatid=10470288&area=Anantapura&search=%20Tailors%20For%20Women%20in%20Anantapura,%20Bangalore%20&mncatname=Ladies%20Tailors",
"Bridgit Fashion Tailors","Shop No 6 Vignana Nagar","09880431310","4.9","35 Ratings","Open until 7:30 pm4 Years in Business","https://www.justdial.com/Bangalore/Bridgit-Fashion-Tailors-Opp-Federal-Bank-Vignana-Nagar/080PXX80-XX80-190328152559-G7N5_BZDET?ncatid=10470288&area=Anantapura&search=%20Tailors%20For%20Women%20in%20Anantapura,%20Bangalore%20&mncatname=Ladies%20Tailors",
"SPS Creations & Boutique","31st A Cross Jayanagar 7th Block","09900127477","5.0","2 Ratings","Open until 10:00 pm16 Years in Business","https://www.justdial.com/Bangalore/SPS-Creations-Boutique-Opposite-Rajathadri-Hotel-Jayanagar-7th-Block/080PXX80-XX80-151230114305-Z2Q6_BZDET?ncatid=10470288&area=Anantapura&search=%20Tailors%20For%20Women%20in%20Anantapura,%20Bangalore%20&mncatname=Ladies%20Tailors",
"Style Diva","3rd Cross Jp Nagar 2nd Phase","09742782429","3.9","43 Ratings","Open until 7:30 pm15 Years in Business","https://www.justdial.com/Bangalore/Style-Diva-Behind-Shanti-Sagar-Hotel-Jp-Nagar-2nd-Phase/080PXX80-XX80-121217184305-Q7C2_BZDET?ncatid=10470288&area=Anantapura&search=%20Tailors%20For%20Women%20in%20Anantapura,%20Bangalore%20&mncatname=Ladies%20Tailors",
"Khushbu Fancy Tailoring","# 33 5th Cross Yemlur","07619561995","3.5","2 Ratings","Open 24 Hrs7 Years in Business","https://www.justdial.com/Bangalore/Khushbu-Fancy-Tailoring-Maduramma-Temple-Yemlur/080PXX80-XX80-230106185635-W2P1_BZDET?ncatid=10470288&area=Anantapura&search=%20Tailors%20For%20Women%20in%20Anantapura,%20Bangalore%20&mncatname=Ladies%20Tailors",
"SHA FASHIONS","1st E Main Koramangala 8th Block","09535043471","4.7","51 Ratings","Open until 8:00 pm8 Years in Business","https://www.justdial.com/Bangalore/SHA-FASHIONS-Near-DRBRAmbedkar-Park-Koramangala-8th-Block/080PXX80-XX80-190430131119-G7N7_BZDET?ncatid=10470288&area=Anantapura&search=%20Tailors%20For%20Women%20in%20Anantapura,%20Bangalore%20&mncatname=Ladies%20Tailors",
"Vibbhinna","Main Road Jayanagar 3rd Block","09663311799","4.3","226 Ratings","Open until 8:00 pm9 Years in Business","https://www.justdial.com/Bangalore/Vibbhinna-Opposite-Bhavani-Kangan-Store-Jayanagar-3rd-Block/080PXX80-XX80-180220154443-M5V8_BZDET?ncatid=10470288&area=Anantapura&search=%20Tailors%20For%20Women%20in%20Anantapura,%20Bangalore%20&mncatname=Ladies%20Tailors",
"Manju Fashions","C T Street Marathahalli","09845123951","3.9","75 Ratings","Open until 9:30 pm31 Years in Business","https://www.justdial.com/Bangalore/Manju-Fashions-Next-to-Chowdeswari-Temple-Marathahalli/080PXX80-XX80-121003135833-Z3Y8_BZDET?ncatid=10470288&area=Anantapura&search=%20Tailors%20For%20Women%20in%20Anantapura,%20Bangalore%20&mncatname=Ladies%20Tailors",
"Indu Fashion","2nd Stage Banashankari 2nd Stage","09448826686","3.8","34 Ratings","Open until 9:00 pm28 Years in Business","https://www.justdial.com/Bangalore/Indu-Fashion-Oppto-BDA-Complex-Ibbaco-Ice-Cream-Banashankari-2nd-Stage/080P5608874_BZDET?ncatid=10470288&area=Anantapura&search=%20Tailors%20For%20Women%20in%20Anantapura,%20Bangalore%20&mncatname=Ladies%20Tailors",
"Siri Designer Boutique","2nd Cross BTM Layout 2nd Stage","09980438140","3.4","8 Ratings","Open until 8:00 pm8 Years in Business","https://www.justdial.com/Bangalore/Siri-Designer-Boutique-Jaydeva-Signal-BTM-Layout-2nd-Stage/080PXX80-XX80-170623131146-Z2B1_BZDET?ncatid=10470288&area=Anantapura&search=%20Tailors%20For%20Women%20in%20Anantapura,%20Bangalore%20&mncatname=Ladies%20Tailors",
"Nakoda Designer Boutique","4th Cross Madiwala","09886115721","4.3","20 Ratings","Open until 8:00 pm9 Years in Business","https://www.justdial.com/Bangalore/Nakoda-Designer-Boutique-Next-to-Shanti-Sagar-Madiwala/080PXX80-XX80-150929121440-J6A1_BZDET?ncatid=10470288&area=Anantapura&search=%20Tailors%20For%20Women%20in%20Anantapura,%20Bangalore%20&mncatname=Ladies%20Tailors",
"RSG By Rupa","KHB Colony Koramangala 8th Block","08065702971","4.7","62 Ratings","Opens at 11:30 AM12 Years in Business","https://www.justdial.com/Bangalore/RSG-By-Rupa-Near-Dyu-Art-Cafe-Koramangala-8th-Block/080PXX80-XX80-110307121436-M5E8_BZDET?ncatid=10470288&area=Anantapura&search=%20Tailors%20For%20Women%20in%20Anantapura,%20Bangalore%20&mncatname=Ladies%20Tailors",
"She Temple Boutique","D Jayanagar 4th Block East","09845000433","4.4","309 Ratings","Open until 8:00 pm33 Years in Business","https://www.justdial.com/Bangalore/She-Temple-Boutique-Opposite-BSNL-Telephone-Exchange-Jayanagar-4th-Block-East/080P2903136_BZDET?ncatid=10470288&area=Anantapura&search=%20Tailors%20For%20Women%20in%20Anantapura,%20Bangalore%20&mncatname=Ladies%20Tailors",
"The Label Redefining Womens Wear","27th Main Hsr Layout Sector 1","07829311369","4.0","99 Ratings","Open until 8:00 pm14 Years in Business","https://www.justdial.com/Bangalore/The-Label-Redefining-Womens-Wear-Near-Titan-Eye-Hsr-Layout-Sector-1/080PXX80-XX80-120417181648-M2T1_BZDET?ncatid=10470288&area=Anantapura&search=%20Tailors%20For%20Women%20in%20Anantapura,%20Bangalore%20&mncatname=Ladies%20Tailors",
"My Designer","4th Stage Rajarajeshwari Nagar","09611634966","4.5","16 Ratings","Open until 8:30 pm11 Years in Business","https://www.justdial.com/Bangalore/My-Designer-Behind-HDFC-Bank-and-Near-Double-Road-Rajarajeshwari-Nagar/080PXX80-XX80-130519112730-F6N3_BZDET?ncatid=10470288&area=Anantapura&search=%20Tailors%20For%20Women%20in%20Anantapura,%20Bangalore%20&mncatname=Ladies%20Tailors",
"Megha Boutique","22nd Main HSR Layout","08904700145","4.3","2 Ratings","Opens in 4 mins10 Years in Business","https://www.justdial.com/Bangalore/Megha-Boutique-Near-Medical-Shop-HSR-Layout/080PXX80-XX80-151229121008-K3Y9_BZDET?ncatid=10470288&area=Anantapura&search=%20Tailors%20For%20Women%20in%20Anantapura,%20Bangalore%20&mncatname=Ladies%20Tailors",
"Aadiquipo Designer Studio","Rajarajeshwari Nagar","07892629425","4.7","112 Ratings","Open until 8:30 pm7 Years in Business","https://www.justdial.com/Bangalore/Aadiquipo-Designer-Studio-Near-Mantri-Alpyne-Appartment-Rajarajeshwari-Nagar/080PXX80-XX80-190604132013-S2M9_BZDET?ncatid=10470288&area=Anantapura&search=%20Tailors%20For%20Women%20in%20Anantapura,%20Bangalore%20&mncatname=Ladies%20Tailors",
"Senon Boutique","Belthur Main Road Kadugodi","07349186444","4.0","151 Ratings","Open until 7:30 pm6 Years in Business","https://www.justdial.com/Bangalore/Senon-Boutique-Near-LJ-Iyengar-Bakery-Kadugodi/080PXX80-XX80-170619115952-C8N2_BZDET?ncatid=10470288&area=Anantapura&search=%20Tailors%20For%20Women%20in%20Anantapura,%20Bangalore%20&mncatname=Ladies%20Tailors",
"Jayashree Boutique","Layout Rajarajeshwari Nagar","09535043325","4.1","6 Ratings","Open until 9:30 pm9 Years in Business","https://www.justdial.com/Bangalore/Jayashree-Boutique-Jnakshi-School-Near-Rajarajeshwari-Nagar/080PXX80-XX80-160317183534-B4R8_BZDET?ncatid=10470288&area=Anantapura&search=%20Tailors%20For%20Women%20in%20Anantapura,%20Bangalore%20&mncatname=Ladies%20Tailors",
"Buzzzest","Novel Tech Park Kudulu Gate","09900007879","5.0","3 Ratings","Opens at 10:30 am on Mon1 Year in Business","https://www.justdial.com/Bangalore/Buzzzest-Kudulu-Gate/080PXX80-XX80-230120132516-Y1J9_BZDET?ncatid=10470288&area=Anantapura&search=%20Tailors%20For%20Women%20in%20Anantapura,%20Bangalore%20&mncatname=Ladies%20Tailors",
"Rose Petals Boutique","Immadihalli Main Road Whitefield","08970340460","4.5","490 Ratings","Open until 8:00 pm9 Years in Business","https://www.justdial.com/Bangalore/Rose-Petals-Boutique-Near-Chikkanjeneya-Temple-Canara-Bank-ATM-Udupi-Veg-Hotel-Cauvery-Bakery-Whitefield/080PXX80-XX80-151012121435-S2Y4_BZDET?ncatid=10470288&area=Anantapura&search=%20Tailors%20For%20Women%20in%20Anantapura,%20Bangalore%20&mncatname=Ladies%20Tailors",
"Sri Sharda Design Studio","Doddakallasandra","08553140101","4.8","96 Ratings","Open until 9:00 pm5 Years in Business","https://www.justdial.com/Bangalore/Sri-Sharda-Design-Studio-Gokulam-Apartment-Doddakallasandra/080PXX80-XX80-180728143007-M1V8_BZDET?ncatid=10470288&area=Anantapura&search=%20Tailors%20For%20Women%20in%20Anantapura,%20Bangalore%20&mncatname=Ladies%20Tailors",
"Shrusti Creation","Dinne Jp Nagar 7th Phase","09620009438","3.7","50 Ratings","Open until 9:00 pm24 Years in Business","https://www.justdial.com/Bangalore/Shrusti-Creation-Opp-to-Podar-Jumbo-Kids-and-Next-to-Big-Bazaar-Jp-Nagar-7th-Phase/080PXX80-XX80-140430120546-K1Y8_BZDET?ncatid=10470288&area=Anantapura&search=%20Tailors%20For%20Women%20in%20Anantapura,%20Bangalore%20&mncatname=Ladies%20Tailors",
"Yukba Designer Studio","Main Road Bannerghatta Road","08040976391","4.2","86 Ratings","Open until 9:00 pm5 Years in Business","https://www.justdial.com/Bangalore/Yukba-Designer-Studio-Opp-to-Vijaya-Bank-Arekere-Bannerghatta-Road/080PXX80-XX80-180404112023-D1C7_BZDET?ncatid=10470288&area=Anantapura&search=%20Tailors%20For%20Women%20in%20Anantapura,%20Bangalore%20&mncatname=Ladies%20Tailors",
"Blossom Boutique","Road Electronic City Phase 1","08971145432","3.5","11 Ratings","Open until 9:00 pm","https://www.justdial.com/Bangalore/Blossom-Boutique-Near-Fire-Station-Electronic-City-Phase-1/080PXX80-XX80-180831135655-W7G9_BZDET?ncatid=10470288&area=Anantapura&search=%20Tailors%20For%20Women%20in%20Anantapura,%20Bangalore%20&mncatname=Ladies%20Tailors",
"Sumedha Fashion Studio","Police Layout Bommasandra","09731590547","4.9","5 Ratings","Open until 8:00 pm7 Years in Business","https://www.justdial.com/Bangalore/Sumedha-Fashion-Studio-Near-State-Bank-Of-India-Bommasandra/080PXX80-XX80-180412193357-A4R6_BZDET?ncatid=10470288&area=Anantapura&search=%20Tailors%20For%20Women%20in%20Anantapura,%20Bangalore%20&mncatname=Ladies%20Tailors",
"Dress Code Clothing Pvt Ltd","Kota-rajasthan","08406044444","4.5","100 Ratings","Open until 7:30 pm","https://www.justdial.com/Kota-rajasthan/Dress-Code-Clothing-Pvt-Ltd/9999PX744-X744-190925182757-L4B1_BZDET?ncatid=10470288&area=Anantapura&search=%20Tailors%20For%20Women%20in%20Anantapura,%20Bangalore%20&mncatname=Ladies%20Tailors",
"Sky Boutique","Layout 2nd Phase Jakkur Layout","09148780098","4.0","4 Ratings","Open until 10:00 pm5 Years in Business","https://www.justdial.com/Bangalore/Sky-Boutique-Near-Railway-Parallel-Road-Jakkur-Layout/080PXX80-XX80-200929141521-N4K8_BZDET?ncatid=10470288&area=Anantapura&search=%20Tailors%20For%20Women%20in%20Anantapura,%20Bangalore%20&mncatname=Ladies%20Tailors",
"Shree Boutique","3rd 'B' Cross Jakkur","08660092201","3.0","3 Ratings","Open until 9:00 pm7 Years in Business","https://www.justdial.com/Bangalore/Shree-Boutique-Next-to-Jakkur-Water-Tank-Near-Urdu-Primary-School-Jakkur/080PXX80-XX80-170603135722-R6Y8_BZDET?ncatid=10470288&area=Anantapura&search=%20Tailors%20For%20Women%20in%20Anantapura,%20Bangalore%20&mncatname=Ladies%20Tailors",
"Eena Couture Boutique","1st Cross Yelahanka","07760680257","4.8","200 Ratings","Opens in 3 mins6 Years in Business","https://www.justdial.com/Bangalore/Eena-Couture-Boutique-Near-Balaji-Layout-Yelahanka/080PXX80-XX80-171220171215-W5J2_BZDET?ncatid=10470288&area=Anantapura&search=%20Tailors%20For%20Women%20in%20Anantapura,%20Bangalore%20&mncatname=Ladies%20Tailors",
"Dress Sense","Bank Of Yelahanka New Town","07795749785","4.6","110 Ratings","Open until 8:30 pm5 Years in Business","https://www.justdial.com/Bangalore/Dress-Sense-Near-Chikka-Bommasandra-Yelahanka-New-Town/080PXX80-XX80-180901122522-J4I2_BZDET?ncatid=10470288&area=Anantapura&search=%20Tailors%20For%20Women%20in%20Anantapura,%20Bangalore%20&mncatname=Ladies%20Tailors",
"Vinyas Boutique","6th A Cross Yelahanka New Town","09986231333","4.6","57 Ratings","Open until 6:30 pm10 Years in Business","https://www.justdial.com/Bangalore/Vinyas-Boutique-Seshadripuram-Institute-Of-Management-Studies-Yelahanka-New-Town/080PXX80-XX80-130704104153-A7Y9_BZDET?ncatid=10470288&area=Anantapura&search=%20Tailors%20For%20Women%20in%20Anantapura,%20Bangalore%20&mncatname=Ladies%20Tailors",
"Harang's Princess Boutique","Attur Main Road Yelahanka","09513366106","4.8","49 Ratings","Open until 9:00 pm7 Years in Business","https://www.justdial.com/Bangalore/Harangs-Princess-Boutique-Near-Muneshwara-Layout-Arch-Yelahanka/080PXX80-XX80-170609100605-K8Z7_BZDET?ncatid=10470288&area=Anantapura&search=%20Tailors%20For%20Women%20in%20Anantapura,%20Bangalore%20&mncatname=Ladies%20Tailors",
"Shree Boutique","Bagalur Main Road Yelahanka","08722481167","4.9","43 Ratings","Open until 9:00 pm8 Years in Business","https://www.justdial.com/Bangalore/Shree-Boutique-Beside-Saralaiah-Hospital-Yelahanka/080PXX80-XX80-190312090546-S2E4_BZDET?ncatid=10470288&area=Anantapura&search=%20Tailors%20For%20Women%20in%20Anantapura,%20Bangalore%20&mncatname=Ladies%20Tailors",
"Sara S Boutique","TO YELAHANKA MAIN ROAD Yelahanka","09845777749","4.6","34 Ratings","Open until 8:00 pm7 Years in Business","https://www.justdial.com/Bangalore/Sara-S-Boutique-Next-to-Food-World-Opp-to-Rail-Wheel-Factory-Yelahanka/080PXX80-XX80-161206140436-H5M6_BZDET?ncatid=10470288&area=Anantapura&search=%20Tailors%20For%20Women%20in%20Anantapura,%20Bangalore%20&mncatname=Ladies%20Tailors",
"Shri Vani Ladies Tailors","9th Cross Yelahanka New Town","09742269223","4.9","31 Ratings","Open until 7:00 pm15 Years in Business","https://www.justdial.com/Bangalore/Shri-Vani-Ladies-Tailors-Near-Yelahanka-New-Town-Bus-Stand-Yelahanka-New-Town/080PXX80-XX80-131016125731-R7Z8_BZDET?ncatid=10470288&area=Anantapura&search=%20Tailors%20For%20Women%20in%20Anantapura,%20Bangalore%20&mncatname=Ladies%20Tailors",
"Shine Boutique","Mainroad Yelahanka New Town","09741385656","3.2","21 Ratings","Open until 7:30 pm7 Years in Business","https://www.justdial.com/Bangalore/Shine-Boutique-Near-Kanti-Sweets-Yelahanka-New-Town/080PXX80-XX80-160516133753-C3W6_BZDET?ncatid=10470288&area=Anantapura&search=%20Tailors%20For%20Women%20in%20Anantapura,%20Bangalore%20&mncatname=Ladies%20Tailors",
"Ruchis Boutique","Atturu Main Road Yelahanka","08296492701","4.6","17 Ratings","Open until 5:00 pm","https://www.justdial.com/Bangalore/Ruchis-Boutique-Near-Fly-Over-Yelahanka/080PXX80-XX80-220924144752-N8M1_BZDET?ncatid=10470288&area=Anantapura&search=%20Tailors%20For%20Women%20in%20Anantapura,%20Bangalore%20&mncatname=Ladies%20Tailors",
"Laundroid","Attur Main Yelahanka New Town","09916958888","3.9","15 Ratings","Open until 7:00 pm6 Years in Business","https://www.justdial.com/Bangalore/Laundroid-Opp-to-Ooty-Convent-Yelahanka-New-Town/080PXX80-XX80-180416161416-H2H4_BZDET?ncatid=10470288&area=Anantapura&search=%20Tailors%20For%20Women%20in%20Anantapura,%20Bangalore%20&mncatname=Ladies%20Tailors",
"Pooja Boutique","HOSPITAL ROAD Yelahanka Old Town","07795586714","3.4","15 Ratings","Open until 8:00 pm13 Years in Business","https://www.justdial.com/Bangalore/Pooja-Boutique-NEXT-TO-STATE-BANK-OF-MYSORE-Yelahanka-Old-Town/080PXX80-XX80-130727180408-Q8D5_BZDET?ncatid=10470288&area=Anantapura&search=%20Tailors%20For%20Women%20in%20Anantapura,%20Bangalore%20&mncatname=Ladies%20Tailors",
"Goa Tailors","Bazaar Road Yelahanka Old Town","09008360747","4.4","13 Ratings","Open until 9:00 pm15 Years in Business","https://www.justdial.com/Bangalore/Goa-Tailors-Near-Ganesha-Temple-Yelahanka-Old-Town/080PXX80-XX80-110727172944-D4C8_BZDET?ncatid=10470288&area=Anantapura&search=%20Tailors%20For%20Women%20in%20Anantapura,%20Bangalore%20&mncatname=Ladies%20Tailors",
"Indu Ladies Tailor","Prakruthi Nagar","09343829638","4.2","13 Ratings","Open until 8:00 pm","https://www.justdial.com/Bangalore/Indu-Ladies-Tailor-Prakruthi-Nagar/080PXX80-XX80-200702015345-W6E8_BZDET?ncatid=10470288&area=Anantapura&search=%20Tailors%20For%20Women%20in%20Anantapura,%20Bangalore%20&mncatname=Ladies%20Tailors",
"Nandini Ladies Tailors","ANANTHAPURA ROAD Yelahanka","09449342564","4.6","12 Ratings","Open until 9:00 pm33 Years in Business","https://www.justdial.com/Bangalore/Nandini-Ladies-Tailors-Singanahalli-Post-Ananthpur-Yelahanka/080PXX80-XX80-120831194203-K1A7_BZDET?ncatid=10470288&area=Anantapura&search=%20Tailors%20For%20Women%20in%20Anantapura,%20Bangalore%20&mncatname=Ladies%20Tailors",
"Nandini ladies tailors","road Yelahanka New Town","09449342564","4.6","12 Ratings","Open until 8:30 pm18 Years in Business","https://www.justdial.com/Bangalore/Nandini-ladies-tailors-Near-mothers-select-Yelahanka-New-Town/080PXX80-XX80-151228105218-F6M4_BZDET?ncatid=10470288&area=Anantapura&search=%20Tailors%20For%20Women%20in%20Anantapura,%20Bangalore%20&mncatname=Ladies%20Tailors",
"Sri Veena Fashion Ladies Tailors","No. 49 Yelahanka New Town","07353566419","4.6","11 Ratings","Open until 8:30 pm","https://www.justdial.com/Bangalore/Sri-Veena-Fashion-Ladies-Tailors-Near-New-Town-Motors-Yelahanka-New-Town/080PXX80-XX80-190208193245-R8J8_BZDET?ncatid=10470288&area=Anantapura&search=%20Tailors%20For%20Women%20in%20Anantapura,%20Bangalore%20&mncatname=Ladies%20Tailors",
"M k a ladies and gents tailors","Ananthpur main road Yelahanka","09900556830","4.2","9 Ratings","Open until 8:00 pm15 Years in Business","https://www.justdial.com/Bangalore/M-k-a-ladies-and-gents-tailors-Near-ananthpur-gate-bus-stop-Yelahanka/080PXX80-XX80-120901032624-A1D3_BZDET?ncatid=10470288&area=Anantapura&search=%20Tailors%20For%20Women%20in%20Anantapura,%20Bangalore%20&mncatname=Ladies%20Tailors",
"Rose Petals Boutique","Main Road Yelahanka New Town","09742355566","4.8","8 Ratings","Open until 8:00 pm7 Years in Business","https://www.justdial.com/Bangalore/Rose-Petals-Boutique-Opp-Bank-Of-Indianext-to-Titain-Eye-Plus-1st-Floor-Yelahanka-New-Town/080PXX80-XX80-160516154302-L6U2_BZDET?ncatid=10470288&area=Anantapura&search=%20Tailors%20For%20Women%20in%20Anantapura,%20Bangalore%20&mncatname=Ladies%20Tailors",
"Designers Gallery","16th Cross Jakkur Layout","09731531535","3.6","8 Ratings","Open until 9:30 pm9 Years in Business","https://www.justdial.com/Bangalore/Designers-Gallery-Near-Hdfc-Bank-Atm-Jakkur-Layout/080PXX80-XX80-150423145702-N1C5_BZDET?ncatid=10470288&area=Anantapura&search=%20Tailors%20For%20Women%20in%20Anantapura,%20Bangalore%20&mncatname=Ladies%20Tailors",
"Bhilva Boutique","Phase 12th Yelahanka New Town","09986375422","3.1","8 Ratings","Open until 11:00 pm11 Years in Business","https://www.justdial.com/Bangalore/Bhilva-Boutique--Near-By-Udupi-Hotel-Yelahanka-New-Town/080PXX80-XX80-160102165649-W4Y7_BZDET?ncatid=10470288&area=Anantapura&search=%20Tailors%20For%20Women%20in%20Anantapura,%20Bangalore%20&mncatname=Ladies%20Tailors",
"Style King Ladies Tailor","4th Cross Road Jakkur Layout","08123462787","4.4","7 Ratings","Open until 8:30 pm","https://www.justdial.com/Bangalore/Style-King-Ladies-Tailor-Jakkur-Layout/080PXX80-XX80-180424161658-U5U7_BZDET?ncatid=10470288&area=Anantapura&search=%20Tailors%20For%20Women%20in%20Anantapura,%20Bangalore%20&mncatname=Ladies%20Tailors",
"Beauty Queens Boutique","Temple Yelahanka New Town","08553761932","5.0","5 Ratings","Open until 7:00 pm7 Years in Business","https://www.justdial.com/Bangalore/Beauty-Queens-Boutique-Near-Rymaond-Showroom-Yelahanka-New-Town/080PXX80-XX80-180508114807-G2M8_BZDET?ncatid=10470288&area=Anantapura&search=%20Tailors%20For%20Women%20in%20Anantapura,%20Bangalore%20&mncatname=Ladies%20Tailors",
"Sri Shiva Sai Bhanu Ladies Tailor","2 new stage Yelahanka New Town","09844048339","2.8","5 Ratings","Open until 9:00 pm14 Years in Business","https://www.justdial.com/Bangalore/Sri-Shiva-Sai-Bhanu-Ladies-Tailor-Near-aroma-bakery-Yelahanka-New-Town/080PXX80-XX80-120706040552-P1F3_BZDET?ncatid=10470288&area=Anantapura&search=%20Tailors%20For%20Women%20in%20Anantapura,%20Bangalore%20&mncatname=Ladies%20Tailors",
"Vaibhava Fashion Boutique","3 Rd Yelahanka New Town","09113938318","4.8","4 Ratings","Open until 9:30 pm10 Years in Business","https://www.justdial.com/Bangalore/Vaibhava-Fashion-Boutique-Near-Maharastra-Bank-Yelahanka-New-Town/080PXX80-XX80-120904204230-U6B1_BZDET?ncatid=10470288&area=Anantapura&search=%20Tailors%20For%20Women%20in%20Anantapura,%20Bangalore%20&mncatname=Ladies%20Tailors",
"Jyotsna Boutique","4th Phase Yelahanka New Town","07353974588","4.5","4 Ratings","Open until 8:30 pm9 Years in Business","https://www.justdial.com/Bangalore/Jyotsna-Boutique-Near-Royal-Darbar-Yelahanka-New-Town/080PXX80-XX80-151218164634-R5Z2_BZDET?ncatid=10470288&area=Anantapura&search=%20Tailors%20For%20Women%20in%20Anantapura,%20Bangalore%20&mncatname=Ladies%20Tailors",
"Radha Ladies Tailors","Rajanukunte","09035628388","4.5","4 Ratings","Open until 7:00 pm","https://www.justdial.com/Bangalore/Radha-Ladies-Tailors-Rajanukunte/080PXX80-XX80-181008210356-U2Y7_BZDET?ncatid=10470288&area=Anantapura&search=%20Tailors%20For%20Women%20in%20Anantapura,%20Bangalore%20&mncatname=Ladies%20Tailors",
"Indian Fab","Yelahanka New Town","09654559938","2.7","4 Ratings","Open until 5:00 pm","https://www.justdial.com/Bangalore/Indian-Fab-Near-Sheshadri-Puram-College-Yelahanka-New-Town/080PXX80-XX80-170208085945-D7R4_BZDET?ncatid=10470288&area=Anantapura&search=%20Tailors%20For%20Women%20in%20Anantapura,%20Bangalore%20&mncatname=Ladies%20Tailors",
"Diva Boutique","80 Feet Road Yelahanka New Town","09986375422","4.8","3 Ratings","Opens in 2 mins7 Years in Business","https://www.justdial.com/Bangalore/Diva-Boutique-Near-Allalsandra-Lake-Yelahanka-New-Town/080PXX80-XX80-160122134304-V3P1_BZDET?ncatid=10470288&area=Anantapura&search=%20Tailors%20For%20Women%20in%20Anantapura,%20Bangalore%20&mncatname=Ladies%20Tailors",
"Suchh","Main Road Yelahanka New Town","06366222255","4.6","3 Ratings","Open until 10:00 pm10 Years in Business","https://www.justdial.com/Bangalore/Suchh-Opposite-Adidas-Showroom-Yelahanka-New-Town/080PXX80-XX80-130925143119-I9N9_BZDET?ncatid=10470288&area=Anantapura&search=%20Tailors%20For%20Women%20in%20Anantapura,%20Bangalore%20&mncatname=Ladies%20Tailors",
"Anushree Boutique","2nd Stage Yelahanka New Town","09663613787","4.3","3 Ratings","Open until 8:30 pm2 Years in Business","https://www.justdial.com/Bangalore/Anushree-Boutique-Near-Mahalakshmi-Sweets-Yelahanka-New-Town/080PXX80-XX80-220924184916-E8C9_BZDET?ncatid=10470288&area=Anantapura&search=%20Tailors%20For%20Women%20in%20Anantapura,%20Bangalore%20&mncatname=Ladies%20Tailors",
"Dimple Boutique","B Main Yelahanka New Town","08792418556","4.3","3 Ratings","Opens in 1 mins7 Years in Business","https://www.justdial.com/Bangalore/Dimple-Boutique-Near-Hoysala-Ground-Yelahanka-New-Town/080PXX80-XX80-190204194555-Y1C5_BZDET?ncatid=10470288&area=Anantapura&search=%20Tailors%20For%20Women%20in%20Anantapura,%20Bangalore%20&mncatname=Ladies%20Tailors",
"Uptown Boutique","Phase Main Yelahanka New Town","08904048083","4.2","3 Ratings","Open until 8:00 pm8 Years in Business","https://www.justdial.com/Bangalore/Uptown-Boutique-Behind-Bank-Of-Maharashtra-Yelahanka-New-Town/080PXX80-XX80-150327181810-G9E4_BZDET?ncatid=10470288&area=Anantapura&search=%20Tailors%20For%20Women%20in%20Anantapura,%20Bangalore%20&mncatname=Ladies%20Tailors",
"Sri Sai Ladies Tailor","B Main Yelahanka New Town","09844380325","3.3","3 Ratings","Open until 8:30 pm10 Years in Business","https://www.justdial.com/Bangalore/Sri-Sai-Ladies-Tailor-Near-Govt-School-New-Town-Yelahanka-New-Town/080PXX80-XX80-160311114755-Y8G1_BZDET?ncatid=10470288&area=Anantapura&search=%20Tailors%20For%20Women%20in%20Anantapura,%20Bangalore%20&mncatname=Ladies%20Tailors",
"Leela Ladies Tailors","Layout Main Road Attur Layout","08296383884","5.0","2 Ratings","Open until 8:30 pm7 Years in Business","https://www.justdial.com/Bangalore/Leela-Ladies-Tailors-Ooty-Convent-Anandpura-Attur-Layout/080PXX80-XX80-160209181344-J4C9_BZDET?ncatid=10470288&area=Anantapura&search=%20Tailors%20For%20Women%20in%20Anantapura,%20Bangalore%20&mncatname=Ladies%20Tailors",
"Excellent Ladies Tailors","10 B Cross Yelahanka New Town","09742269223","5.0","2 Ratings","Open until 8:00 pm28 Years in Business","https://www.justdial.com/Bangalore/Excellent-Ladies-Tailors-Near-Ganesha-Temple-Yelahanka-New-Town/080PXX80-XX80-140520111824-J5F6_BZDET?ncatid=10470288&area=Anantapura&search=%20Tailors%20For%20Women%20in%20Anantapura,%20Bangalore%20&mncatname=Ladies%20Tailors",
"K K Stich Wear","B B Road Yelahanka","09611241141","4.8","2 Ratings","Open until 10:30 pm","https://www.justdial.com/Bangalore/K-K-Stich-Wear-Near-Apoorva-Hospital-Yelahanka/080P1230975830B9S2Q7_BZDET?ncatid=10470288&area=Anantapura&search=%20Tailors%20For%20Women%20in%20Anantapura,%20Bangalore%20&mncatname=Ladies%20Tailors",
"Bhavani Ladies Fashion","Complex Main Yelahanka New Town","09611167714","4.0","2 Ratings","Open until 8:00 pm13 Years in Business","https://www.justdial.com/Bangalore/Bhavani-Ladies-Fashion-12th-B-Main-2nd-Phase-Yelahanka-New-Town/080PXX80-XX80-140628180146-G3Y6_BZDET?ncatid=10470288&area=Anantapura&search=%20Tailors%20For%20Women%20in%20Anantapura,%20Bangalore%20&mncatname=Ladies%20Tailors",
"Jyothisree","Gandhi Nagar Yelahanka","09886044528","4.0","2 Ratings","Open until 9:00 pm11 Years in Business","https://www.justdial.com/Bangalore/Jyothisree-Near-Corporation-Bank-Yelahanka/080PXX80-XX80-140628133741-L1I3_BZDET?ncatid=10470288&area=Anantapura&search=%20Tailors%20For%20Women%20in%20Anantapura,%20Bangalore%20&mncatname=Ladies%20Tailors",
"Pushpa Ladies Tailor","3rd Main Road Yelahanka","09742269223","3.5","2 Ratings","Open until 2:30 pm","https://www.justdial.com/Bangalore/Pushpa-Ladies-Tailor-Yelahanka/080PXX80-XX80-180222233211-N4A2_BZDET?ncatid=10470288&area=Anantapura&search=%20Tailors%20For%20Women%20in%20Anantapura,%20Bangalore%20&mncatname=Ladies%20Tailors",
"S Khamsa Boutique","Jakkur Main Yelahanka Old Town","08042242640","3.0","2 Ratings","Open until 9:00 pm25 Years in Business","https://www.justdial.com/Bangalore/S-Khamsa-Boutique-Unishire-Apartmrnt-Opp-Yelahanka-Old-Town/080PXX80-XX80-180306154046-L2A4_BZDET?ncatid=10470288&area=Anantapura&search=%20Tailors%20For%20Women%20in%20Anantapura,%20Bangalore%20&mncatname=Ladies%20Tailors",
"Blossoms Womens Collections","1st Main Road Yelahanka New Town","09060872098","2.5","2 Ratings","Opens in 1 mins8 Years in Business","https://www.justdial.com/Bangalore/Blossoms-Womens-Collections-Near-Vivekananda-Park-4th-Phase-Yelahanka-New-Town/080PXX80-XX80-151119123915-F4M7_BZDET?ncatid=10470288&area=Anantapura&search=%20Tailors%20For%20Women%20in%20Anantapura,%20Bangalore%20&mncatname=Ladies%20Tailors",
"New Princes Boutique & Fashion","Attur Main Road Attur Layout","09513366106","5.0","1 Ratings","Open until 8:30 pm8 Years in Business","https://www.justdial.com/Bangalore/New-Princes-Boutique-Fashion-Near-Royal-Concord-School-Attur-Layout/080PXX80-XX80-151105130237-Y2Z7_BZDET?ncatid=10470288&area=Anantapura&search=%20Tailors%20For%20Women%20in%20Anantapura,%20Bangalore%20&mncatname=Ladies%20Tailors",
"Sri Lakshmi Ladies Fashions","4th Phase Yelahanka New Town","08168877609","5.0","1 Ratings","Open until 9:00 pm11 Years in Business","https://www.justdial.com/Bangalore/Sri-Lakshmi-Ladies-Fashions-Behind-Government-School-Yelahanka-New-Town/080PXX80-XX80-150805121812-T4C3_BZDET?ncatid=10470288&area=Anantapura&search=%20Tailors%20For%20Women%20in%20Anantapura,%20Bangalore%20&mncatname=Ladies%20Tailors",
"Sai Sri Ladies Tailor","2nd Stage Yelahanka New Town","09844380325","5.0","1 Ratings","Open until 9:30 pm13 Years in Business","https://www.justdial.com/Bangalore/Sai-Sri-Ladies-Tailor-Near-Aroma-Bakery-Yelahanka-New-Town/080PXX80-XX80-120706040344-G4L1_BZDET?ncatid=10470288&area=Anantapura&search=%20Tailors%20For%20Women%20in%20Anantapura,%20Bangalore%20&mncatname=Ladies%20Tailors",
"SAi fashion","1st stage B sector Yelahanka","08040976280","5.0","1 Ratings","Opens in 1 mins8 Years in Business","https://www.justdial.com/Bangalore/SAi-fashion-Opp-shuban-diabetes-center-Yelahanka/080PXX80-XX80-160901114709-E1C4_BZDET?ncatid=10470288&area=Anantapura&search=%20Tailors%20For%20Women%20in%20Anantapura,%20Bangalore%20&mncatname=Ladies%20Tailors",
"Aakruthi designer wears","crossing B Yelahanka New Town","08884347333","5.0","1 Ratings","Open until 9:30 pm9 Years in Business","https://www.justdial.com/Bangalore/Aakruthi-designer-wears-Behind-Levi-Yelahanka-New-Town/080PXX80-XX80-150221112407-H2H1_BZDET?ncatid=10470288&area=Anantapura&search=%20Tailors%20For%20Women%20in%20Anantapura,%20Bangalore%20&mncatname=Ladies%20Tailors",
"Spoorti ladies Tailor & Herbal Beauty Parlour","Veer Sagara Main Road Yelahanka","07899793758","5.0","1 Ratings","Open until 9:30 pm","https://www.justdial.com/Bangalore/Spoorti-ladies-Tailor-Herbal-Beauty-Parlour-Attur-Layout-Yelahanka/080PXX80-XX80-120903200052-X7N6_BZDET?ncatid=10470288&area=Anantapura&search=%20Tailors%20For%20Women%20in%20Anantapura,%20Bangalore%20&mncatname=Ladies%20Tailors",
"Om Sree Sai Ram Boutique","Yelahanka Main Road Yelahanka","08040976280","5.0","1 Ratings","Open until 8:00 pm6 Years in Business","https://www.justdial.com/Bangalore/Om-Sree-Sai-Ram-Boutique-Opp-VDB-Apartment-Yelahanka/080PXX80-XX80-180202113949-N4V4_BZDET?ncatid=10470288&area=Anantapura&search=%20Tailors%20For%20Women%20in%20Anantapura,%20Bangalore%20&mncatname=Ladies%20Tailors",
"Miss INDIA Ladies Tailor","Jakkur Main Road Jakkur","07406074744","5.0","1 Ratings","Open until 8:00 pm7 Years in Business","https://www.justdial.com/Bangalore/Miss-INDIA-Ladies-Tailor-Near-Urdu-School-Jakkur/080PXX80-XX80-161107143806-W7P2_BZDET?ncatid=10470288&area=Anantapura&search=%20Tailors%20For%20Women%20in%20Anantapura,%20Bangalore%20&mncatname=Ladies%20Tailors",
"Dhanya Boutique and Handwork","Yelahanka Old Town Yelahanka","09945430001","4.5","1 Ratings","Opens in 1 mins4 Years in Business","https://www.justdial.com/Bangalore/Dhanya-Boutique-and-Handwork-Near-Gangamma-Temple-Yelahanka/080PXX80-XX80-220211184420-B2Q9_BZDET?ncatid=10470288&area=Anantapura&search=%20Tailors%20For%20Women%20in%20Anantapura,%20Bangalore%20&mncatname=Ladies%20Tailors",
"Malleshwaram ladies tailors","BUS STAND Yelahanka New Town","08050033622","4.5","1 Ratings","Open until 8:00 pm9 Years in Business","https://www.justdial.com/Bangalore/Malleshwaram-ladies-tailors-OPPHOYSALA-PARK-Yelahanka-New-Town/080PXX80-XX80-150714121111-L4K2_BZDET?ncatid=10470288&area=Anantapura&search=%20Tailors%20For%20Women%20in%20Anantapura,%20Bangalore%20&mncatname=Ladies%20Tailors",
"Sri Hema Ladies Tailor","Yelahanka Yelahanka Old Town","09980849748","4.0","1 Ratings","Open until 9:00 pm9 Years in Business","https://www.justdial.com/Bangalore/Sri-Hema-Ladies-Tailor-Above-Brahmalingeshwara-Hotel-Yelahanka-Old-Town/080PXX80-XX80-110416113953-M7I6_BZDET?ncatid=10470288&area=Anantapura&search=%20Tailors%20For%20Women%20in%20Anantapura,%20Bangalore%20&mncatname=Ladies%20Tailors",
"Roshan Ladies Tailors","Hospital Road Yelahanka","09742269223","4.0","1 Ratings","Open until 8:30 pm14 Years in Business","https://www.justdial.com/Bangalore/Roshan-Ladies-Tailors-Opp-to-Old-Town-Bus-Stand-Yelahanka/080PXX80-XX80-130822200524-S1Y9_BZDET?ncatid=10470288&area=Anantapura&search=%20Tailors%20For%20Women%20in%20Anantapura,%20Bangalore%20&mncatname=Ladies%20Tailors",
"Suguna Tailor","Bengaluru Yelahanka","09742269223","3.0","1 Ratings","Open until 8:30 pm","https://www.justdial.com/Bangalore/Suguna-Tailor-Yelahanka/080PXX80-XX80-180223145737-M3A1_BZDET?ncatid=10470288&area=Anantapura&search=%20Tailors%20For%20Women%20in%20Anantapura,%20Bangalore%20&mncatname=Ladies%20Tailors",
"Vajra Boutique","1st Main Road Vidyaranyapura","09035244117","5.0","2 Ratings","Open until 9:30 pm13 Years in Business","https://www.justdial.com/Bangalore/Vajra-Boutique-Near-Indane-Oil-PetroleumSingapura-Layout-Vidyaranyapura/080PXX80-XX80-151229183826-V7Q8_BZDET?ncatid=10470288&area=Anantapura&search=%20Tailors%20For%20Women%20in%20Anantapura,%20Bangalore%20&mncatname=Ladies%20Tailors",
"Stitchyard Boutique","Bengaluru Vidyaranyapura","09901900182","4.3","31 Ratings","Open until 9:00 pm","https://www.justdial.com/Bangalore/Stitchyard-Boutique-Vidyaranyapura/080PXX80-XX80-180327225251-C1I2_BZDET?ncatid=10470288&area=Anantapura&search=%20Tailors%20For%20Women%20in%20Anantapura,%20Bangalore%20&mncatname=Ladies%20Tailors",
"Bhaavani","BEL Layout Bel Layout","08023646583","4.7","27 Ratings","Open until 7:00 pm5 Years in Business","https://www.justdial.com/Bangalore/Bhaavani-Near-Raghavendra-Mutta-Bel-Layout/080PXX80-XX80-180111234005-A6R4_BZDET?ncatid=10470288&area=Anantapura&search=%20Tailors%20For%20Women%20in%20Anantapura,%20Bangalore%20&mncatname=Ladies%20Tailors",
"S V K Boutique","Main 9th Cross Vidyaranyapura","09986861799","4.3","25 Ratings","Open until 7:30 pm7 Years in Business","https://www.justdial.com/Bangalore/S-V-K-Boutique-Post-Office-Vidyaranyapura/080PXX80-XX80-170214212502-E3N8_BZDET?ncatid=10470288&area=Anantapura&search=%20Tailors%20For%20Women%20in%20Anantapura,%20Bangalore%20&mncatname=Ladies%20Tailors",
"Hamsa Boutique","2nd Block Vidyaranyapura","09481255165","3.6","17 Ratings","Open until 9:00 pm7 Years in Business","https://www.justdial.com/Bangalore/Hamsa-Boutique-Opposite-NT-Ground-HMT-Layout-Vidyaranyapura/080PXX80-XX80-161018110433-L4I3_BZDET?ncatid=10470288&area=Anantapura&search=%20Tailors%20For%20Women%20in%20Anantapura,%20Bangalore%20&mncatname=Ladies%20Tailors",
"Jk Tailors","Main Road Vidyaranyapura","08970367939","4.8","13 Ratings","Open until 5:00 pm10 Years in Business","https://www.justdial.com/Bangalore/Jk-Tailors-Opp-to-Reliance-Fresh-Vidyaranyapura/080PXX80-XX80-130117132527-I8X9_BZDET?ncatid=10470288&area=Anantapura&search=%20Tailors%20For%20Women%20in%20Anantapura,%20Bangalore%20&mncatname=Ladies%20Tailors",
"Sri Venkateshwara Fashion","4th Main Vidyaranyapura","08951737453","4.1","9 Ratings","Open until 9:00 pm11 Years in Business","https://www.justdial.com/Bangalore/Sri-Venkateshwara-Fashion-Opposite-Apoorva-Appartments-Vidyaranyapura/080PXX80-XX80-161228111639-Q7W4_BZDET?ncatid=10470288&area=Anantapura&search=%20Tailors%20For%20Women%20in%20Anantapura,%20Bangalore%20&mncatname=Ladies%20Tailors",
"Kiran Gent's & Ladies Tailor","Beedi Road Vidyaranyapura","09945744929","4.1","9 Ratings","Open until 9:00 pm","https://www.justdial.com/Bangalore/Kiran-Gents-Ladies-Tailor-Near-Thindlu-Circle-Vidyaranyapura/080PXX80-XX80-220624150117-B5U3_BZDET?ncatid=10470288&area=Anantapura&search=%20Tailors%20For%20Women%20in%20Anantapura,%20Bangalore%20&mncatname=Ladies%20Tailors",
"Anu Tailours","Main Road Vidyaranyapura","09845553854","5.0","5 Ratings","Open until 9:00 pm12 Years in Business","https://www.justdial.com/Bangalore/Anu-Tailours-Next-to-pai-mobiles-Vidyaranyapura/080PXX80-XX80-100716175705-I8N4_BZDET?ncatid=10470288&area=Anantapura&search=%20Tailors%20For%20Women%20in%20Anantapura,%20Bangalore%20&mncatname=Ladies%20Tailors",
"Jasmine Boutique","2nd Cross Vidyaranyapura","09741776640","4.2","5 Ratings","Open until 6:00 pm14 Years in Business","https://www.justdial.com/Bangalore/Jasmine-Boutique-Near-BESCOM-Office-Vidyaranyapura/080PXX80-XX80-121220153928-S9E2_BZDET?ncatid=10470288&area=Anantapura&search=%20Tailors%20For%20Women%20in%20Anantapura,%20Bangalore%20&mncatname=Ladies%20Tailors",
"Navya Boutique","Corner 3rd Block Vidyaranyapura","08767540875","2.8","5 Ratings","Open until 9:00 pm17 Years in Business","https://www.justdial.com/Bangalore/Navya-Boutique-Opp-to-Canara-Bank-Vidyaranyapura/080PXX80-XX80-151008110409-K6N8_BZDET?ncatid=10470288&area=Anantapura&search=%20Tailors%20For%20Women%20in%20Anantapura,%20Bangalore%20&mncatname=Ladies%20Tailors",
"Svp Tailors","Hmt Layout Vidyaranyapura","09916989765","4.3","3 Ratings","Open until 9:00 pm11 Years in Business","https://www.justdial.com/Bangalore/Svp-Tailors-Near-Kid-Zee-Vidyaranyapura/080PXX80-XX80-121225123013-V2S9_BZDET?ncatid=10470288&area=Anantapura&search=%20Tailors%20For%20Women%20in%20Anantapura,%20Bangalore%20&mncatname=Ladies%20Tailors",
"Viola's Couture","Main 1st Floor Vidyaranyapura","07338236786","3.6","3 Ratings","Open until 10:00 pm5 Years in Business","https://www.justdial.com/Bangalore/Violas-Couture-Above-Karur-Vysyabank-Vidyaranyapura/080PXX80-XX80-181206124204-C1Y7_BZDET?ncatid=10470288&area=Anantapura&search=%20Tailors%20For%20Women%20in%20Anantapura,%20Bangalore%20&mncatname=Ladies%20Tailors",
"Vsp Boutique","Hmt Layout Vidyaranyapura","09481425653","3.6","3 Ratings","Open until 8:00 pm11 Years in Business","https://www.justdial.com/Bangalore/Vsp-Boutique-Near-Pop-Ntr-Ground-Vidyaranyapura/080PXX80-XX80-121228141746-Q9L2_BZDET?ncatid=10470288&area=Anantapura&search=%20Tailors%20For%20Women%20in%20Anantapura,%20Bangalore%20&mncatname=Ladies%20Tailors",
"D K Fashions","S Palya Main Road Vidyaranyapura","08660623459","5.0","2 Ratings","Open until 9:00 pm9 Years in Business","https://www.justdial.com/Bangalore/D-K-Fashions-Next-to-Government-Hospital-Vidyaranyapura/080PXX80-XX80-121218132907-C3H1_BZDET?ncatid=10470288&area=Anantapura&search=%20Tailors%20For%20Women%20in%20Anantapura,%20Bangalore%20&mncatname=Ladies%20Tailors",
"Sakhi The Fashion","3rd Block Vidyaranyapura","09986944649","4.0","2 Ratings","Open until 8:00 pm","https://www.justdial.com/Bangalore/Sakhi-The-Fashion-Opposite-Reliance-Fresh-Vidyaranyapura/080PXX80-XX80-130426105829-J2Z7_BZDET?ncatid=10470288&area=Anantapura&search=%20Tailors%20For%20Women%20in%20Anantapura,%20Bangalore%20&mncatname=Ladies%20Tailors",
"Anmol Gents & Ladies Tailore","MS Palya Road Vidyaranyapura","09986401211","3.7","2 Ratings","Open until 9:00 pm13 Years in Business","https://www.justdial.com/Bangalore/Anmol-Gents-Ladies-Tailore-Jalli-Machine-Bus-Stop-Vidyaranyapura/080PXX80-XX80-160123120101-S8L9_BZDET?ncatid=10470288&area=Anantapura&search=%20Tailors%20For%20Women%20in%20Anantapura,%20Bangalore%20&mncatname=Ladies%20Tailors",
"Bhavani Boutique","Road Thindlu Vidyaranyapura","07090027905","3.5","2 Ratings","Open until 10:00 pm","https://www.justdial.com/Bangalore/Bhavani-Boutique-Nagachandra-Kalyan-Mantapa-Vidyaranyapura/080PXX80-XX80-190131183635-J2S9_BZDET?ncatid=10470288&area=Anantapura&search=%20Tailors%20For%20Women%20in%20Anantapura,%20Bangalore%20&mncatname=Ladies%20Tailors",
"Ruth's Fashion Secrets","Main Road Vidyaranyapura","09481255165","5.0","1 Ratings","Open until 8:30 pm9 Years in Business","https://www.justdial.com/Bangalore/Ruths-Fashion-Secrets-Below-Paragon-Showroom-Vidyaranyapura/080PXX80-XX80-160104131850-Y5M9_BZDET?ncatid=10470288&area=Anantapura&search=%20Tailors%20For%20Women%20in%20Anantapura,%20Bangalore%20&mncatname=Ladies%20Tailors",
"Deepa ladies tailors","Thindlu Main Road Vidyaranyapura","09743339444","5.0","1 Ratings","Open until 9:00 pm","https://www.justdial.com/Bangalore/Deepa-ladies-tailors-Near-Bescom-Office-Vidyaranyapura/080PXX80-XX80-121231125248-G5V5_BZDET?ncatid=10470288&area=Anantapura&search=%20Tailors%20For%20Women%20in%20Anantapura,%20Bangalore%20&mncatname=Ladies%20Tailors",
"Vinutan Boutique","05 Amba Bavani Temple Road","09945322696","4.5","1 Ratings","Open until 9:00 pm","https://www.justdial.com/Bangalore/Vinutan-Boutique-Near-Ambabavani-Temple-Road/080PXX80-XX80-181113190139-H7E7_BZDET?ncatid=10470288&area=Anantapura&search=%20Tailors%20For%20Women%20in%20Anantapura,%20Bangalore%20&mncatname=Ladies%20Tailors",
"Naveen Fashion","Temple Street New Bel Road","07353010225","4.5","1 Ratings","Open until 9:30 pm18 Years in Business","https://www.justdial.com/Bangalore/Naveen-Fashion-Opp-MSR-Hospital-Near-Bus-Stop-New-Bel-Road/080PXX80-XX80-130405163111-B4A9_BZDET?ncatid=10470288&area=Anantapura&search=%20Tailors%20For%20Women%20in%20Anantapura,%20Bangalore%20&mncatname=Ladies%20Tailors",
"Riya Boutique","No.4 New Bel Road","07676635927","4.0","1 Ratings","Open until 9:00 pm7 Years in Business","https://www.justdial.com/Bangalore/Riya-Boutique-Opposite-to-Akshaya-Deluxe-Rainbow-Electrical-New-Bel-Road/080PXX80-XX80-161014121057-I2C2_BZDET?ncatid=10470288&area=Anantapura&search=%20Tailors%20For%20Women%20in%20Anantapura,%20Bangalore%20&mncatname=Ladies%20Tailors",
"MIND - The Design House","Vidyaranyapura Block 1","08095545556","3.9","7 Ratings","Open until 8:00 pm7 Years in Business","https://www.justdial.com/Bangalore/MIND-The-Design-House-Near-Appolo-Medical-Shop-Chamundeshwari-Layout-Vidyaranyapura-Block-1/080PXX80-XX80-171206002508-H7Z9_BZDET?ncatid=10470288&area=Anantapura&search=%20Tailors%20For%20Women%20in%20Anantapura,%20Bangalore%20&mncatname=Ladies%20Tailors",
"Kendisha Fashions","Main Road Sahakara Nagar","08147502962","4.5","4 Ratings","Open until 8:00 pm11 Years in Business","https://www.justdial.com/Bangalore/Kendisha-Fashions--Near-Shree-Jaya-Vital-Party-Hall-Sahakara-Nagar/080PXX80-XX80-181130141609-R5X9_BZDET?ncatid=10470288&area=Anantapura&search=%20Tailors%20For%20Women%20in%20Anantapura,%20Bangalore%20&mncatname=Ladies%20Tailors",
"Anulasya Designer Studio","Main 2nd Cross Sahakara Nagar","07760104847","5.0","1 Ratings","Open until 9:00 pm4 Years in Business","https://www.justdial.com/Bangalore/Anulasya-Designer-Studio-Opposite-to-Karthik-Dry-Cleaners-Sahakara-Nagar/080PXX80-XX80-181120145616-B3N9_BZDET?ncatid=10470288&area=Anantapura&search=%20Tailors%20For%20Women%20in%20Anantapura,%20Bangalore%20&mncatname=Ladies%20Tailors",
"Blooms Boutique","Kammagondahalli-Jalahalli West","07975971171","5.0","1 Ratings","Open until 10:00 pm8 Years in Business","https://www.justdial.com/Bangalore/Blooms-Boutique-Behind-MNTI-COLLEGE-Kammagondahalli-Jalahalli-West/080PXX80-XX80-160728174601-M6T4_BZDET?ncatid=10470288&area=Anantapura&search=%20Tailors%20For%20Women%20in%20Anantapura,%20Bangalore%20&mncatname=Ladies%20Tailors",
"Nahar Collections","Dodda Bommasandra","08041600214","4.5","1 Ratings","Open until 10:00 pm5 Years in Business","https://www.justdial.com/Bangalore/Nahar-Collections-Opp-Chethan-Cables-Dodda-Bommasandra/080PXX80-XX80-180803173353-Q8D2_BZDET?ncatid=10470288&area=Anantapura&search=%20Tailors%20For%20Women%20in%20Anantapura,%20Bangalore%20&mncatname=Ladies%20Tailors",
"Sudha Boutique","Vidyaranyapura","09845149703","4.5","153 Ratings","Open until 9:00 pm13 Years in Business","https://www.justdial.com/Bangalore/Sudha-Boutique-Opposite-Bank-Of-India-Bel-Layout-Vidyaranyapura/080PXX80-XX80-111207105543-N8H9_BZDET?ncatid=10470288&area=Anantapura&search=%20Tailors%20For%20Women%20in%20Anantapura,%20Bangalore%20&mncatname=Ladies%20Tailors",
"Mayarang Designer Studio","F Block Sahakara Nagar","07760104847","4.8","129 Ratings","Open until 7:30 pm","https://www.justdial.com/Bangalore/Mayarang-Designer-Studio-Near-Icici-Bank-Sahakara-Nagar/080PXX80-XX80-180403125331-I7B4_BZDET?ncatid=10470288&area=Anantapura&search=%20Tailors%20For%20Women%20in%20Anantapura,%20Bangalore%20&mncatname=Ladies%20Tailors",
"Sri Lakshmi Balaji Silk House","60feet Road Sahakara Nagar","09611692877","4.7","94 Ratings","Open until 8:30 pm10 Years in Business","https://www.justdial.com/Bangalore/Sri-Lakshmi-Balaji-Silk-House-Besides-Uco-Bank-Sahakara-Nagar/080PXX80-XX80-161220161829-A7R7_BZDET?ncatid=10470288&area=Anantapura&search=%20Tailors%20For%20Women%20in%20Anantapura,%20Bangalore%20&mncatname=Ladies%20Tailors",
"Visista","Main Road Sahakara Nagar","09448306072","3.9","35 Ratings","Open until 7:00 pm10 Years in Business","https://www.justdial.com/Bangalore/Visista-Behind-BBMP-Office-Sahakara-Nagar/080PXX80-XX80-140405175244-H1E3_BZDET?ncatid=10470288&area=Anantapura&search=%20Tailors%20For%20Women%20in%20Anantapura,%20Bangalore%20&mncatname=Ladies%20Tailors",
"Elegant Boutique","Gangamma Circle","08050862476","4.7","19 Ratings","Open until 7:00 pm16 Years in Business","https://www.justdial.com/Bangalore/Elegant-Boutique-Opposite-Syndicate-Bank-Gangamma-Circle/080PXX80-XX80-170926201052-U4L5_BZDET?ncatid=10470288&area=Anantapura&search=%20Tailors%20For%20Women%20in%20Anantapura,%20Bangalore%20&mncatname=Ladies%20Tailors",
"Krishnaarti Dezaina Studio","Nanjappa Layout Vidyaranyapura","08296965579","4.5","19 Ratings","Open until 9:00 pm6 Years in Business","https://www.justdial.com/Bangalore/Krishnaarti-Dezaina-Studio-Vidyaranyapura/080PXX80-XX80-170219153005-M3X2_BZDET?ncatid=10470288&area=Anantapura&search=%20Tailors%20For%20Women%20in%20Anantapura,%20Bangalore%20&mncatname=Ladies%20Tailors",
"Mithil Boutique","60 Feet Road Sahakara Nagar","09972854974","2.6","16 Ratings","Open until 8:30 pm","https://www.justdial.com/Bangalore/Mithil-Boutique-Near-Canara-Bank-Sahakara-Nagar/080PXX80-XX80-120628025142-G9C9_BZDET?ncatid=10470288&area=Anantapura&search=%20Tailors%20For%20Women%20in%20Anantapura,%20Bangalore%20&mncatname=Ladies%20Tailors",
"Ankitha Creations Designer Boutique","Talacauvery Layout Amruthahalli","09611527969","3.9","10 Ratings","Open until 9:00 pm","https://www.justdial.com/Bangalore/Ankitha-Creations-Designer-Boutique-Near-Chandramouleshwara-Temple-Amruthahalli/080PXX80-XX80-200702022554-J6G1_BZDET?ncatid=10470288&area=Anantapura&search=%20Tailors%20For%20Women%20in%20Anantapura,%20Bangalore%20&mncatname=Ladies%20Tailors",
"Swati Bhagat","Main Road Sahakara Nagar","09448381831","3.7","9 Ratings","Open until 6:30 pm5 Years in Business","https://www.justdial.com/Bangalore/Swati-Bhagat-Near-The-Big-Market-Sahakara-Nagar/080PXX80-XX80-091103110900-R6T8_BZDET?ncatid=10470288&area=Anantapura&search=%20Tailors%20For%20Women%20in%20Anantapura,%20Bangalore%20&mncatname=Ladies%20Tailors",
"Mithil Boutique And Modern Collections","60 Ft Road Sahakara Nagar","09972854974","2.9","9 Ratings","Open until 9:00 pm11 Years in Business","https://www.justdial.com/Bangalore/Mithil-Boutique-And-Modern-Collections-Sahakara-Nagar/080PXX80-XX80-181128123159-M8K4_BZDET?ncatid=10470288&area=Anantapura&search=%20Tailors%20For%20Women%20in%20Anantapura,%20Bangalore%20&mncatname=Ladies%20Tailors",
"Akshaya Embroideries","1st Cross Hebbal","08660422703","4.8","8 Ratings","Open until 8:00 pm6 Years in Business","https://www.justdial.com/Bangalore/Akshaya-Embroideries-Near-Ganesh-Temple-Hebbal/080PXX80-XX80-170929112029-N3U1_BZDET?ncatid=10470288&area=Anantapura&search=%20Tailors%20For%20Women%20in%20Anantapura,%20Bangalore%20&mncatname=Ladies%20Tailors",
"Citiman Ladies Tailor","Main Road Dodda Bommasandra","08147776783","4.2","8 Ratings","Open until 9:00 pm11 Years in Business","https://www.justdial.com/Bangalore/Citiman-Ladies-Tailor-Near-Kne-Trust-College-Dodda-Bommasandra/080PXX80-XX80-180705170140-D4A3_BZDET?ncatid=10470288&area=Anantapura&search=%20Tailors%20For%20Women%20in%20Anantapura,%20Bangalore%20&mncatname=Ladies%20Tailors",
"Shree Vasthra Vinyasa","2nd Cross Sahakara Nagar","09916396126","3.0","8 Ratings","Open until 9:00 pm19 Years in Business","https://www.justdial.com/Bangalore/Shree-Vasthra-Vinyasa-Sahakara-Nagar/080PXX80-XX80-110224124039-M8C9_BZDET?ncatid=10470288&area=Anantapura&search=%20Tailors%20For%20Women%20in%20Anantapura,%20Bangalore%20&mncatname=Ladies%20Tailors",
"Keerthana Ladies Tailor","60feet Road Sahakara Nagar","08762067573","4.2","7 Ratings","Open until 8:30 pm","https://www.justdial.com/Bangalore/Keerthana-Ladies-Tailor-Next-to-Brahmins-Kitchen-Sahakara-Nagar/080PXX80-XX80-130718144638-W8A7_BZDET?ncatid=10470288&area=Anantapura&search=%20Tailors%20For%20Women%20in%20Anantapura,%20Bangalore%20&mncatname=Ladies%20Tailors",
"Nagamani Ladies Tailors","Bengaluru Shivakote","08050852995","4.0","7 Ratings","Open until 8:00 pm","https://www.justdial.com/Bangalore/Nagamani-Ladies-Tailors-Shivakote/080PXX80-XX80-180307223228-W2I7_BZDET?ncatid=10470288&area=Anantapura&search=%20Tailors%20For%20Women%20in%20Anantapura,%20Bangalore%20&mncatname=Ladies%20Tailors",
"Sadhbhaava Creations A Boutique","F Block Sahakara Nagar","09900533142","3.8","7 Ratings","Open until 9:00 pm10 Years in Business","https://www.justdial.com/Bangalore/Sadhbhaava-Creations-A-Boutique-Below-Bank-Of-Baroda-Sahakara-Nagar/080PXX80-XX80-130701141726-F1X7_BZDET?ncatid=10470288&area=Anantapura&search=%20Tailors%20For%20Women%20in%20Anantapura,%20Bangalore%20&mncatname=Ladies%20Tailors",
"Sl Boutique","Main Road Vidyaranyapura","09066278903","4.9","6 Ratings","Open until 9:00 pm7 Years in Business","https://www.justdial.com/Bangalore/Sl-Boutique-Opposite-Dodabomasandra-Bus-Stop-Vidyaranyapura/080PXX80-XX80-171213100538-E3D3_BZDET?ncatid=10470288&area=Anantapura&search=%20Tailors%20For%20Women%20in%20Anantapura,%20Bangalore%20&mncatname=Ladies%20Tailors",
"AS Boutique","Hebbal Kempapura Hebbal","09663775363","4.6","6 Ratings","Open until 9:30 pm11 Years in Business","https://www.justdial.com/Bangalore/AS-Boutique-At-Nandini-Milk-Parlor-Hebbal/080PXX80-XX80-150905161048-Q5Y6_BZDET?ncatid=10470288&area=Anantapura&search=%20Tailors%20For%20Women%20in%20Anantapura,%20Bangalore%20&mncatname=Ladies%20Tailors",
"Sri Lakshmi Fashions (Boutique)","Shankar Layout Kattigenahalli","08722481167","4.3","6 Ratings","Open until 8:00 pm","https://www.justdial.com/Bangalore/Sri-Lakshmi-Fashions-Boutique-Opposite-to-Yashasvi-Vidyanikethan-Kattenashalli-Bus-Stop-Kattigenahalli/080PXX80-XX80-180308133102-H9U2_BZDET?ncatid=10470288&area=Anantapura&search=%20Tailors%20For%20Women%20in%20Anantapura,%20Bangalore%20&mncatname=Ladies%20Tailors",
"Ms Ladies Tailor","Sanjeevini Nagar","09591221595","3.8","6 Ratings","Open until 7:00 pm8 Years in Business","https://www.justdial.com/Bangalore/Ms-Ladies-Tailor-Sanjeevini-Nagar/080PXX80-XX80-180411155707-H7F9_BZDET?ncatid=10470288&area=Anantapura&search=%20Tailors%20For%20Women%20in%20Anantapura,%20Bangalore%20&mncatname=Ladies%20Tailors",
"D C M Tailors","Abbigere Main Road Abbigere","09342864178","5.0","5 Ratings","Open until 8:30 pm14 Years in Business","https://www.justdial.com/Bangalore/D-C-M-Tailors-Below-Central-Bank-Abbigere/080PXX80-XX80-130808003634-F3U3_BZDET?ncatid=10470288&area=Anantapura&search=%20Tailors%20For%20Women%20in%20Anantapura,%20Bangalore%20&mncatname=Ladies%20Tailors",
"ABC Creation","Block BEL LAYOUT Vidyaranyapura","08023644458","4.2","5 Ratings","Open until 9:00 pm18 Years in Business","https://www.justdial.com/Bangalore/ABC-Creation-Near-Kanthi-Sweets-Vidyaranyapura/080PXX80-XX80-160108133103-V9P7_BZDET?ncatid=10470288&area=Anantapura&search=%20Tailors%20For%20Women%20in%20Anantapura,%20Bangalore%20&mncatname=Ladies%20Tailors",
"Divya Ladies Tailor","Vidyaranyapura","09986429593","4.5","4 Ratings","Open until 9:00 pm30 Years in Business","https://www.justdial.com/Bangalore/Divya-Ladies-Tailor-Near-Dariwal-Glass-Plywood-St-Philomena-School-Opposite-Hello-Kids-Vidyaranyapura/080P149365_BZDET?ncatid=10470288&area=Anantapura&search=%20Tailors%20For%20Women%20in%20Anantapura,%20Bangalore%20&mncatname=Ladies%20Tailors",
"AG AIMAN Boutique","Bagalur Main Road Kattigenahalli","09880528599","4.5","4 Ratings","Open until 10:00 pm7 Years in Business","https://www.justdial.com/Bangalore/AG-AIMAN-Boutique-Opp-All-Mart-Kattigenahalli/080PXX80-XX80-160922132909-J3X8_BZDET?ncatid=10470288&area=Anantapura&search=%20Tailors%20For%20Women%20in%20Anantapura,%20Bangalore%20&mncatname=Ladies%20Tailors",
"Unique Boutique","#5 Church Road Jalahalli","09380637940","4.5","4 Ratings","Open until 8:00 am5 Years in Business","https://www.justdial.com/Bangalore/Unique-Boutique-Near-Mary-Orthodox-Church-Jalahalli/080PXX80-XX80-181001180945-N2D9_BZDET?ncatid=10470288&area=Anantapura&search=%20Tailors%20For%20Women%20in%20Anantapura,%20Bangalore%20&mncatname=Ladies%20Tailors",
"Attrib Boutique Creations","Nagar Main Road Lottegollahalli","08904312253","3.5","4 Ratings","Open until 9:30 pm9 Years in Business","https://www.justdial.com/Bangalore/Attrib-Boutique-Creations-Lottegollahalli/080PXX80-XX80-180807181220-I5J2_BZDET?ncatid=10470288&area=Anantapura&search=%20Tailors%20For%20Women%20in%20Anantapura,%20Bangalore%20&mncatname=Ladies%20Tailors",
"Sri Deepthi Fashions","6th Main Kattigenahalli","08971129726","5.0","3 Ratings","Open until 8:00 pm6 Years in Business","https://www.justdial.com/Bangalore/Sri-Deepthi-Fashions-Near-Nitesh-Appartment-Dwaraka-Nagar-Kattigenahalli/080PXX80-XX80-180706084426-N9P4_BZDET?ncatid=10470288&area=Anantapura&search=%20Tailors%20For%20Women%20in%20Anantapura,%20Bangalore%20&mncatname=Ladies%20Tailors",
"New Rsv Ladies Tailor","Layout Vidyaranyapura","09932379828","5.0","3 Ratings","Open until 8:00 pm16 Years in Business","https://www.justdial.com/Bangalore/New-Rsv-Ladies-Tailor-Chamundeshwari-Bus-Stop-Vidyaranyapura/080PXX80-XX80-121124131613-E4A4_BZDET?ncatid=10470288&area=Anantapura&search=%20Tailors%20For%20Women%20in%20Anantapura,%20Bangalore%20&mncatname=Ladies%20Tailors",
"Soumya Fashion","Main Road Vidyaranyapura","09686944711","4.8","3 Ratings","Open until 9:00 pm10 Years in Business","https://www.justdial.com/Bangalore/Soumya-Fashion-Near-Bloom-Field-Garden-Vidyaranyapura/080PXX80-XX80-121218124933-V7R7_BZDET?ncatid=10470288&area=Anantapura&search=%20Tailors%20For%20Women%20in%20Anantapura,%20Bangalore%20&mncatname=Ladies%20Tailors",
"Namitha Hi Fashion","Main Road Gangamma Circle","08217458271","4.7","3 Ratings","Open until 7:00 pm","https://www.justdial.com/Bangalore/Namitha-Hi-Fashion-Near-Hemagiri-Medicals-Gangamma-Circle/080PXX80-XX80-161230161748-G3X7_BZDET?ncatid=10470288&area=Anantapura&search=%20Tailors%20For%20Women%20in%20Anantapura,%20Bangalore%20&mncatname=Ladies%20Tailors",
"Shilpa Ladies Tailor","4th Cross Amruthahalli","09343403742","4.3","3 Ratings","5 Years in Business","https://www.justdial.com/Bangalore/Shilpa-Ladies-Tailor-Opposite-Old-Police-Station-Amruthahalli/080PXX80-XX80-130308132400-P9J2_BZDET?ncatid=10470288&area=Anantapura&search=%20Tailors%20For%20Women%20in%20Anantapura,%20Bangalore%20&mncatname=Ladies%20Tailors",
"Arushie Ladies Boutique","nagar Main Road Kodigehalli","08022270555","4.2","3 Ratings","Open until 8:30 pm","https://www.justdial.com/Bangalore/Arushie-Ladies-Boutique-HDFC-Bank-Kodigehalli/080PXX80-XX80-130820122916-Z3X6_BZDET?ncatid=10470288&area=Anantapura&search=%20Tailors%20For%20Women%20in%20Anantapura,%20Bangalore%20&mncatname=Ladies%20Tailors",
"Gayathri Ladies Tailor","Dodda Bommasandra","09035611451","3.0","3 Ratings","Open until 9:30 pm","https://www.justdial.com/Bangalore/Gayathri-Ladies-Tailor-4th-Main-Dodda-Bommasandra/080PXX80-XX80-170926122742-B8R5_BZDET?ncatid=10470288&area=Anantapura&search=%20Tailors%20For%20Women%20in%20Anantapura,%20Bangalore%20&mncatname=Ladies%20Tailors",
"Shiva Fashions","Main Road Vidyaranyapura","09986523159","5.0","2 Ratings","Open until 8:30 pm11 Years in Business","https://www.justdial.com/Bangalore/Shiva-Fashions-Opposite-Arya-Super-Market-Opposite-Sri-Chaithanya-College-Vidyaranyapura/080PXX80-XX80-121215123550-X4D1_BZDET?ncatid=10470288&area=Anantapura&search=%20Tailors%20For%20Women%20in%20Anantapura,%20Bangalore%20&mncatname=Ladies%20Tailors",
"Nammoora Angadi","Thindlu Main Road Sahakara Nagar","09663025083","5.0","2 Ratings","Open until 9:00 pm16 Years in Business","https://www.justdial.com/Bangalore/Nammoora-Angadi-Near-Kodigehalli-Railway-Gate-Sahakara-Nagar/080PXX80-XX80-120618225710-R9I5_BZDET?ncatid=10470288&area=Anantapura&search=%20Tailors%20For%20Women%20in%20Anantapura,%20Bangalore%20&mncatname=Ladies%20Tailors",
"Sara Fashion","No. 142/A Amruth Nagar","09731022152","5.0","2 Ratings","Open until 7:30 pm9 Years in Business","https://www.justdial.com/Bangalore/Sara-Fashion-Near-Police-Station-Amruth-Nagar/080PXX80-XX80-160308123620-A5C1_BZDET?ncatid=10470288&area=Anantapura&search=%20Tailors%20For%20Women%20in%20Anantapura,%20Bangalore%20&mncatname=Ladies%20Tailors",
"Navarang Exclusive Showroom","Main Road Kodigehalli","09535374074","4.5","2 Ratings","Open until 9:00 pm","https://www.justdial.com/Bangalore/Navarang-Exclusive-Showroom-Near-Oop-Rajmurali-Theater-Kodigehalli/080PXX80-XX80-171225150611-G1L7_BZDET?ncatid=10470288&area=Anantapura&search=%20Tailors%20For%20Women%20in%20Anantapura,%20Bangalore%20&mncatname=Ladies%20Tailors",
